{"type":"FeatureCollection","name":"PolityLens_ClioPatria_1900","features":[{"type":"Feature","properties":{"Name":"Republic of Ecuador","FromYear":1834,"ToYear":1904,"Area":262830.44671912096,"Type":"POLITY","Wikipedia":"Ecuador","Wikidata":"Q736","SeshatID":"","Components":"","MemberOf":"","DISPLAY_NAME":"Republic of Ecuador","ADMIN_NAME":"Republic of Ecuador","TERRITORIAL_STATUS":"sovereign","TERRITORIAL_STATUS_ZH":"独立政治实体","POLICY_NOTE":"按 ClioPatria 目标年份记录的实际控制几何显示","SOURCE_NAME":"Republic of Ecuador","WIKIPEDIA_URL":"https://en.wikipedia.org/wiki/Ecuador","WIKIDATA_URL":"https://www.wikidata.org/wiki/Q736","SESHAT_URL":"","DATA_SOURCE":"ClioPatria ad28a691","LEADER":"领导人资料待补充","LEADER_SOURCE_URL":""},"geometry":{"type":"MultiPolygon","coordinates":[[[[-75.70661926269531,-0.228637129068375],[-75.41715240478516,-0.421499729156494],[-75.34976959228516,-0.935800075531006],[-75.49612426757812,-1.00008761882782],[-75.94758605957031,-1.964401364326477],[-76.6144027709961,-2.542989730834961],[-77.64118957519531,-2.864427804946899],[-78.1590576171875,-3.185865879058838],[-78.1624984741211,-3.314441204071045],[-78.3845443725586,-3.443016529083252],[-78.61439514160156,-3.828742265701294],[-78.70612335205078,-4.407330989837646],[-79.16448974609375,-4.98591947555542],[-79.45350646972656,-4.921631813049316],[-79.5872573852539,-4.600193977355957],[-80.08814239501953,-4.343043327331543],[-80.52981567382812,-4.47161865234375],[-80.51441192626953,-4.021605014801025],[-80.21687316894531,-3.828742265701294],[-80.27998352050781,-3.507303953170776],[-80.42194366455078,-3.378728866577148],[-80.42013549804688,-3.314441204071045],[-80.1270523071289,-3.250153541564941],[-80.04412841796875,-2.864427804946899],[-80.18976593017578,-2.864427804946899],[-80.19469451904297,-3.05729079246521],[-80.41316223144531,-3.05729079246521],[-80.33069610595703,-2.671565055847168],[-80.54913330078125,-2.671565055847168],[-81.12286376953125,-2.285839319229126],[-81.12015533447266,-2.157264232635498],[-80.90043640136719,-2.092976570129395],[-80.96051788330078,-1.385813117027283],[-80.88673400878906,-1.321525454521179],[-81.03038024902344,-1.192950367927551],[-81.02684020996094,-0.935800075531006],[-80.66131591796875,-0.807224988937378],[-80.58253479003906,-0.228637129068375],[-80.2898941040039,-0.035774555057287],[-80.30448913574219,0.092800483107567],[-80.1581039428711,0.221375524997711],[-80.22835540771484,0.864250957965851],[-79.71869659423828,0.992826044559479],[-79.42747497558594,1.185688734054565],[-79.1363296508789,1.185688734054565],[-78.99090576171875,1.378551483154297],[-78.99101257324219,1.442839026451111],[-78.4085922241211,0.992826044559479],[-77.75392150878906,0.799963414669037],[-77.53621673583984,0.60710072517395],[-77.46466064453125,0.349950581789017],[-76.95600891113281,0.221375524997711],[-76.30024719238281,0.349950581789017],[-76.08361053466797,0.092800483107567],[-75.77804565429688,0.028512962162495],[-75.70563507080078,-0.100062072277069],[-75.70661926269531,-0.228637129068375]]],[[[-89.54338836669922,-1.00008761882782],[-89.68895721435547,-1.00008761882782],[-89.68449401855469,-0.67864990234375],[-89.39421081542969,-0.742937445640564],[-89.39507293701172,-0.807224988937378],[-89.54338836669922,-1.00008761882782]]],[[[-90.62825775146484,-0.485787272453308],[-90.26437377929688,-0.485787272453308],[-90.34123229980469,-0.807224988937378],[-90.63235473632812,-0.807224988937378],[-90.70259094238281,-0.614362359046936],[-90.62981414794922,-0.614362359046936],[-90.62825775146484,-0.485787272453308]]],[[[-91.28482818603516,-0.614362359046936],[-91.42735290527344,-0.35721218585968],[-91.57514190673828,-0.550074815750122],[-91.79195404052734,-0.421499729156494],[-91.71710205078125,-0.228637129068375],[-91.5715560913086,-0.228637129068375],[-91.72994995117188,0.092800483107567],[-91.43885803222656,0.092800483107567],[-91.27864074707031,-0.035774555057287],[-91.20833587646484,-0.292924642562866],[-90.99140930175781,-0.421499729156494],[-90.85160064697266,-0.871512532234192],[-91.07283782958984,-1.064375281333923],[-91.58133697509766,-1.00008761882782],[-91.65412139892578,-1.00008761882782],[-91.65129089355469,-0.807224988937378],[-91.28482818603516,-0.614362359046936]]],[[[-90.9900131225586,-0.292924642562866],[-90.98872375488281,-0.164349600672722],[-90.69825744628906,-0.228637129068375],[-90.62548065185547,-0.228637129068375],[-90.62752532958984,-0.421499729156494],[-90.9900131225586,-0.292924642562866]]]]}},{"type":"Feature","properties":{"Name":"Principality of Andorra","FromYear":1840,"ToYear":1935,"Area":332.50452742783244,"Type":"POLITY","Wikipedia":"Andorra","Wikidata":"Q228","SeshatID":"","Components":"","MemberOf":"","DISPLAY_NAME":"Principality of Andorra","ADMIN_NAME":"Principality of Andorra","TERRITORIAL_STATUS":"sovereign","TERRITORIAL_STATUS_ZH":"独立政治实体","POLICY_NOTE":"按 ClioPatria 目标年份记录的实际控制几何显示","SOURCE_NAME":"Principality of Andorra","WIKIPEDIA_URL":"https://en.wikipedia.org/wiki/Andorra","WIKIDATA_URL":"https://www.wikidata.org/wiki/Q228","SESHAT_URL":"","DATA_SOURCE":"ClioPatria ad28a691","LEADER":"领导人资料待补充","LEADER_SOURCE_URL":""},"geometry":{"type":"Polygon","coordinates":[[[1.488844156265259,42.56119155883789],[1.575427651405334,42.43117141723633],[1.80907130241394,42.56119155883789],[1.72901451587677,42.56119155883789],[1.725796341896057,42.62621307373047],[1.645710229873657,42.62621307373047],[1.565624117851257,42.62621307373047],[1.485537886619568,42.62621307373047],[1.488844156265259,42.56119155883789]]]}},{"type":"Feature","properties":{"Name":"Republic of Costa Rica","FromYear":1840,"ToYear":1904,"Area":55944.488066805956,"Type":"POLITY","Wikipedia":"Costa Rica","Wikidata":"Q800","SeshatID":"cr_costa_rica_rep","Components":"","MemberOf":"","DISPLAY_NAME":"Republic of Costa Rica","ADMIN_NAME":"Republic of Costa Rica","TERRITORIAL_STATUS":"sovereign","TERRITORIAL_STATUS_ZH":"独立政治实体","POLICY_NOTE":"按 ClioPatria 目标年份记录的实际控制几何显示","SOURCE_NAME":"Republic of Costa Rica","WIKIPEDIA_URL":"https://en.wikipedia.org/wiki/Costa_Rica","WIKIDATA_URL":"https://www.wikidata.org/wiki/Q800","SESHAT_URL":"https://seshat-db.com/core/polity/cr_costa_rica_rep","DATA_SOURCE":"ClioPatria ad28a691","LEADER":"领导人资料待补充","LEADER_SOURCE_URL":""},"geometry":{"type":"Polygon","coordinates":[[[-83.5647201538086,10.7002534866333],[-83.56965637207031,10.764540672302246],[-83.57463073730469,10.828827857971191],[-83.93048858642578,10.7002534866333],[-84.46790313720703,11.021690368652344],[-85.12129211425781,10.957403182983398],[-85.35652160644531,11.15026569366455],[-85.71714782714844,11.085978507995605],[-85.71188354492188,11.021690368652344],[-85.8530044555664,10.957403182983398],[-85.83755493164062,10.764540672302246],[-85.68115997314453,10.635965347290039],[-85.88573455810547,10.443102836608887],[-85.77926635742188,9.993090629577637],[-85.47767639160156,9.86451530456543],[-85.24056243896484,9.607365608215332],[-84.8795166015625,9.671652793884277],[-84.90196228027344,9.993090629577637],[-84.82884979248047,9.993090629577637],[-84.57417297363281,9.478790283203125],[-84.2818603515625,9.478790283203125],[-84.12311553955078,9.285927772521973],[-83.67251586914062,9.09306526184082],[-83.58760070800781,8.900202751159668],[-83.72593688964844,8.771627426147461],[-83.70719146728516,8.450189590454102],[-83.26184844970703,8.321614265441895],[-83.27642059326172,8.578764915466309],[-83.2033920288086,8.578764915466309],[-83.1158218383789,8.321614265441895],[-83.04280853271484,8.321614265441895],[-82.83094024658203,8.450189590454102],[-82.78797912597656,8.964489936828613],[-82.88921356201172,9.41450309753418],[-82.60948944091797,9.607365608215332],[-82.6137466430664,9.671652793884277],[-83.23410034179688,10.185953140258789],[-83.49156188964844,10.7002534866333],[-83.5647201538086,10.7002534866333]]]}},{"type":"Feature","properties":{"Name":"Republic of El Salvador","FromYear":1840,"ToYear":1978,"Area":21707.778475223557,"Type":"POLITY","Wikipedia":"El Salvador","Wikidata":"Q792","SeshatID":"","Components":"","MemberOf":"","DISPLAY_NAME":"Republic of El Salvador","ADMIN_NAME":"Republic of El Salvador","TERRITORIAL_STATUS":"sovereign","TERRITORIAL_STATUS_ZH":"独立政治实体","POLICY_NOTE":"按 ClioPatria 目标年份记录的实际控制几何显示","SOURCE_NAME":"Republic of El Salvador","WIKIPEDIA_URL":"https://en.wikipedia.org/wiki/El_Salvador","WIKIDATA_URL":"https://www.wikidata.org/wiki/Q792","SESHAT_URL":"","DATA_SOURCE":"ClioPatria ad28a691","LEADER":"领导人资料待补充","LEADER_SOURCE_URL":""},"geometry":{"type":"Polygon","coordinates":[[[-87.68849182128906,13.336042404174805],[-87.71662902832031,13.593193054199219],[-87.64325714111328,13.593193054199219],[-87.74554443359375,13.850343704223633],[-88.4869384765625,13.914630889892578],[-88.89965057373047,14.300357818603516],[-89.28255462646484,14.428933143615723],[-89.42945861816406,14.428933143615723],[-89.67656707763672,14.043206214904785],[-89.96260833740234,13.97891902923584],[-90.07937622070312,13.721768379211426],[-90.07199096679688,13.657480239868164],[-89.75666809082031,13.464617729187012],[-89.24311828613281,13.464617729187012],[-88.84818267822266,13.207467079162598],[-87.74122619628906,13.143178939819336],[-87.7618408203125,13.336042404174805],[-87.68849182128906,13.336042404174805]]]}},{"type":"Feature","properties":{"Name":"Guatemala","FromYear":1842,"ToYear":1912,"Area":109055.80264424613,"Type":"POLITY","Wikipedia":"Guatemala","Wikidata":"Q774","SeshatID":"","Components":"","MemberOf":"","DISPLAY_NAME":"Guatemala","ADMIN_NAME":"Guatemala","TERRITORIAL_STATUS":"sovereign","TERRITORIAL_STATUS_ZH":"独立政治实体","POLICY_NOTE":"按 ClioPatria 目标年份记录的实际控制几何显示","SOURCE_NAME":"Guatemala","WIKIPEDIA_URL":"https://en.wikipedia.org/wiki/Guatemala","WIKIDATA_URL":"https://www.wikidata.org/wiki/Q774","SESHAT_URL":"","DATA_SOURCE":"ClioPatria ad28a691","LEADER":"领导人资料待补充","LEADER_SOURCE_URL":""},"geometry":{"type":"Polygon","coordinates":[[[-88.81562042236328,15.907554626464844],[-89.11003112792969,15.907554626464844],[-89.10779571533203,17.38617706298828],[-89.03401947021484,17.38617706298828],[-89.16804504394531,17.77190399169922],[-90.93962097167969,17.77190399169922],[-90.94193267822266,17.321889877319336],[-91.06930541992188,17.193313598632812],[-91.29054260253906,17.193313598632812],[-91.27049255371094,17.06473731994629],[-90.62174987792969,16.67901039123535],[-90.33399200439453,16.228994369506836],[-90.52691650390625,16.036130905151367],[-91.63116455078125,16.036130905151367],[-92.11934661865234,15.328963279724121],[-92.01072692871094,15.07181167602539],[-92.23703002929688,14.55750846862793],[-92.22880554199219,14.493220329284668],[-91.3497085571289,13.914630889892578],[-90.46885681152344,13.914630889892578],[-90.15276336669922,13.721768379211426],[-90.07937622070312,13.721768379211426],[-89.96260833740234,13.97891902923584],[-89.67656707763672,14.043206214904785],[-89.42945861816406,14.428933143615723],[-89.28255462646484,14.428933143615723],[-89.0941390991211,14.686083793640137],[-89.13525390625,15.007523536682129],[-88.93150329589844,15.136098861694336],[-88.85798645019531,15.136098861694336],[-88.33849334716797,15.650403022766113],[-88.19134521484375,15.650403022766113],[-88.20897674560547,15.77897834777832],[-88.21786499023438,15.843266487121582],[-88.74201202392578,15.907554626464844],[-88.81562042236328,15.907554626464844]]]}},{"type":"Feature","properties":{"Name":"Kedah-Perlis District","FromYear":1842,"ToYear":1907,"Area":1979.14180579464,"Type":"POLITY","Wikipedia":"Perlis","Wikidata":"Q213467","SeshatID":"","Components":"","MemberOf":"","DISPLAY_NAME":"Kedah-Perlis District","ADMIN_NAME":"Kedah-Perlis District","TERRITORIAL_STATUS":"sovereign","TERRITORIAL_STATUS_ZH":"独立政治实体","POLICY_NOTE":"按 ClioPatria 目标年份记录的实际控制几何显示","SOURCE_NAME":"Kedah-Perlis District","WIKIPEDIA_URL":"https://en.wikipedia.org/wiki/Perlis","WIKIDATA_URL":"https://www.wikidata.org/wiki/Q213467","SESHAT_URL":"","DATA_SOURCE":"ClioPatria ad28a691","LEADER":"领导人资料待补充","LEADER_SOURCE_URL":""},"geometry":{"type":"MultiPolygon","coordinates":[[[[99.6510238647461,6.328698635101318],[99.58204650878906,6.392985820770264],[99.88172912597656,6.521561145782471],[99.8658676147461,6.264410972595215],[99.64710235595703,6.264410972595215],[99.6510238647461,6.328698635101318]]],[[[100.08071899414062,6.200123310089111],[100.08462524414062,6.264410972595215],[100.08856201171875,6.328698635101318],[100.01564025878906,6.328698635101318],[100.01959991455078,6.392985820770264],[100.0235824584961,6.457273483276367],[100.027587890625,6.521561145782471],[100.32742309570312,6.650136470794678],[100.46517944335938,6.521561145782471],[100.15363311767578,6.200123310089111],[100.08071899414062,6.200123310089111]]]]}},{"type":"Feature","properties":{"Name":"Kingdom of Monaco","FromYear":1848,"ToYear":1935,"Area":94.1092938415935,"Type":"POLITY","Wikipedia":"Monaco","Wikidata":"Q235","SeshatID":"","Components":"","MemberOf":"","DISPLAY_NAME":"Kingdom of Monaco","ADMIN_NAME":"Kingdom of Monaco","TERRITORIAL_STATUS":"sovereign","TERRITORIAL_STATUS_ZH":"独立政治实体","POLICY_NOTE":"按 ClioPatria 目标年份记录的实际控制几何显示","SOURCE_NAME":"Kingdom of Monaco","WIKIPEDIA_URL":"https://en.wikipedia.org/wiki/Monaco","WIKIDATA_URL":"https://www.wikidata.org/wiki/Q235","SESHAT_URL":"","DATA_SOURCE":"ClioPatria ad28a691","LEADER":"领导人资料待补充","LEADER_SOURCE_URL":""},"geometry":{"type":"Polygon","coordinates":[[[7.150246143341064,43.73301696777344],[7.151541233062744,43.6678352355957],[7.152831554412842,43.6026611328125],[7.2333664894104,43.6026611328125],[7.232106685638428,43.6678352355957],[7.230842113494873,43.73301696777344],[7.150246143341064,43.73301696777344]]]}},{"type":"Feature","properties":{"Name":"Bali","FromYear":1849,"ToYear":1904,"Area":3773.3416020452532,"Type":"POLITY","Wikipedia":"Bali","Wikidata":"Q3125978","SeshatID":"","Components":"","MemberOf":"","DISPLAY_NAME":"Bali","ADMIN_NAME":"Bali","TERRITORIAL_STATUS":"sovereign","TERRITORIAL_STATUS_ZH":"独立政治实体","POLICY_NOTE":"按 ClioPatria 目标年份记录的实际控制几何显示","SOURCE_NAME":"Bali","WIKIPEDIA_URL":"https://en.wikipedia.org/wiki/Bali","WIKIDATA_URL":"https://www.wikidata.org/wiki/Q3125978","SESHAT_URL":"","DATA_SOURCE":"ClioPatria ad28a691","LEADER":"领导人资料待补充","LEADER_SOURCE_URL":""},"geometry":{"type":"Polygon","coordinates":[[[115.53340148925781,-8.200301170349121],[115.63054656982422,-8.52173900604248],[115.3433609008789,-8.586026191711426],[115.07627868652344,-8.907464027404785],[114.93019104003906,-8.907464027404785],[114.983154296875,-8.650314331054688],[114.83216094970703,-8.586026191711426],[114.8272705078125,-8.52173900604248],[114.81758880615234,-8.393163681030273],[115.46038818359375,-8.200301170349121],[115.53340148925781,-8.200301170349121]]]}},{"type":"Feature","properties":{"Name":"Dominican Republic","FromYear":1865,"ToYear":1915,"Area":52641.011931225374,"Type":"POLITY","Wikipedia":"Dominican Republic","Wikidata":"Q786","SeshatID":"","Components":"","MemberOf":"","DISPLAY_NAME":"Dominican Republic","ADMIN_NAME":"Dominican Republic","TERRITORIAL_STATUS":"sovereign","TERRITORIAL_STATUS_ZH":"独立政治实体","POLICY_NOTE":"按 ClioPatria 目标年份记录的实际控制几何显示","SOURCE_NAME":"Dominican Republic","WIKIPEDIA_URL":"https://en.wikipedia.org/wiki/Dominican_Republic","WIKIDATA_URL":"https://www.wikidata.org/wiki/Q786","SESHAT_URL":"","DATA_SOURCE":"ClioPatria ad28a691","LEADER":"领导人资料待补充","LEADER_SOURCE_URL":""},"geometry":{"type":"Polygon","coordinates":[[[-69.44619750976562,19.379087448120117],[-69.07612609863281,19.379087448120117],[-69.05908966064453,19.25051498413086],[-69.48600769042969,19.12194061279297],[-68.5814208984375,18.993366241455078],[-68.56468963623047,18.864791870117188],[-68.24402618408203,18.67193031311035],[-68.28504180908203,18.414779663085938],[-68.43283081054688,18.414779663085938],[-68.55606079101562,18.2219181060791],[-69.09786987304688,18.414779663085938],[-69.83680725097656,18.414779663085938],[-69.95960235595703,18.2219181060791],[-70.5505599975586,18.2219181060791],[-70.56732940673828,18.350492477416992],[-70.71510314941406,18.350492477416992],[-70.99378204345703,18.2219181060791],[-71.27989196777344,17.57904052734375],[-71.59156799316406,17.707616806030273],[-71.69873046875,17.964767456054688],[-71.7071304321289,18.029054641723633],[-71.66710662841797,18.286205291748047],[-71.93164825439453,18.607641220092773],[-71.71852111816406,18.67193031311035],[-71.67056274414062,18.864791870117188],[-71.7445068359375,18.864791870117188],[-71.76193237304688,18.993366241455078],[-71.56623077392578,19.186227798461914],[-71.71976470947266,19.764808654785156],[-71.72867584228516,19.8290958404541],[-71.67244720458984,19.95766830444336],[-70.78340911865234,19.95766830444336],[-70.22978973388672,19.700523376464844],[-69.8595199584961,19.700523376464844],[-69.74224853515625,19.379087448120117],[-69.43762969970703,19.314802169799805],[-69.44619750976562,19.379087448120117]]]}},{"type":"Feature","properties":{"Name":"Empire of Haiti","FromYear":1865,"ToYear":1914,"Area":31292.055208037345,"Type":"POLITY","Wikipedia":"First Empire of Haiti","Wikidata":"Q2006756","SeshatID":"","Components":"","MemberOf":"","DISPLAY_NAME":"Empire of Haiti","ADMIN_NAME":"Empire of Haiti","TERRITORIAL_STATUS":"sovereign","TERRITORIAL_STATUS_ZH":"独立政治实体","POLICY_NOTE":"按 ClioPatria 目标年份记录的实际控制几何显示","SOURCE_NAME":"Empire of Haiti","WIKIPEDIA_URL":"https://en.wikipedia.org/wiki/First_Empire_of_Haiti","WIKIDATA_URL":"https://www.wikidata.org/wiki/Q2006756","SESHAT_URL":"","DATA_SOURCE":"ClioPatria ad28a691","LEADER":"领导人资料待补充","LEADER_SOURCE_URL":""},"geometry":{"type":"MultiPolygon","coordinates":[[[[-72.90132904052734,18.67193031311035],[-73.29744720458984,18.864791870117188],[-73.31520080566406,18.993366241455078],[-72.78861236572266,18.929079055786133],[-72.67955017089844,18.67193031311035],[-72.82740020751953,18.67193031311035],[-72.90132904052734,18.67193031311035]]],[[[-71.67056274414062,18.864791870117188],[-71.71852111816406,18.67193031311035],[-71.93164825439453,18.607641220092773],[-71.66710662841797,18.286205291748047],[-71.7071304321289,18.029054641723633],[-71.78097534179688,18.029054641723633],[-72.10183715820312,18.2219181060791],[-73.65311431884766,18.2219181060791],[-73.70099639892578,18.029054641723633],[-73.92253875732422,18.029054641723633],[-74.17896270751953,18.286205291748047],[-74.40059661865234,18.286205291748047],[-74.4448471069336,18.607641220092773],[-74.09303283691406,18.736217498779297],[-73.92742156982422,18.607641220092773],[-73.48391723632812,18.607641220092773],[-73.1707534790039,18.479066848754883],[-72.30123901367188,18.607641220092773],[-72.71465301513672,18.929079055786133],[-72.79470825195312,19.507661819458008],[-73.40503692626953,19.6362361907959],[-73.43228912353516,19.8290958404541],[-73.22825622558594,19.95766830444336],[-72.63556671142578,19.95766830444336],[-72.39530944824219,19.8290958404541],[-71.79383087158203,19.764808654785156],[-71.71976470947266,19.764808654785156],[-71.56623077392578,19.186227798461914],[-71.76193237304688,18.993366241455078],[-71.7445068359375,18.864791870117188],[-71.67056274414062,18.864791870117188]]]]}},{"type":"Feature","properties":{"Name":"Republic of Colombia","FromYear":1866,"ToYear":1904,"Area":1223347.7126842432,"Type":"POLITY","Wikipedia":"Colombia","Wikidata":"Q739","SeshatID":"","Components":"","MemberOf":"","DISPLAY_NAME":"Republic of Colombia","ADMIN_NAME":"Republic of Colombia","TERRITORIAL_STATUS":"sovereign","TERRITORIAL_STATUS_ZH":"独立政治实体","POLICY_NOTE":"按 ClioPatria 目标年份记录的实际控制几何显示","SOURCE_NAME":"Republic of Colombia","WIKIPEDIA_URL":"https://en.wikipedia.org/wiki/Colombia","WIKIDATA_URL":"https://www.wikidata.org/wiki/Q739","SESHAT_URL":"","DATA_SOURCE":"ClioPatria ad28a691","LEADER":"领导人资料待补充","LEADER_SOURCE_URL":""},"geometry":{"type":"MultiPolygon","coordinates":[[[[-67.19925689697266,1.249976277351379],[-67.27214813232422,1.892852187156677],[-67.4910659790039,2.085714817047119],[-67.85428619384766,1.76427698135376],[-68.29130554199219,1.892852187156677],[-68.43656158447266,1.699989318847656],[-69.9652328491211,1.699989318847656],[-69.96525573730469,1.185688734054565],[-69.8199462890625,1.057113647460938],[-69.38323974609375,1.057113647460938],[-69.23804473876953,0.928538501262665],[-69.31187438964844,0.671388268470764],[-69.82133483886719,0.671388268470764],[-70.03998565673828,0.60710072517395],[-70.18663787841797,0.414238125085831],[-70.10391998291016,-0.35721218585968],[-69.95836639404297,-0.35721218585968],[-69.6694564819336,-0.614362359046936],[-69.67201232910156,-0.871512532234192],[-69.4565658569336,-1.128662824630737],[-69.85124206542969,-2.928715467453003],[-70.21250915527344,-2.800140142440796],[-70.35277557373047,-2.542989730834961],[-70.78707885742188,-2.414414644241333],[-70.857421875,-2.285839319229126],[-71.22144317626953,-2.285839319229126],[-71.44233703613281,-2.414414644241333],[-71.65705871582031,-2.221551656723022],[-71.87547302246094,-2.221551656723022],[-72.39144134521484,-2.542989730834961],[-73.11690521240234,-2.414414644241333],[-73.182373046875,-2.028688907623291],[-73.54194641113281,-1.771538615226746],[-73.6097412109375,-1.450100660324097],[-74.33158111572266,-1.00008761882782],[-74.61660766601562,-0.421499729156494],[-74.90560150146484,-0.164349600672722],[-75.70563507080078,-0.100062072277069],[-75.77804565429688,0.028512962162495],[-76.08361053466797,0.092800483107567],[-76.30024719238281,0.349950581789017],[-76.95600891113281,0.221375524997711],[-77.46466064453125,0.349950581789017],[-77.53621673583984,0.60710072517395],[-77.75392150878906,0.799963414669037],[-78.4085922241211,0.992826044559479],[-78.99101257324219,1.442839026451111],[-78.99114227294922,1.507126569747925],[-79.13688659667969,1.571414232254028],[-79.13754272460938,1.76427698135376],[-78.70103454589844,1.828564524650574],[-78.77699279785156,2.342865228652954],[-78.4874038696289,2.535728216171265],[-77.90552520751953,2.600015640258789],[-77.76564025878906,3.114316701889038],[-77.26336669921875,3.628617763519287],[-77.26665496826172,3.821480512619019],[-77.4123306274414,3.821480512619019],[-77.56282806396484,4.078630924224854],[-77.56674194335938,4.271493911743164],[-77.4210433959961,4.271493911743164],[-77.53081512451172,5.685822010040283],[-77.31619262695312,5.81439733505249],[-77.54344177246094,6.071547985076904],[-77.41372680664062,6.521561145782471],[-77.725830078125,7.035862445831299],[-78.33206939697266,7.550163269042969],[-78.49637603759766,7.935888767242432],[-78.5060043334961,8.128751754760742],[-78.2869873046875,8.128751754760742],[-78.23062133789062,8.450189590454102],[-78.522705078125,8.450189590454102],[-78.52961730957031,8.578764915466309],[-79.0625,8.964489936828613],[-79.6431655883789,8.900202751159668],[-79.7675552368164,8.514476776123047],[-79.97621154785156,8.321614265441895],[-80.4108657836914,8.25732707977295],[-80.32125091552734,7.935888767242432],[-80.01974487304688,7.743025779724121],[-80.0045394897461,7.421587944030762],[-80.3664321899414,7.357300281524658],[-80.5766372680664,7.164437294006348],[-80.9414291381836,7.164437294006348],[-81.04794311523438,7.871601104736328],[-81.18123626708984,7.614450931549072],[-81.47315216064453,7.614450931549072],[-81.94063568115234,8.193038940429688],[-82.232666015625,8.193038940429688],[-82.38568115234375,8.321614265441895],[-82.81673431396484,8.193038940429688],[-83.03926086425781,8.25732707977295],[-83.04280853271484,8.321614265441895],[-82.83094024658203,8.450189590454102],[-82.78797912597656,8.964489936828613],[-82.88921356201172,9.41450309753418],[-82.60948944091797,9.607365608215332],[-82.5363998413086,9.607365608215332],[-82.30876159667969,9.478790283203125],[-82.20748138427734,9.028778076171875],[-81.83834838867188,8.964489936828613],[-81.92312622070312,9.157352447509766],[-81.77700805664062,9.157352447509766],[-81.46550750732422,8.835914611816406],[-81.02725982666016,8.835914611816406],[-80.53499603271484,9.157352447509766],[-79.95831298828125,9.285927772521973],[-79.68607330322266,9.607365608215332],[-78.95521545410156,9.607365608215332],[-78.94718170166016,9.478790283203125],[-78.50871276855469,9.478790283203125],[-77.98551940917969,9.285927772521973],[-77.7439956665039,8.900202751159668],[-77.5141830444336,8.707340240478516],[-77.29507446289062,8.707340240478516],[-77.1319580078125,8.385902404785156],[-76.8301010131836,8.193038940429688],[-76.92643737792969,8.643052101135254],[-76.29025268554688,9.028778076171875],[-76.09332275390625,9.41450309753418],[-75.65867614746094,9.478790283203125],[-75.63796997070312,10.314528465270996],[-75.4959716796875,10.378815650939941],[-75.5777359008789,10.507390975952148],[-75.44463348388672,10.7002534866333],[-75.22962188720703,10.764540672302246],[-75.23863220214844,10.893115997314453],[-74.96434783935547,11.15026569366455],[-74.52061462402344,11.085978507995605],[-74.36063385009766,10.893115997314453],[-74.17333221435547,11.343128204345703],[-73.15324401855469,11.407415390014648],[-72.81107330322266,11.728853225708008],[-72.23989868164062,11.92171573638916],[-72.19175720214844,12.24315357208252],[-71.90381622314453,12.307440757751465],[-71.84087371826172,12.436016082763672],[-71.32791900634766,12.436016082763672],[-71.09784698486328,12.307440757751465],[-71.07292938232422,11.986002922058105],[-71.27811431884766,11.793140411376953],[-71.9228286743164,11.6002779006958],[-71.91812133789062,11.535990715026855],[-72.06454467773438,11.535990715026855],[-72.12379455566406,11.343128204345703],[-72.67779541015625,10.893115997314453],[-72.93220520019531,10.314528465270996],[-72.97357940673828,9.800228118896484],[-73.30924987792969,9.285927772521973],[-73.22905731201172,9.157352447509766],[-73.01341247558594,9.221640586853027],[-72.707275390625,8.964489936828613],[-72.61437225341797,8.578764915466309],[-72.46512603759766,8.514476776123047],[-72.45573425292969,8.321614265441895],[-72.30361938476562,8.193038940429688],[-72.50505828857422,7.807313442230225],[-72.49125671386719,7.485875606536865],[-72.11595916748047,7.228724956512451],[-71.96011352539062,6.971574783325195],[-70.50348663330078,7.035862445831299],[-70.06107330322266,6.907287120819092],[-69.75811004638672,6.585848808288574],[-69.67677307128906,6.328698635101318],[-69.52890014648438,6.264410972595215],[-69.52494049072266,6.135835647583008],[-69.3771743774414,6.071547985076904],[-68.28536987304688,6.135835647583008],[-67.99756622314453,6.264410972595215],[-67.48519897460938,6.200123310089111],[-67.61492156982422,5.62153434753418],[-67.82872009277344,5.428671360015869],[-67.82112121582031,5.10723352432251],[-67.89399719238281,5.10723352432251],[-67.80135345458984,4.078630924224854],[-67.72463989257812,3.821480512619019],[-67.4306869506836,3.628617763519287],[-67.42687225341797,3.30717945098877],[-67.86062622070312,2.985741376876831],[-67.85952758789062,2.857166290283203],[-67.3475570678711,2.535728216171265],[-67.12626647949219,1.699989318847656],[-66.98062133789062,1.507126569747925],[-67.05368041992188,1.249976277351379],[-67.19925689697266,1.249976277351379]]],[[[-81.60688018798828,7.357300281524658],[-81.89875030517578,7.357300281524658],[-81.91102600097656,7.614450931549072],[-81.69523620605469,7.678738594055176],[-81.68589782714844,7.485875606536865],[-81.61293029785156,7.485875606536865],[-81.60688018798828,7.357300281524658]]],[[[-79.02702331542969,8.321614265441895],[-78.96083068847656,8.450189590454102],[-78.81478881835938,8.450189590454102],[-78.80462646484375,8.25732707977295],[-78.87763977050781,8.25732707977295],[-79.02702331542969,8.321614265441895]]]]}},{"type":"Feature","properties":{"Name":"Oriental Republic of Uruguay","FromYear":1866,"ToYear":2023,"Area":180732.50513965983,"Type":"POLITY","Wikipedia":"Uruguay","Wikidata":"Q77","SeshatID":"","Components":"","MemberOf":"","DISPLAY_NAME":"Oriental Republic of Uruguay","ADMIN_NAME":"Oriental Republic of Uruguay","TERRITORIAL_STATUS":"sovereign","TERRITORIAL_STATUS_ZH":"独立政治实体","POLICY_NOTE":"按 ClioPatria 目标年份记录的实际控制几何显示","SOURCE_NAME":"Oriental Republic of Uruguay","WIKIPEDIA_URL":"https://en.wikipedia.org/wiki/Uruguay","WIKIDATA_URL":"https://www.wikidata.org/wiki/Q77","SESHAT_URL":"","DATA_SOURCE":"ClioPatria ad28a691","LEADER":"领导人资料待补充","LEADER_SOURCE_URL":""},"geometry":{"type":"Polygon","coordinates":[[[-53.526676177978516,-33.78611755371094],[-53.67923355102539,-33.46461868286133],[-53.572113037109375,-33.014583587646484],[-53.2823600769043,-32.757450103759766],[-53.52898406982422,-32.50033187866211],[-53.6818962097168,-32.50033187866211],[-53.714080810546875,-32.30750274658203],[-54.02283477783203,-31.98613739013672],[-54.45155334472656,-31.857595443725586],[-54.746124267578125,-31.47197914123535],[-55.38852310180664,-31.2791748046875],[-55.683658599853516,-30.893569946289062],[-55.8498649597168,-30.95783805847168],[-55.878326416015625,-31.08637237548828],[-56.10655212402344,-31.08637237548828],[-56.11153793334961,-30.76503562927246],[-56.35932922363281,-30.50796127319336],[-56.71104049682617,-30.379423141479492],[-56.88331985473633,-30.12234115600586],[-57.759498596191406,-30.315153121948242],[-57.939598083496094,-30.443693161010742],[-58.12812423706055,-31.60051727294922],[-58.05191421508789,-31.60051727294922],[-58.32753372192383,-32.114681243896484],[-58.22179412841797,-32.30750274658203],[-58.33317565917969,-32.757450103759766],[-58.21233367919922,-32.88601303100586],[-58.26103591918945,-33.07887268066406],[-58.43064880371094,-33.143157958984375],[-58.63106918334961,-33.91472625732422],[-58.468658447265625,-34.17197036743164],[-58.39171600341797,-34.17197036743164],[-58.09275436401367,-34.49356460571289],[-57.3994026184082,-34.49356460571289],[-57.125370025634766,-34.62221908569336],[-57.08256912231445,-34.75088119506836],[-56.559810638427734,-34.815216064453125],[-56.379703521728516,-35.008235931396484],[-56.03681564331055,-34.879554748535156],[-54.8189811706543,-34.94389343261719],[-54.02592849731445,-34.557891845703125],[-53.714263916015625,-34.23628616333008],[-53.54233932495117,-33.85042190551758],[-53.526676177978516,-33.78611755371094]]]}},{"type":"Feature","properties":{"Name":"Netherlands","FromYear":1871,"ToYear":1916,"Area":40722.72795836938,"Type":"POLITY","Wikipedia":"Netherlands","Wikidata":"Q55","SeshatID":"nl_dutch_emp_2","Components":"","MemberOf":"(Netherlands)","DISPLAY_NAME":"Netherlands","ADMIN_NAME":"Netherlands","TERRITORIAL_STATUS":"metropole","TERRITORIAL_STATUS_ZH":"宗主国本土","POLICY_NOTE":"宗主国本土","SOURCE_NAME":"Netherlands","WIKIPEDIA_URL":"https://en.wikipedia.org/wiki/Netherlands","WIKIDATA_URL":"https://www.wikidata.org/wiki/Q55","SESHAT_URL":"https://seshat-db.com/core/polity/nl_dutch_emp_2","DATA_SOURCE":"ClioPatria ad28a691","LEADER":"领导人资料待补充","LEADER_SOURCE_URL":""},"geometry":{"type":"MultiPolygon","coordinates":[[[[6.166939258575439,49.98000717163086],[6.338570117950439,49.84712600708008],[6.348425388336182,49.51522445678711],[6.099801540374756,49.44889450073242],[5.84482479095459,49.58156967163086],[5.74549674987793,50.04647445678711],[6.076801300048828,50.17946243286133],[6.078903675079346,50.11296081542969],[6.162819862365723,50.11296081542969],[6.164880752563477,50.04647445678711],[6.166939258575439,49.98000717163086]]],[[[6.779329299926758,52.18334197998047],[6.781125068664551,52.11625671386719],[6.695963382720947,52.11625671386719],[6.697800159454346,52.0491943359375],[6.612682342529297,52.0491943359375],[6.614560127258301,51.98215103149414],[6.533320903778076,51.84812545776367],[5.938404083251953,51.84812545776367],[5.942830562591553,51.71418380737305],[6.203768730163574,51.51342010498047],[5.960404872894287,51.17921447753906],[5.975620746612549,50.71213912963867],[5.720504760742188,50.77880859375],[5.706711769104004,51.17921447753906],[5.619794845581055,51.24601745605469],[5.365976333618164,51.24601745605469],[5.019589424133301,51.44654083251953],[4.341732025146484,51.44654083251953],[4.01227855682373,51.24601745605469],[3.504641532897949,51.24601745605469],[3.409677743911743,51.44654083251953],[3.494410037994385,51.44654083251953],[3.575759172439575,51.51342010498047],[3.40621018409729,51.51342010498047],[3.399252653121948,51.64724349975586],[3.738690614700317,51.64724349975586],[3.647099733352661,51.78114318847656],[3.81699013710022,51.78114318847656],[3.810401916503906,51.91512680053711],[3.980464458465576,51.91512680053711],[3.974021434783936,52.0491943359375],[4.384479522705078,52.38472366333008],[4.534325122833252,52.85536575317383],[4.702715873718262,52.92268753051758],[4.608114719390869,53.124786376953125],[4.691011905670166,53.192195892333984],[4.862768650054932,53.192195892333984],[4.785540580749512,52.99003219604492],[5.056382656097412,52.653533935546875],[5.136557102203369,52.78806686401367],[5.390830039978027,52.85536575317383],[5.385728359222412,52.99003219604492],[5.20894193649292,53.124786376953125],[5.542333602905273,53.39456558227539],[6.742867469787598,53.52959060668945],[7.093948841094971,53.25962829589844],[7.179872989654541,53.25962829589844],[7.021557331085205,52.720787048339844],[6.68117618560791,52.653533935546875],[6.68488883972168,52.51908493041992],[6.944602489471436,52.38472366333008],[6.864534378051758,52.18334197998047],[6.779329299926758,52.18334197998047]]]]}},{"type":"Feature","properties":{"Name":"Denmark-Norway","FromYear":1871,"ToYear":1921,"Area":160323.4052214384,"Type":"POLITY","Wikipedia":"Denmark-Norway","Wikidata":"Q62651","SeshatID":"","Components":"","MemberOf":"","DISPLAY_NAME":"Denmark-Norway","ADMIN_NAME":"Denmark-Norway","TERRITORIAL_STATUS":"sovereign","TERRITORIAL_STATUS_ZH":"独立政治实体","POLICY_NOTE":"按 ClioPatria 目标年份记录的实际控制几何显示","SOURCE_NAME":"Denmark-Norway","WIKIPEDIA_URL":"https://en.wikipedia.org/wiki/Denmark-Norway","WIKIDATA_URL":"https://www.wikidata.org/wiki/Q62651","SESHAT_URL":"","DATA_SOURCE":"ClioPatria ad28a691","LEADER":"领导人资料待补充","LEADER_SOURCE_URL":""},"geometry":{"type":"MultiPolygon","coordinates":[[[[15.069417953491211,55.021148681640625],[14.636160850524902,55.089229583740234],[14.64396858215332,55.29362487792969],[14.990630149841309,55.225467681884766],[15.077948570251465,55.225467681884766],[15.069417953491211,55.021148681640625]]],[[[10.97249698638916,55.021148681640625],[11.66806411743164,54.88506317138672],[11.670741081237793,55.089229583740234],[11.497906684875488,55.225467681884766],[10.974503517150879,55.29362487792969],[11.064117431640625,55.56651306152344],[10.889443397521973,55.63479995727539],[10.890382766723633,55.77145767211914],[11.241952896118164,55.83982467651367],[11.331932067871094,56.04508590698242],[11.595718383789062,56.04508590698242],[11.768598556518555,55.83982467651367],[11.860556602478027,56.11355972290039],[12.477840423583984,56.182064056396484],[12.56440258026123,56.11355972290039],[12.555678367614746,55.70311737060547],[12.202529907226562,55.56651306152344],[12.375022888183594,55.430015563964844],[12.371088027954102,55.225467681884766],[12.107980728149414,55.15733337402344],[12.101152420043945,54.74907684326172],[11.665419578552246,54.681121826171875],[11.578496932983398,54.681121826171875],[10.88355827331543,54.74907684326172],[10.97249698638916,55.021148681640625]]],[[[10.452422142028809,55.97663879394531],[10.62817668914795,55.97663879394531],[10.627213478088379,55.77145767211914],[10.539490699768066,55.77145767211914],[10.364044189453125,55.77145767211914],[10.452422142028809,55.97663879394531]]],[[[10.36523151397705,56.25059127807617],[10.277146339416504,56.25059127807617],[10.276667594909668,55.97663879394531],[9.925338745117188,55.83982467651367],[9.925520896911621,55.70311737060547],[9.750177383422852,55.70311737060547],[9.750565528869629,55.56651306152344],[10.626581192016602,55.63479995727539],[10.625955581665039,55.498252868652344],[10.800582885742188,55.430015563964844],[10.798959732055664,55.15733337402344],[10.88622760772705,55.15733337402344],[10.796977043151855,54.817054748535156],[10.535674095153809,54.74907684326172],[10.536654472351074,55.021148681640625],[9.926376342773438,55.089229583740234],[9.751152038574219,55.36180877685547],[9.66373348236084,55.36180877685547],[8.788798332214355,55.430015563964844],[8.790297508239746,55.29362487792969],[8.528193473815918,55.29362487792969],[8.52729320526123,55.36180877685547],[8.350449562072754,55.498252868652344],[8.087891578674316,55.498252868652344],[8.085573196411133,55.63479995727539],[7.997951984405518,55.63479995727539],[8.077386856079102,56.11355972290039],[7.989406585693359,56.11355972290039],[7.979492664337158,56.662349700927734],[8.243602752685547,56.731075286865234],[8.152853965759277,56.86860656738281],[8.502391815185547,57.21294021606445],[9.39068603515625,57.21294021606445],[9.656455039978027,57.41988754272461],[9.655976295471191,57.55800247192383],[9.834181785583496,57.55800247192383],[9.923136711120605,57.696231842041016],[10.458671569824219,57.7653923034668],[10.545770645141602,57.28189468383789],[10.278702735900879,57.07511901855469],[10.277772903442383,56.59365463256836],[10.895707130432129,56.524986267089844],[10.805220603942871,56.182064056396484],[10.541122436523438,56.182064056396484],[10.540846824645996,56.11355972290039],[10.364885330200195,56.11355972290039],[10.36523151397705,56.25059127807617]]],[[[-7.018063545227051,61.618961334228516],[-6.740391254425049,61.618961334228516],[-6.717170238494873,61.47697448730469],[-6.705606937408447,61.40604019165039],[-6.994457244873047,61.47697448730469],[-7.018063545227051,61.618961334228516]]],[[[-7.324460029602051,62.331268310546875],[-6.963660717010498,62.4027214050293],[-6.765193462371826,62.331268310546875],[-6.660168170928955,62.259857177734375],[-6.694395065307617,61.90340805053711],[-6.787211894989014,61.90340805053711],[-7.275551319122314,62.045867919921875],[-7.324460029602051,62.331268310546875]]],[[[-20.39534568786621,65.73763275146484],[-20.539321899414062,66.18017578125],[-20.0543155670166,66.18017578125],[-20.006807327270508,66.0324478149414],[-19.549598693847656,65.8112564086914],[-19.569307327270508,66.18017578125],[-19.181303024291992,66.18017578125],[-19.2044677734375,66.25411987304688],[-18.719074249267578,66.25411987304688],[-18.36039924621582,66.0324478149414],[-18.427837371826172,66.25411987304688],[-18.039522171020508,66.25411987304688],[-17.58561897277832,66.0324478149414],[-17.457050323486328,66.25411987304688],[-16.659265518188477,66.18017578125],[-16.668289184570312,66.55042266845703],[-15.791775703430176,66.55042266845703],[-15.612554550170898,66.25411987304688],[-15.341450691223145,66.32811737060547],[-15.36164379119873,66.40216064453125],[-15.069941520690918,66.40216064453125],[-14.990460395812988,66.10628509521484],[-14.699687004089355,66.10628509521484],[-14.641382217407227,65.88493347167969],[-14.718679428100586,65.8112564086914],[-14.332205772399902,65.8112564086914],[-14.294187545776367,65.66405487060547],[-13.696913719177246,65.59053039550781],[-13.64181137084961,65.3702621459961],[-13.719640731811523,65.29694366455078],[-13.509321212768555,65.22367095947266],[-13.4732027053833,65.07727813720703],[-13.934198379516602,65.004150390625],[-13.879453659057617,64.78507995605469],[-14.070605278015137,64.78507995605469],[-14.052313804626465,64.71215057373047],[-14.434326171875,64.71215057373047],[-14.474173545837402,64.49365234375],[-14.741366386413574,64.4209213256836],[-14.799264907836914,64.27558898925781],[-15.274616241455078,64.27558898925781],[-15.503076553344727,64.4209213256836],[-15.464756965637207,64.27558898925781],[-16.091144561767578,64.13044738769531],[-16.071674346923828,64.05794525146484],[-16.601186752319336,63.91307830810547],[-16.581457138061523,63.84071350097656],[-17.696674346923828,63.768394470214844],[-18.160297393798828,63.4074821472168],[-19.38524055480957,63.4074821472168],[-19.80586051940918,63.55171203613281],[-20.372051239013672,63.55171203613281],[-20.533912658691406,63.768394470214844],[-21.14751434326172,63.91307830810547],[-22.803701400756836,63.768394470214844],[-22.901348114013672,64.05794525146484],[-22.831005096435547,64.13044738769531],[-22.33220863342285,64.05794525146484],[-22.356367111206055,64.13044738769531],[-22.16651153564453,64.13044738769531],[-22.02460289001465,64.27558898925781],[-22.097030639648438,64.49365234375],[-22.50274085998535,64.56643676757812],[-22.576860427856445,64.78507995605469],[-23.984630584716797,64.71215057373047],[-24.158178329467773,64.93107604980469],[-22.605852127075195,65.15044403076172],[-22.585281372070312,65.3702621459961],[-22.033103942871094,65.44363403320312],[-22.05799674987793,65.51705932617188],[-23.31010627746582,65.51705932617188],[-23.284238815307617,65.44363403320312],[-24.02777671813965,65.3702621459961],[-24.369583129882812,65.51705932617188],[-24.423202514648438,65.66405487060547],[-24.13380241394043,65.66405487060547],[-24.214139938354492,65.88493347167969],[-23.80080795288086,65.8112564086914],[-23.907499313354492,66.10628509521484],[-23.61672592163086,66.10628509521484],[-23.670089721679688,66.25411987304688],[-23.281774520874023,66.25411987304688],[-22.938255310058594,66.10628509521484],[-23.1668701171875,66.47626495361328],[-22.972246170043945,66.47626495361328],[-22.998668670654297,66.55042266845703],[-22.609107971191406,66.55042266845703],[-21.484390258789062,66.10628509521484],[-21.3837833404541,65.51705932617188],[-21.26317596435547,65.44363403320312],[-20.974599838256836,65.73763275146484],[-20.78151512145996,65.73763275146484],[-20.757463455200195,65.66405487060547],[-20.540699005126953,65.59053039550781],[-20.39534568786621,65.73763275146484]]]]}},{"type":"Feature","properties":{"Name":"Swiss Confederation","FromYear":1871,"ToYear":1914,"Area":41132.04010130429,"Type":"POLITY","Wikipedia":"Switzerland","Wikidata":"Q39","SeshatID":"ch_swiss_conf_4","Components":"","MemberOf":"","DISPLAY_NAME":"Swiss Confederation","ADMIN_NAME":"Swiss Confederation","TERRITORIAL_STATUS":"sovereign","TERRITORIAL_STATUS_ZH":"独立政治实体","POLICY_NOTE":"按 ClioPatria 目标年份记录的实际控制几何显示","SOURCE_NAME":"Swiss Confederation","WIKIPEDIA_URL":"https://en.wikipedia.org/wiki/Switzerland","WIKIDATA_URL":"https://www.wikidata.org/wiki/Q39","SESHAT_URL":"https://seshat-db.com/core/polity/ch_swiss_conf_4","DATA_SOURCE":"ClioPatria ad28a691","LEADER":"领导人资料待补充","LEADER_SOURCE_URL":""},"geometry":{"type":"Polygon","coordinates":[[[10.36669635772705,47.005828857421875],[10.202829360961914,46.87434005737305],[9.9564208984375,46.87434005737305],[9.625838279724121,47.13737487792969],[9.54356575012207,47.13737487792969],[9.46013069152832,47.26897048950195],[9.62326717376709,47.46647262573242],[9.622751235961914,47.53233337402344],[9.374073028564453,47.664100646972656],[8.547621726989746,47.730003356933594],[8.467049598693848,47.598209381103516],[7.476891040802002,47.598209381103516],[7.39728307723999,47.46647262573242],[7.06591796875,47.53233337402344],[6.983439445495605,47.53233337402344],[6.989914417266846,47.26897048950195],[6.826910972595215,47.20316696166992],[6.830254077911377,47.07159423828125],[6.665778160095215,47.07159423828125],[6.025728225708008,46.480194091796875],[6.033519744873047,46.21768569946289],[6.273390769958496,46.414546966552734],[6.682901382446289,46.414546966552734],[6.849938869476318,46.283294677734375],[6.939604759216309,45.95537567138672],[7.430988311767578,45.889827728271484],[7.918499946594238,46.02093505859375],[8.000204086303711,46.02093505859375],[8.078590393066406,46.21768569946289],[8.40284538269043,46.414546966552734],[8.488550186157227,46.1520881652832],[8.652090072631836,46.1520881652832],[8.98212718963623,45.889827728271484],[9.303140640258789,46.480194091796875],[10.041536331176758,46.283294677734375],[10.122788429260254,46.414546966552734],[10.040886878967285,46.414546966552734],[10.039896965026855,46.61152267456055],[10.367905616760254,46.61152267456055],[10.44906997680664,46.94007873535156],[10.366899490356445,46.94007873535156],[10.36669635772705,47.005828857421875]]]}},{"type":"Feature","properties":{"Name":"Sultanate of Aceh","FromYear":1873,"ToYear":1913,"Area":42208.82084083133,"Type":"POLITY","Wikipedia":"Aceh Sultanate","Wikidata":"Q1061057","SeshatID":"","Components":"","MemberOf":"","DISPLAY_NAME":"Sultanate of Aceh","ADMIN_NAME":"Sultanate of Aceh","TERRITORIAL_STATUS":"sovereign","TERRITORIAL_STATUS_ZH":"独立政治实体","POLICY_NOTE":"按 ClioPatria 目标年份记录的实际控制几何显示","SOURCE_NAME":"Sultanate of Aceh","WIKIPEDIA_URL":"https://en.wikipedia.org/wiki/Aceh_Sultanate","WIKIDATA_URL":"https://www.wikidata.org/wiki/Q1061057","SESHAT_URL":"","DATA_SOURCE":"ClioPatria ad28a691","LEADER":"领导人资料待补充","LEADER_SOURCE_URL":""},"geometry":{"type":"Polygon","coordinates":[[[97.47750091552734,5.300096035003662],[96.23501586914062,5.235808849334717],[95.60346984863281,5.685822010040283],[95.23898315429688,5.685822010040283],[95.08612823486328,5.557246685028076],[95.06550598144531,5.171521186828613],[95.19793701171875,4.914370536804199],[96.1009521484375,4.01434326171875],[96.17378997802734,4.01434326171875],[97.12690734863281,4.142918586730957],[97.61864471435547,3.757192850112915],[97.76432037353516,3.757192850112915],[98.00421142578125,4.207206249237061],[98.22590637207031,4.271493911743164],[98.22907257080078,4.335781574249268],[98.23870086669922,4.528644561767578],[98.02337646484375,4.592932224273682],[97.82810974121094,5.042945861816406],[97.4740219116211,5.235808849334717],[97.47750091552734,5.300096035003662]]]}},{"type":"Feature","properties":{"Name":"French Third Republic","FromYear":1873,"ToYear":1914,"Area":628747.3471337395,"Type":"POLITY","Wikipedia":"French Third Republic","Wikidata":"Q70802","SeshatID":"fr_france_modern_1","Components":"","MemberOf":"(French Third Republic)","DISPLAY_NAME":"French Third Republic","ADMIN_NAME":"French Third Republic","TERRITORIAL_STATUS":"metropole","TERRITORIAL_STATUS_ZH":"宗主国本土","POLICY_NOTE":"宗主国本土","SOURCE_NAME":"French Third Republic","WIKIPEDIA_URL":"https://en.wikipedia.org/wiki/French_Third_Republic","WIKIDATA_URL":"https://www.wikidata.org/wiki/Q70802","SESHAT_URL":"https://seshat-db.com/core/polity/fr_france_modern_1","DATA_SOURCE":"ClioPatria ad28a691","LEADER":"领导人资料待补充","LEADER_SOURCE_URL":""},"geometry":{"type":"MultiPolygon","coordinates":[[[[-52.000152587890625,4.657219886779785],[-51.781558990478516,4.657219886779785],[-51.703495025634766,4.207206249237061],[-51.70283889770508,4.142918586730957],[-51.989261627197266,3.564330101013184],[-52.35175323486328,3.30717945098877],[-52.49507141113281,2.7928786277771],[-52.858131408691406,2.27857780456543],[-53.29490280151367,2.150002479553223],[-53.513370513916016,2.27857780456543],[-54.02300262451172,2.27857780456543],[-54.31412124633789,2.085714817047119],[-54.60551834106445,2.342865228652954],[-54.46000671386719,2.407152891159058],[-54.24263000488281,2.7928786277771],[-54.244842529296875,3.242892026901245],[-54.10001754760742,3.371467113494873],[-54.10247039794922,3.692905426025391],[-54.32212448120117,3.821480512619019],[-54.47108840942383,4.142918586730957],[-54.482295989990234,4.978658199310303],[-54.41255569458008,5.171521186828613],[-54.124351501464844,5.364383697509766],[-54.058719635009766,5.750109672546387],[-53.98582077026367,5.750109672546387],[-52.88752365112305,5.492959022521973],[-52.58853530883789,5.042945861816406],[-52.14759063720703,4.785795211791992],[-52.07472229003906,4.785795211791992],[-52.000152587890625,4.657219886779785]]],[[[-60.96974182128906,14.878947257995605],[-60.811241149902344,14.750371932983398],[-60.78313446044922,14.428933143615723],[-61.08251190185547,14.493220329284668],[-61.08811950683594,14.55750846862793],[-61.19023132324219,14.878947257995605],[-60.96974182128906,14.878947257995605]]],[[[-61.58265686035156,15.907554626464844],[-61.73633575439453,15.971842765808105],[-61.769195556640625,16.293283462524414],[-61.48125457763672,16.35757064819336],[-61.494632720947266,16.486146926879883],[-61.3473014831543,16.486146926879883],[-61.18003463745117,16.293283462524414],[-61.17345428466797,16.228994369506836],[-61.461429595947266,16.16470718383789],[-61.58265686035156,15.907554626464844]]],[[[-63.08210372924805,18.157629013061523],[-63.02336883544922,18.286205291748047],[-62.94948959350586,18.286205291748047],[-62.926856994628906,18.093341827392578],[-63.08210372924805,18.157629013061523]]],[[[9.49340534210205,42.75628662109375],[9.5735502243042,42.75628662109375],[9.577608108520508,41.97637939453125],[9.497812271118164,41.97637939453125],[9.49889087677002,41.781593322753906],[9.262411117553711,41.39224624633789],[9.1038236618042,41.32738494873047],[8.783942222595215,41.521995544433594],[8.782108306884766,41.71668243408203],[8.622743606567383,41.71668243408203],[8.700496673583984,41.911441802978516],[8.538846015930176,42.10627746582031],[8.534564018249512,42.496177673339844],[8.772740364074707,42.691246032714844],[9.17282485961914,42.75628662109375],[9.251097679138184,43.016544342041016],[9.331360816955566,43.016544342041016],[9.491888999938965,43.016544342041016],[9.49340534210205,42.75628662109375]]],[[[6.203586101531982,48.786521911621094],[6.873973846435547,48.5881233215332],[6.877388000488281,48.455936431884766],[7.044967174530029,48.38986587524414],[7.048221588134766,48.257774353027344],[6.804806709289551,48.059749603271484],[6.809960842132568,47.86185836791992],[6.975266933441162,47.86185836791992],[7.061129093170166,47.730003356933594],[7.06591796875,47.53233337402344],[6.983439445495605,47.53233337402344],[6.989914417266846,47.26897048950195],[6.826910972595215,47.20316696166992],[6.830254077911377,47.07159423828125],[6.665778160095215,47.07159423828125],[6.025728225708008,46.480194091796875],[6.033519744873047,46.21768569946289],[6.273390769958496,46.414546966552734],[6.682901382446289,46.414546966552734],[6.849938869476318,46.283294677734375],[6.939604759216309,45.95537567138672],[6.779487133026123,45.82429504394531],[6.782690525054932,45.693260192871094],[7.113230228424072,45.496795654296875],[7.117553234100342,45.300437927246094],[6.713985443115234,45.169586181640625],[6.637507915496826,44.973392486572266],[6.965181350708008,44.842647552490234],[6.969513416290283,44.64661407470703],[6.888483047485352,44.64661407470703],[6.978019714355469,44.25482940673828],[7.303933143615723,44.12431716918945],[7.625912189483643,44.18956756591797],[7.552080154418945,43.79821014404297],[7.471453189849854,43.79821014404297],[6.67255163192749,43.472347259521484],[6.596527099609375,43.276947021484375],[6.278174877166748,43.146724700927734],[5.796233177185059,43.146724700927734],[5.631923198699951,43.276947021484375],[5.390771865844727,43.276947021484375],[5.386905193328857,43.407203674316406],[5.063065528869629,43.472347259521484],[4.177847862243652,43.472347259521484],[4.173032760620117,43.6026611328125],[3.850892543792725,43.6026611328125],[2.984907388687134,43.146724700927734],[3.009923458099365,42.56119155883789],[3.089980125427246,42.56119155883789],[3.092691898345947,42.496177673339844],[2.458339214324951,42.36617660522461],[1.80907130241394,42.56119155883789],[1.72901451587677,42.56119155883789],[1.725796341896057,42.62621307373047],[1.645710229873657,42.62621307373047],[1.565624117851257,42.62621307373047],[1.485537886619568,42.62621307373047],[1.074691534042358,42.82133865356445],[0.040142297744751,42.691246032714844],[-0.208102732896805,42.82133865356445],[-0.528801321983337,42.82133865356445],[-1.026964664459229,43.08163070678711],[-1.428432941436768,43.08163070678711],[-1.441840410232544,43.276947021484375],[-1.687574744224548,43.342071533203125],[-1.692170143127441,43.407203674316406],[-1.459883332252502,43.53750228881836],[-1.402047991752625,43.86341094970703],[-1.321390628814697,43.86341094970703],[-1.348801136016846,44.25482940673828],[-1.267958283424377,44.25482940673828],[-1.286344885826111,44.5159797668457],[-1.205376982688904,44.5159797668457],[-1.251859068870544,45.169586181640625],[-1.170574903488159,45.169586181640625],[-1.189373373985291,45.431331634521484],[-1.031213998794556,45.496795654296875],[-1.045281529426575,45.693260192871094],[-1.213142395019531,45.75876998901367],[-1.141096234321594,45.889827728271484],[-1.222735166549683,45.889827728271484],[-1.251809358596802,46.283294677734375],[-1.666043281555176,46.348915100097656],[-2.014399528503418,46.61152267456055],[-2.024919986724854,46.74290466308594],[-2.194406032562256,46.808616638183594],[-2.139080047607422,47.13737487792969],[-2.232228517532349,47.26897048950195],[-2.561590671539307,47.26897048950195],[-2.578423976898193,47.46647262573242],[-2.825755596160889,47.46647262573242],[-2.837259292602539,47.598209381103516],[-3.155531167984009,47.46647262573242],[-3.344320774078369,47.730003356933594],[-3.757235288619995,47.730003356933594],[-3.934937715530396,47.86185836791992],[-4.424368858337402,47.79592514038086],[-4.692053318023682,47.993770599365234],[-4.705362796783447,48.1257438659668],[-4.546383857727051,48.191749572753906],[-4.642560005187988,48.323814392089844],[-4.891265392303467,48.323814392089844],[-4.911745548248291,48.52202224731445],[-4.599917888641357,48.72037124633789],[-3.85184383392334,48.72037124633789],[-3.455082654953003,48.91886520385742],[-3.122164011001587,48.91886520385742],[-2.759404182434082,48.5881233215332],[-2.521934509277344,48.72037124633789],[-1.602181315422058,48.654239654541016],[-1.718345284461975,49.051273345947266],[-1.635041356086731,49.051273345947266],[-1.651668906211853,49.2500114440918],[-1.913302421569824,49.38258361816406],[-2.031550645828247,49.78071212768555],[-1.361783027648926,49.78071212768555],[-1.250783205032349,49.44889450073242],[0.007001183927059,49.38258361816406],[-0.012448177672923,49.64793395996094],[0.224112883210182,49.84712600708008],[1.052847385406494,49.98000717163086],[1.454967975616455,50.2459831237793],[1.424705147743225,50.71213912963867],[1.656218767166138,51.04566955566406],[2.408700704574585,51.17921447753906],[2.493265151977539,51.17921447753906],[2.600777626037598,50.77880859375],[3.106679201126099,50.77880859375],[3.548239946365356,50.37908172607422],[3.968613386154175,50.37908172607422],[4.142810344696045,50.2459831237793],[4.154837608337402,49.98000717163086],[4.490188121795654,49.98000717163086],[4.736247062683105,50.11296081542969],[4.830895900726318,49.84712600708008],[4.998414993286133,49.84712600708008],[5.51275110244751,49.51522445678711],[5.763453483581543,49.51522445678711],[5.862303733825684,49.051273345947266],[6.114273548126221,48.98506164550781],[6.203586101531982,48.786521911621094]]],[[[-56.493072509765625,47.07159423828125],[-56.2741584777832,47.13737487792969],[-56.2186279296875,47.005828857421875],[-56.30083465576172,47.005828857421875],[-56.27314376831055,46.94007873535156],[-56.43748474121094,46.94007873535156],[-56.493072509765625,47.07159423828125]]]]}},{"type":"Feature","properties":{"Name":"Paraguay","FromYear":1877,"ToYear":1935,"Area":158604.51004436516,"Type":"POLITY","Wikipedia":"Paraguay","Wikidata":"Q733","SeshatID":"","Components":"","MemberOf":"","DISPLAY_NAME":"Paraguay","ADMIN_NAME":"Paraguay","TERRITORIAL_STATUS":"sovereign","TERRITORIAL_STATUS_ZH":"独立政治实体","POLICY_NOTE":"按 ClioPatria 目标年份记录的实际控制几何显示","SOURCE_NAME":"Paraguay","WIKIPEDIA_URL":"https://en.wikipedia.org/wiki/Paraguay","WIKIDATA_URL":"https://www.wikidata.org/wiki/Q733","SESHAT_URL":"","DATA_SOURCE":"ClioPatria ad28a691","LEADER":"领导人资料待补充","LEADER_SOURCE_URL":""},"geometry":{"type":"Polygon","coordinates":[[[-55.77719497680664,-22.600671768188477],[-55.893760681152344,-22.343524932861328],[-56.11695098876953,-22.343524932861328],[-56.39042282104492,-22.150665283203125],[-56.687904357910156,-22.150665283203125],[-56.778411865234375,-22.279237747192383],[-57.95219802856445,-22.150665283203125],[-57.97686004638672,-22.343524932861328],[-57.77020263671875,-22.472097396850586],[-57.969451904296875,-22.857820510864258],[-57.820518493652344,-22.857820510864258],[-57.70570373535156,-23.11496925354004],[-57.49940490722656,-23.243545532226562],[-57.41163635253906,-23.69356346130371],[-57.3370475769043,-23.69356346130371],[-57.34397506713867,-24.272165298461914],[-57.2225227355957,-24.46503448486328],[-57.2603759765625,-24.722196578979492],[-57.72267532348633,-25.30082130432129],[-57.68849563598633,-25.55799102783203],[-58.09380340576172,-26.20092010498047],[-58.254695892333984,-26.265213012695312],[-58.33240509033203,-26.715261459350586],[-58.701778411865234,-27.101015090942383],[-58.73699188232422,-27.293888092041016],[-58.13531494140625,-27.293888092041016],[-57.56871795654297,-27.48676109313965],[-56.90316390991211,-27.551050186157227],[-56.202728271484375,-27.422470092773438],[-56.19126510620117,-27.358179092407227],[-56.11604309082031,-27.358179092407227],[-55.751312255859375,-27.422470092773438],[-55.63090133666992,-27.165306091308594],[-54.96379470825195,-26.77955436706543],[-54.76039505004883,-26.458091735839844],[-54.71277618408203,-25.68657684326172],[-54.48558807373047,-24.65790557861328],[-54.41085433959961,-24.65790557861328],[-54.396507263183594,-24.01500701904297],[-54.52843475341797,-23.886428833007812],[-54.90151596069336,-23.886428833007812],[-55.2263298034668,-24.079296112060547],[-55.4414176940918,-24.01500701904297],[-55.57306671142578,-23.886428833007812],[-55.65275955200195,-22.793533325195312],[-55.78532409667969,-22.664958953857422],[-55.77719497680664,-22.600671768188477]]]}},{"type":"Feature","properties":{"Name":"Netherlands Antilles","FromYear":1877,"ToYear":2023,"Area":149155.33638803955,"Type":"POLITY","Wikipedia":"Netherlands Antilles","Wikidata":"Q25227","SeshatID":"","Components":"","MemberOf":"","DISPLAY_NAME":"Netherlands Antilles","ADMIN_NAME":"Netherlands Antilles","TERRITORIAL_STATUS":"sovereign","TERRITORIAL_STATUS_ZH":"独立政治实体","POLICY_NOTE":"按 ClioPatria 目标年份记录的实际控制几何显示","SOURCE_NAME":"Netherlands Antilles","WIKIPEDIA_URL":"https://en.wikipedia.org/wiki/Netherlands_Antilles","WIKIDATA_URL":"https://www.wikidata.org/wiki/Q25227","SESHAT_URL":"","DATA_SOURCE":"ClioPatria ad28a691","LEADER":"领导人资料待补充","LEADER_SOURCE_URL":""},"geometry":{"type":"MultiPolygon","coordinates":[[[[-54.96994400024414,2.535728216171265],[-55.333988189697266,2.535728216171265],[-55.5521125793457,2.407152891159058],[-56.061912536621094,2.471440553665161],[-56.207244873046875,2.342865228652954],[-56.20698165893555,2.150002479553223],[-55.988525390625,1.957139730453491],[-56.134193420410156,1.828564524650574],[-56.71652603149414,1.892852187156677],[-56.935001373291016,2.150002479553223],[-56.93560791015625,2.471440553665161],[-57.2280387878418,2.7928786277771],[-57.303497314453125,3.242892026901245],[-57.66859817504883,3.371467113494873],[-58.11049270629883,3.885768175125122],[-58.11433410644531,4.207206249237061],[-57.90019607543945,4.528644561767578],[-57.90628433227539,4.914370536804199],[-57.325496673583984,5.042945861816406],[-57.33391571044922,5.492959022521973],[-57.19075012207031,5.62153434753418],[-57.12480926513672,5.942972660064697],[-57.051902770996094,5.942972660064697],[-56.4700813293457,6.007260322570801],[-55.955501556396484,5.81439733505249],[-55.88679504394531,6.007260322570801],[-55.156288146972656,5.942972660064697],[-55.08619689941406,6.071547985076904],[-54.940372467041016,6.071547985076904],[-54.20848083496094,5.942972660064697],[-54.06001281738281,5.81439733505249],[-54.058719635009766,5.750109672546387],[-54.124351501464844,5.364383697509766],[-54.41255569458008,5.171521186828613],[-54.482295989990234,4.978658199310303],[-54.47108840942383,4.142918586730957],[-54.32212448120117,3.821480512619019],[-54.10247039794922,3.692905426025391],[-54.10001754760742,3.371467113494873],[-54.244842529296875,3.242892026901245],[-54.24263000488281,2.7928786277771],[-54.46000671386719,2.407152891159058],[-54.60551834106445,2.342865228652954],[-54.96994400024414,2.535728216171265]]],[[[-69.10977172851562,12.178865432739258],[-69.12454223632812,12.37172794342041],[-68.74346923828125,12.178865432739258],[-68.65585327148438,11.986002922058105],[-68.95360565185547,12.050291061401367],[-68.95840454101562,12.114578247070312],[-69.10977172851562,12.178865432739258]]],[[[-68.16221618652344,12.24315357208252],[-68.14785766601562,12.050291061401367],[-68.29435729980469,12.050291061401367],[-68.38201141357422,12.24315357208252],[-68.38688659667969,12.307440757751465],[-68.16221618652344,12.24315357208252]]],[[[-70.01911926269531,12.564591407775879],[-69.87254333496094,12.564591407775879],[-69.78905487060547,12.436016082763672],[-69.78401184082031,12.37172794342041],[-69.93055725097656,12.37172794342041],[-70.01911926269531,12.564591407775879]]],[[[-63.16353225708008,18.2219181060791],[-62.926856994628906,18.093341827392578],[-62.91935729980469,18.029054641723633],[-63.14089584350586,18.029054641723633],[-63.16353225708008,18.2219181060791]]]]}},{"type":"Feature","properties":{"Name":"Argentine Confederation","FromYear":1885,"ToYear":1904,"Area":2793356.5379273808,"Type":"POLITY","Wikipedia":"Argentine Confederation","Wikidata":"Q832554","SeshatID":"","Components":"","MemberOf":"","DISPLAY_NAME":"Argentine Confederation","ADMIN_NAME":"Argentine Confederation","TERRITORIAL_STATUS":"sovereign","TERRITORIAL_STATUS_ZH":"独立政治实体","POLICY_NOTE":"按 ClioPatria 目标年份记录的实际控制几何显示","SOURCE_NAME":"Argentine Confederation","WIKIPEDIA_URL":"https://en.wikipedia.org/wiki/Argentine_Confederation","WIKIDATA_URL":"https://www.wikidata.org/wiki/Q832554","SESHAT_URL":"","DATA_SOURCE":"ClioPatria ad28a691","LEADER":"领导人资料待补充","LEADER_SOURCE_URL":""},"geometry":{"type":"MultiPolygon","coordinates":[[[[-64.0694351196289,-54.756752014160156],[-64.23782348632812,-54.89274597167969],[-64.80145263671875,-54.960777282714844],[-64.7192153930664,-54.824737548828125],[-64.4173355102539,-54.756752014160156],[-64.33036041259766,-54.756752014160156],[-64.0694351196289,-54.756752014160156]]],[[[-66.9072265625,-54.28156280517578],[-66.64732360839844,-54.28156280517578],[-66.68873596191406,-54.3493766784668],[-66.38333129882812,-54.41720962524414],[-66.42478942871094,-54.485069274902344],[-66.16444396972656,-54.485069274902344],[-66.20586395263672,-54.55295181274414],[-66.0322036743164,-54.55295181274414],[-66.07364654541016,-54.6208610534668],[-65.07206726074219,-54.68879699707031],[-65.23707580566406,-54.960777282714844],[-66.02119445800781,-54.960777282714844],[-66.27971649169922,-55.096920013427734],[-66.84774017333984,-55.02883529663086],[-66.9349136352539,-55.02883529663086],[-68.19931030273438,-54.960777282714844],[-68.15620422363281,-54.89274597167969],[-68.24327850341797,-54.89274597167969],[-68.33035278320312,-54.89274597167969],[-68.41742706298828,-54.89274597167969],[-68.50450897216797,-54.89274597167969],[-68.59158325195312,-54.89274597167969],[-68.67865753173828,-54.89274597167969],[-68.59221649169922,-54.756752014160156],[-68.67919158935547,-54.756752014160156],[-68.59312438964844,-54.6208610534668],[-68.68000030517578,-54.6208610534668],[-68.6019287109375,-53.94287109375],[-68.68832397460938,-53.94287109375],[-68.61068725585938,-53.5372200012207],[-68.6968002319336,-53.5372200012207],[-68.61801147460938,-53.267250061035156],[-68.70394134521484,-53.267250061035156],[-68.62213134765625,-53.13240051269531],[-68.70796203613281,-53.13240051269531],[-68.62654876708984,-52.99763870239258],[-68.71229553222656,-52.99763870239258],[-68.5909423828125,-52.7956657409668],[-68.50533294677734,-52.7956657409668],[-68.33411407470703,-52.7956657409668],[-68.28356170654297,-52.99763870239258],[-68.19781494140625,-52.99763870239258],[-68.44615173339844,-53.267250061035156],[-67.97125244140625,-53.3347053527832],[-68.05296325683594,-53.46969223022461],[-67.87667083740234,-53.60477066040039],[-67.91780853271484,-53.67234420776367],[-67.48262023925781,-53.807559967041016],[-67.47876739501953,-53.94287109375],[-67.39237213134766,-53.94287109375],[-67.43372344970703,-54.010562896728516],[-66.86579132080078,-54.21377944946289],[-66.9072265625,-54.28156280517578]]],[[[-64.19013214111328,-42.438514709472656],[-64.37710571289062,-42.308528900146484],[-64.32435607910156,-42.1785774230957],[-63.73908615112305,-42.11361312866211],[-63.63146209716797,-42.24354934692383],[-63.683834075927734,-42.37351608276367],[-63.603858947753906,-42.37351608276367],[-63.682838439941406,-42.56853485107422],[-63.602779388427734,-42.56853485107422],[-63.73561096191406,-42.89374542236328],[-64.32403564453125,-42.95881652832031],[-64.3234634399414,-42.763633728027344],[-64.53678131103516,-42.50352096557617],[-64.51013946533203,-42.438514709472656],[-64.19013214111328,-42.438514709472656]]],[[[-55.751312255859375,-27.422470092773438],[-55.63090133666992,-27.165306091308594],[-54.96379470825195,-26.77955436706543],[-54.76039505004883,-26.458091735839844],[-54.71277618408203,-25.68657684326172],[-53.96368408203125,-25.68657684326172],[-53.883583068847656,-26.136627197265625],[-53.80859375,-26.136627197265625],[-53.84946823120117,-26.393798828125],[-53.77442932128906,-26.393798828125],[-53.89078140258789,-27.101015090942383],[-54.78451919555664,-27.48676109313965],[-55.816566467285156,-28.193937301635742],[-56.04057693481445,-28.579652786254883],[-56.37997817993164,-28.772504806518555],[-57.002220153808594,-29.6081485748291],[-57.3455696105957,-29.800975799560547],[-57.759498596191406,-30.315153121948242],[-57.939598083496094,-30.443693161010742],[-58.12812423706055,-31.60051727294922],[-58.05191421508789,-31.60051727294922],[-58.32753372192383,-32.114681243896484],[-58.22179412841797,-32.30750274658203],[-58.33317565917969,-32.757450103759766],[-58.21233367919922,-32.88601303100586],[-58.26103591918945,-33.07887268066406],[-58.43064880371094,-33.143157958984375],[-58.63106918334961,-33.91472625732422],[-58.468658447265625,-34.17197036743164],[-58.48582458496094,-34.23628616333008],[-58.59730911254883,-34.36492156982422],[-58.37608337402344,-34.68655014038086],[-57.28129196166992,-35.20127487182617],[-57.31002426147461,-35.58742904663086],[-57.47721862792969,-35.909305572509766],[-57.27626419067383,-36.2956657409668],[-56.75116729736328,-36.360069274902344],[-56.780513763427734,-37.004337310791016],[-57.57618713378906,-37.842533111572266],[-57.69542694091797,-38.22966766357422],[-58.700504302978516,-38.68156814575195],[-61.027347564697266,-39.06913757324219],[-61.97054672241211,-39.06913757324219],[-62.31903839111328,-38.93992233276367],[-62.40835189819336,-39.1983757019043],[-62.12784194946289,-39.521575927734375],[-62.588443756103516,-40.36268615722656],[-62.28833770751953,-40.621726989746094],[-62.385032653808594,-40.88088607788086],[-62.69657897949219,-41.07533645629883],[-63.14331817626953,-41.20500946044922],[-64.01739501953125,-41.20500946044922],[-64.55191040039062,-40.94569396972656],[-64.78996276855469,-40.94569396972656],[-64.89827728271484,-40.81608581542969],[-65.16140747070312,-40.88088607788086],[-65.2350082397461,-41.26985549926758],[-65.02011108398438,-41.529327392578125],[-65.14999389648438,-42.04866027832031],[-64.59043884277344,-42.24354934692383],[-64.64356231689453,-42.56853485107422],[-64.93761444091797,-42.69859313964844],[-64.99176025390625,-42.82868576049805],[-64.80545806884766,-42.95881652832031],[-64.4042739868164,-42.95881652832031],[-64.48567199707031,-43.15407943725586],[-64.83435821533203,-43.21918487548828],[-65.32213592529297,-43.610023498535156],[-65.40615844726562,-43.805572509765625],[-65.27296447753906,-43.87077713012695],[-65.36176300048828,-44.262203216552734],[-65.28091430664062,-44.262203216552734],[-65.45225524902344,-44.653995513916016],[-65.75310516357422,-44.78467559814453],[-65.56758117675781,-44.91539764404297],[-65.62556457519531,-45.046165466308594],[-66.54844665527344,-45.11156463623047],[-66.60745239257812,-45.24239730834961],[-66.96244049072266,-45.30782699584961],[-67.35641479492188,-45.63515853881836],[-67.65065002441406,-46.09391403198242],[-67.56890869140625,-46.09391403198242],[-67.66097259521484,-46.290706634521484],[-67.45681762695312,-46.55326843261719],[-67.10865783691406,-46.684627532958984],[-66.98645782470703,-46.947505950927734],[-66.68879699707031,-47.01325988769531],[-66.71990966796875,-47.07902526855469],[-65.7637939453125,-47.14480209350586],[-65.77425384521484,-47.34222412109375],[-65.6918716430664,-47.34222412109375],[-65.94258880615234,-47.86930847167969],[-65.8089370727539,-47.93525695800781],[-65.8725357055664,-48.067203521728516],[-66.38298034667969,-48.26523208618164],[-67.49434661865234,-48.99253845214844],[-67.69918060302734,-49.390071868896484],[-67.61568450927734,-49.390071868896484],[-67.71952819824219,-49.58906555175781],[-67.63591766357422,-49.58906555175781],[-67.9178237915039,-50.1204719543457],[-68.37342071533203,-50.18697738647461],[-69.09722137451172,-50.586387634277344],[-69.27521514892578,-51.05320739746094],[-69.10624694824219,-51.05320739746094],[-68.9664306640625,-51.253562927246094],[-69.03492736816406,-51.52097702026367],[-68.95014953613281,-51.52097702026367],[-69.11222839355469,-51.65480041503906],[-68.85763549804688,-51.65480041503906],[-68.75812530517578,-51.922698974609375],[-68.58805084228516,-51.922698974609375],[-68.4432373046875,-52.25802993774414],[-68.35798645019531,-52.25802993774414],[-68.4368896484375,-52.392311096191406],[-69.21052551269531,-52.25802993774414],[-69.29578399658203,-52.25802993774414],[-69.25602722167969,-52.190921783447266],[-69.51165771484375,-52.190921783447266],[-69.4719009399414,-52.12383270263672],[-71.77140045166016,-52.12383270263672],[-71.7305908203125,-52.056766510009766],[-72.03022766113281,-51.989723205566406],[-72.03389739990234,-51.85569381713867],[-72.2038803100586,-51.85569381713867],[-72.16328430175781,-51.7887077331543],[-72.38156127929688,-51.5878791809082],[-72.26121520996094,-51.387229919433594],[-72.34590911865234,-51.387229919433594],[-72.31118774414062,-51.18675994873047],[-72.395751953125,-51.18675994873047],[-72.23819732666016,-50.919734954833984],[-72.37425231933594,-50.719669342041016],[-72.87993621826172,-50.719669342041016],[-73.12712860107422,-50.85302734375],[-73.34071350097656,-50.786338806152344],[-73.26820373535156,-50.519771575927734],[-73.57893371582031,-50.18697738647461],[-73.47184753417969,-49.85462951660156],[-73.55561065673828,-49.85462951660156],[-73.48004913330078,-49.7218132019043],[-73.57222747802734,-49.58906555175781],[-73.02653503417969,-49.058753967285156],[-72.7043228149414,-48.92634201049805],[-72.59675598144531,-48.72784423828125],[-72.67987823486328,-48.72784423828125],[-72.31474304199219,-48.1992073059082],[-72.5416259765625,-48.001220703125],[-72.23355865478516,-47.40806198120117],[-72.03504180908203,-47.34222412109375],[-71.9328384399414,-46.8160400390625],[-71.67009735107422,-46.61894226074219],[-71.9166259765625,-46.290706634521484],[-71.7549819946289,-45.9627799987793],[-71.85404205322266,-45.831695556640625],[-71.75810241699219,-45.63515853881836],[-71.38693237304688,-45.37327194213867],[-71.46832275390625,-45.37327194213867],[-71.40531158447266,-45.24239730834961],[-71.55491638183594,-45.046165466308594],[-71.97926330566406,-44.91539764404297],[-71.34880828857422,-44.78467559814453],[-71.25575256347656,-44.58866882324219],[-71.35589599609375,-44.45804977416992],[-71.7605972290039,-44.45804977416992],[-71.72959899902344,-44.392757415771484],[-71.94129180908203,-44.32747268676758],[-71.75642395019531,-43.93598937988281],[-71.88715362548828,-43.87077713012695],[-71.84575653076172,-43.610023498535156],[-71.97642517089844,-43.54486083984375],[-71.85548400878906,-43.2843017578125],[-71.9560775756836,-43.15407943725586],[-72.24728393554688,-43.08898162841797],[-72.13971710205078,-42.50352096557617],[-72.27029418945312,-42.438514709472656],[-72.18231201171875,-42.24354934692383],[-71.88447570800781,-42.11361312866211],[-71.82669830322266,-41.98371505737305],[-72.03083801269531,-41.72401428222656],[-71.9121322631836,-41.26985549926758],[-71.99162292480469,-41.26985549926758],[-71.93165588378906,-40.94569396972656],[-72.03507232666016,-40.81608581542969],[-71.79219818115234,-40.427433013916016],[-71.92346954345703,-40.36268615722656],[-71.7108383178711,-40.03904342651367],[-71.86853790283203,-39.84494400024414],[-71.79013061523438,-39.65090560913086],[-71.58076477050781,-39.521575927734375],[-71.43092346191406,-38.93992233276367],[-71.04234313964844,-38.74614715576172],[-70.96871185302734,-38.552425384521484],[-71.10108947753906,-38.48786163330078],[-71.08246612548828,-38.22966766357422],[-71.21493530273438,-38.165130615234375],[-71.1669692993164,-38.036075592041016],[-71.30633544921875,-37.77802658081055],[-71.220458984375,-37.326629638671875],[-71.29842376708984,-37.326629638671875],[-71.22917175292969,-37.133243560791016],[-71.30706787109375,-37.133243560791016],[-71.23838806152344,-36.93989562988281],[-71.31622314453125,-36.93989562988281],[-71.18061065673828,-36.55331039428711],[-70.48260498046875,-36.10247039794922],[-70.47342681884766,-35.84492492675781],[-70.55089569091797,-35.84492492675781],[-70.50785827636719,-35.71617126464844],[-70.65455627441406,-35.45869827270508],[-70.24458312988281,-34.42924118041992],[-69.93289947509766,-34.17197036743164],[-70.04673767089844,-34.04334259033203],[-69.92674255371094,-33.40032196044922],[-70.19477081298828,-33.2717399597168],[-70.09876251220703,-32.95029830932617],[-70.29042053222656,-32.82173156738281],[-70.25403594970703,-32.43605422973633],[-70.44609069824219,-32.30750274658203],[-70.43033599853516,-31.98613739013672],[-70.68083190917969,-31.793325424194336],[-70.66699981689453,-31.47197914123535],[-70.74317932128906,-31.47197914123535],[-70.68983459472656,-31.2791748046875],[-70.40882873535156,-31.08637237548828],[-70.36424255371094,-30.636499404907227],[-69.95986938476562,-30.250883102416992],[-70.06211853027344,-30.058069229125977],[-70.01322174072266,-29.865249633789062],[-70.13243865966797,-29.7367000579834],[-70.08443450927734,-29.54387092590332],[-70.1601333618164,-29.54387092590332],[-70.08135223388672,-29.22247886657715],[-69.89910888671875,-29.093917846679688],[-69.73321533203125,-28.386796951293945],[-69.34457397460938,-28.001075744628906],[-68.95201110839844,-27.229597091674805],[-68.46084594726562,-27.03672218322754],[-68.4214096069336,-26.843847274780273],[-68.66998291015625,-26.58667755126953],[-68.48181915283203,-26.008041381835938],[-68.69683074951172,-25.55799102783203],[-68.52871704101562,-25.04365348815918],[-68.65557861328125,-24.915069580078125],[-68.61080169677734,-24.65790557861328],[-68.25736236572266,-24.336454391479492],[-67.71328735351562,-24.207876205444336],[-67.45784759521484,-24.01500701904297],[-67.28789520263672,-23.886428833007812],[-67.16767883300781,-23.11496925354004],[-67.09317779541016,-23.11496925354004],[-67.25869750976562,-22.729246139526367],[-66.57914733886719,-22.150665283203125],[-66.43041229248047,-22.150665283203125],[-66.31060791015625,-21.82923126220703],[-65.83544921875,-22.150665283203125],[-64.86863708496094,-22.150665283203125],[-64.60719299316406,-22.40781021118164],[-64.51331329345703,-22.793533325195312],[-64.35517120361328,-22.729246139526367],[-64.21717834472656,-22.279237747192383],[-64.04168701171875,-22.08637809753418],[-62.99189758300781,-22.022090911865234],[-62.93500518798828,-22.150665283203125],[-62.720645904541016,-22.214950561523438],[-62.73823165893555,-22.343524932861328],[-62.20509719848633,-22.793533325195312],[-62.22312545776367,-22.922107696533203],[-61.89621353149414,-23.243545532226562],[-61.541961669921875,-23.372121810913086],[-61.15985107421875,-23.822139739990234],[-59.938514709472656,-24.143585205078125],[-59.47339630126953,-24.529325485229492],[-59.18423843383789,-24.593616485595703],[-59.129051208496094,-24.722196578979492],[-58.05679702758789,-25.04365348815918],[-57.87236022949219,-25.30082130432129],[-57.72267532348633,-25.30082130432129],[-57.68849563598633,-25.55799102783203],[-58.09380340576172,-26.20092010498047],[-58.254695892333984,-26.265213012695312],[-58.33240509033203,-26.715261459350586],[-58.701778411865234,-27.101015090942383],[-58.73699188232422,-27.293888092041016],[-58.13531494140625,-27.293888092041016],[-57.56871795654297,-27.48676109313965],[-56.90316390991211,-27.551050186157227],[-56.202728271484375,-27.422470092773438],[-56.12749099731445,-27.422470092773438],[-56.11604309082031,-27.358179092407227],[-55.751312255859375,-27.422470092773438]]]]}},{"type":"Feature","properties":{"Name":"Kingdom of Italy","FromYear":1885,"ToYear":1904,"Area":277767.53537813126,"Type":"POLITY","Wikipedia":"Kingdom of Italy","Wikidata":"Q172579","SeshatID":"it_italian_k","Components":"","MemberOf":"","DISPLAY_NAME":"Kingdom of Italy","ADMIN_NAME":"Kingdom of Italy","TERRITORIAL_STATUS":"sovereign","TERRITORIAL_STATUS_ZH":"独立政治实体","POLICY_NOTE":"按 ClioPatria 目标年份记录的实际控制几何显示","SOURCE_NAME":"Kingdom of Italy","WIKIPEDIA_URL":"https://en.wikipedia.org/wiki/Kingdom_of_Italy","WIKIDATA_URL":"https://www.wikidata.org/wiki/Q172579","SESHAT_URL":"https://seshat-db.com/core/polity/it_italian_k","DATA_SOURCE":"ClioPatria ad28a691","LEADER":"领导人资料待补充","LEADER_SOURCE_URL":""},"geometry":{"type":"MultiPolygon","coordinates":[[[[39.262168884277344,16.100418090820312],[39.40629959106445,16.036130905151367],[39.46445083618164,15.714691162109375],[39.743446350097656,15.393251419067383],[39.73439025878906,15.200387001037598],[39.446250915527344,15.328963279724121],[39.37270736694336,15.328963279724121],[39.10568618774414,15.907554626464844],[39.179290771484375,15.907554626464844],[39.262168884277344,16.100418090820312]]],[[[9.50210952758789,41.19768524169922],[9.821690559387207,40.74397277832031],[9.823226928710938,40.355369567871094],[9.665326118469238,40.29063034057617],[9.74737548828125,39.64360046386719],[9.668553352355957,39.64360046386719],[9.592622756958008,39.1264533996582],[9.120378494262695,39.19107437133789],[8.96590518951416,38.8680305480957],[8.730334281921387,38.8680305480957],[8.336196899414062,38.997230529785156],[8.411824226379395,39.25570297241211],[8.333152770996094,39.25570297241211],[8.330102920532227,39.51427459716797],[8.40887451171875,39.51427459716797],[8.48337459564209,39.90232849121094],[8.324762344360352,39.9670295715332],[8.400031089782715,40.29063034057617],[8.32094955444336,40.29063034057617],[8.318660736083984,40.4848747253418],[8.159523010253906,40.54964065551758],[8.154606819152832,40.93837356567383],[8.552037239074707,40.873565673828125],[9.024832725524902,41.26253128051758],[9.10431957244873,41.26253128051758],[9.50210952758789,41.19768524169922]]],[[[12.160021781921387,45.169586181640625],[12.40256118774414,45.03877639770508],[12.399906158447266,44.77729415893555],[12.157197952270508,44.842647552490234],[12.153728485107422,44.45067596435547],[12.312999725341797,44.18956756591797],[12.873446464538574,43.79821014404297],[13.035634994506836,43.86341094970703],[13.033763885498047,43.73301696777344],[13.355091094970703,43.6678352355957],[13.672640800476074,43.407203674316406],[13.747068405151367,43.08163070678711],[13.98537540435791,42.95146560668945],[13.901384353637695,42.75628662109375],[14.056464195251465,42.496177673339844],[14.370945930480957,42.236209869384766],[14.530768394470215,42.236209869384766],[14.607714653015137,42.10627746582031],[14.768959999084473,42.17123794555664],[14.765887260437012,42.041324615478516],[14.9239501953125,41.97637939453125],[15.165011405944824,42.041324615478516],[15.241438865661621,41.911441802978516],[16.11888313293457,41.911441802978516],[16.114879608154297,41.781593322753906],[15.87384033203125,41.71668243408203],[15.943941116333008,41.39224624633789],[17.20269203186035,41.00318908691406],[17.510658264160156,40.74397277832031],[17.981229782104492,40.614410400390625],[18.43811798095703,40.16116714477539],[18.34894371032715,39.90232849121094],[18.11216926574707,39.90232849121094],[17.813072204589844,40.355369567871094],[17.41753578186035,40.355369567871094],[17.345230102539062,40.54964065551758],[17.02848243713379,40.54964065551758],[16.867990493774414,40.4848747253418],[16.945016860961914,40.42012023925781],[16.861696243286133,40.29063034057617],[16.624452590942383,40.29063034057617],[16.697484970092773,40.0964469909668],[16.45665168762207,39.9670295715332],[16.44725799560547,39.64360046386719],[16.916194915771484,39.51427459716797],[17.069679260253906,39.38497543334961],[17.138301849365234,39.06184005737305],[16.502395629882812,38.80344009399414],[16.491945266723633,38.416015625],[15.932764053344727,37.96426773071289],[15.698192596435547,37.96426773071289],[15.62426471710205,38.157840728759766],[15.389483451843262,38.157840728759766],[15.066489219665527,37.641746520996094],[15.059245109558105,37.254878997802734],[15.213889122009277,37.1904182434082],[15.049844741821289,36.73930740356445],[14.661029815673828,36.73930740356445],[14.27791690826416,37.12596130371094],[13.578389167785645,37.254878997802734],[13.192005157470703,37.5772590637207],[12.490468978881836,37.706241607666016],[12.49189567565918,37.89975357055664],[12.649824142456055,38.09331130981445],[13.040358543395996,38.028785705566406],[13.119925498962402,38.157840728759766],[13.354706764221191,38.157840728759766],[13.665236473083496,37.96426773071289],[14.05618953704834,37.96426773071289],[15.862062454223633,38.28691864013672],[15.949724197387695,38.67427444458008],[16.265209197998047,38.738853454589844],[16.270299911499023,38.93262481689453],[16.116540908813477,39.06184005737305],[15.898874282836914,39.77294921875],[15.665508270263672,39.90232849121094],[15.747773170471191,40.031734466552734],[15.431868553161621,40.031734466552734],[15.199469566345215,40.225894927978516],[15.041359901428223,40.225894927978516],[14.893351554870605,40.6791877746582],[14.417906761169434,40.6791877746582],[14.421854972839355,40.873565673828125],[14.104567527770996,40.873565673828125],[13.950616836547852,41.132843017578125],[13.791753768920898,41.132843017578125],[13.714534759521484,41.26253128051758],[13.000019073486328,41.32738494873047],[12.130502700805664,41.911441802978516],[12.131669044494629,42.041324615478516],[11.812841415405273,42.10627746582031],[11.654799461364746,42.36617660522461],[11.494501113891602,42.30118942260742],[11.415224075317383,42.43117141723633],[11.255227088928223,42.43117141723633],[11.175962448120117,42.62621307373047],[11.015789985656738,42.62621307373047],[11.01634693145752,42.82133865356445],[10.535322189331055,43.08163070678711],[10.374164581298828,43.6678352355957],[10.13144302368164,44.05907440185547],[9.889463424682617,43.99384307861328],[9.969700813293457,44.12431716918945],[9.7273588180542,44.12431716918945],[9.159077644348145,44.45067596435547],[8.592522621154785,44.45067596435547],[8.191595077514648,44.18956756591797],[8.033902168273926,43.92862319946289],[7.632706642150879,43.79821014404297],[7.552080154418945,43.79821014404297],[7.625912189483643,44.18956756591797],[7.303933143615723,44.12431716918945],[6.978019714355469,44.25482940673828],[6.888483047485352,44.64661407470703],[6.969513416290283,44.64661407470703],[6.965181350708008,44.842647552490234],[6.637507915496826,44.973392486572266],[6.713985443115234,45.169586181640625],[7.117553234100342,45.300437927246094],[7.113230228424072,45.496795654296875],[6.782690525054932,45.693260192871094],[6.779487133026123,45.82429504394531],[6.939604759216309,45.95537567138672],[7.430988311767578,45.889827728271484],[7.918499946594238,46.02093505859375],[7.919662952423096,45.95537567138672],[8.001335144042969,45.95537567138672],[8.000204086303711,46.02093505859375],[8.078590393066406,46.21768569946289],[8.40284538269043,46.414546966552734],[8.488550186157227,46.1520881652832],[8.652090072631836,46.1520881652832],[8.98212718963623,45.889827728271484],[9.303140640258789,46.480194091796875],[10.041536331176758,46.283294677734375],[10.122788429260254,46.414546966552734],[10.040886878967285,46.414546966552734],[10.039896965026855,46.61152267456055],[10.367905616760254,46.61152267456055],[10.532170295715332,46.480194091796875],[10.45177173614502,45.82429504394531],[10.696676254272461,45.693260192871094],[11.022930145263672,45.75876998901367],[11.350288391113281,46.08650588989258],[11.677236557006836,46.08650588989258],[11.841521263122559,46.21768569946289],[11.843135833740234,46.480194091796875],[12.09045124053955,46.677207946777344],[13.237005233764648,46.54585266113281],[13.398871421813965,46.414546966552734],[13.31297492980957,46.1520881652832],[13.475451469421387,46.08650588989258],[13.633292198181152,45.75876998901367],[13.551718711853027,45.75876998901367],[13.14384937286377,45.75876998901367],[13.14291763305664,45.693260192871094],[12.162785530090332,45.496795654296875],[12.160021781921387,45.169586181640625]]],[[[10.45510196685791,42.88639831542969],[10.455166816711426,42.691246032714844],[10.21481990814209,42.691246032714844],[10.134284973144531,42.88639831542969],[10.214488983154297,42.88639831542969],[10.45510196685791,42.88639831542969]]]]}},{"type":"Feature","properties":{"Name":"Montenegro","FromYear":1885,"ToYear":1910,"Area":8889.220644872123,"Type":"POLITY","Wikipedia":"Montenegro","Wikidata":"Q236","SeshatID":"","Components":"","MemberOf":"","DISPLAY_NAME":"Montenegro","ADMIN_NAME":"Montenegro","TERRITORIAL_STATUS":"sovereign","TERRITORIAL_STATUS_ZH":"独立政治实体","POLICY_NOTE":"按 ClioPatria 目标年份记录的实际控制几何显示","SOURCE_NAME":"Montenegro","WIKIPEDIA_URL":"https://en.wikipedia.org/wiki/Montenegro","WIKIDATA_URL":"https://www.wikidata.org/wiki/Q236","SESHAT_URL":"","DATA_SOURCE":"ClioPatria ad28a691","LEADER":"领导人资料待补充","LEADER_SOURCE_URL":""},"geometry":{"type":"Polygon","coordinates":[[[19.23607635498047,42.041324615478516],[19.232942581176758,41.97637939453125],[19.3127384185791,41.97637939453125],[19.309585571289062,41.911441802978516],[19.389352798461914,41.911441802978516],[19.415058135986328,42.43117141723633],[19.661739349365234,42.56119155883789],[19.68539047241211,43.016544342041016],[18.978776931762695,43.342071533203125],[18.65407943725586,43.276947021484375],[18.47258949279785,42.82133865356445],[18.71311378479004,42.82133865356445],[18.85202980041504,42.36617660522461],[18.8489990234375,42.30118942260742],[19.156251907348633,42.041324615478516],[19.23607635498047,42.041324615478516]]]}},{"type":"Feature","properties":{"Name":"Republic of Chile","FromYear":1885,"ToYear":1904,"Area":731612.5412584988,"Type":"POLITY","Wikipedia":"Chile","Wikidata":"Q298","SeshatID":"ch_chile_rep_1","Components":"","MemberOf":"","DISPLAY_NAME":"Republic of Chile","ADMIN_NAME":"Republic of Chile","TERRITORIAL_STATUS":"sovereign","TERRITORIAL_STATUS_ZH":"独立政治实体","POLICY_NOTE":"按 ClioPatria 目标年份记录的实际控制几何显示","SOURCE_NAME":"Republic of Chile","WIKIPEDIA_URL":"https://en.wikipedia.org/wiki/Chile","WIKIDATA_URL":"https://www.wikidata.org/wiki/Q298","SESHAT_URL":"https://seshat-db.com/core/polity/ch_chile_rep_1","DATA_SOURCE":"ClioPatria ad28a691","LEADER":"领导人资料待补充","LEADER_SOURCE_URL":""},"geometry":{"type":"MultiPolygon","coordinates":[[[[-67.54149627685547,-55.84754943847656],[-67.4100570678711,-55.64251708984375],[-67.23480224609375,-55.64251708984375],[-67.234375,-55.779178619384766],[-67.27816009521484,-55.84754943847656],[-67.54149627685547,-55.84754943847656]]],[[[-68.37297058105469,-55.369510650634766],[-68.1106948852539,-55.369510650634766],[-68.15442657470703,-55.43772506713867],[-67.97947692871094,-55.43772506713867],[-67.97950744628906,-55.57422637939453],[-67.89193725585938,-55.57422637939453],[-67.97982025146484,-55.71083450317383],[-68.28632354736328,-55.64251708984375],[-68.24223327636719,-55.57422637939453],[-68.50496673583984,-55.57422637939453],[-68.37297058105469,-55.369510650634766]]],[[[-74.7114486694336,-52.72838592529297],[-74.54031372070312,-52.72838592529297],[-74.54150390625,-52.86296844482422],[-74.62715911865234,-52.86296844482422],[-74.79846954345703,-52.86296844482422],[-74.7114486694336,-52.72838592529297]]],[[[-74.22306060791016,-44.196937561035156],[-73.9806137084961,-44.196937561035156],[-74.04410552978516,-44.32747268676758],[-74.0759506225586,-44.392757415771484],[-74.2377700805664,-44.392757415771484],[-74.22306060791016,-44.196937561035156]]],[[[-74.1948471069336,-43.805572509765625],[-73.95295715332031,-43.805572509765625],[-74.01579284667969,-43.93598937988281],[-74.04730224609375,-44.0012092590332],[-74.28947448730469,-44.0012092590332],[-74.1948471069336,-43.805572509765625]]],[[[-67.45784759521484,-24.01500701904297],[-67.71328735351562,-24.207876205444336],[-68.25736236572266,-24.336454391479492],[-68.61080169677734,-24.65790557861328],[-68.65557861328125,-24.915069580078125],[-68.52871704101562,-25.04365348815918],[-68.69683074951172,-25.55799102783203],[-68.48181915283203,-26.008041381835938],[-68.66998291015625,-26.58667755126953],[-68.4214096069336,-26.843847274780273],[-68.46084594726562,-27.03672218322754],[-68.95201110839844,-27.229597091674805],[-69.34457397460938,-28.001075744628906],[-69.73321533203125,-28.386796951293945],[-69.89910888671875,-29.093917846679688],[-70.08135223388672,-29.22247886657715],[-70.1601333618164,-29.54387092590332],[-70.08443450927734,-29.54387092590332],[-70.13243865966797,-29.7367000579834],[-70.01322174072266,-29.865249633789062],[-70.06211853027344,-30.058069229125977],[-69.95986938476562,-30.250883102416992],[-70.36424255371094,-30.636499404907227],[-70.40882873535156,-31.08637237548828],[-70.68983459472656,-31.2791748046875],[-70.74317932128906,-31.47197914123535],[-70.66699981689453,-31.47197914123535],[-70.68083190917969,-31.793325424194336],[-70.43033599853516,-31.98613739013672],[-70.44609069824219,-32.30750274658203],[-70.25403594970703,-32.43605422973633],[-70.29042053222656,-32.82173156738281],[-70.09876251220703,-32.95029830932617],[-70.19477081298828,-33.2717399597168],[-69.92674255371094,-33.40032196044922],[-70.04673767089844,-34.04334259033203],[-69.93289947509766,-34.17197036743164],[-70.24458312988281,-34.42924118041992],[-70.65455627441406,-35.45869827270508],[-70.50785827636719,-35.71617126464844],[-70.55089569091797,-35.84492492675781],[-70.47342681884766,-35.84492492675781],[-70.48260498046875,-36.10247039794922],[-71.18061065673828,-36.55331039428711],[-71.31622314453125,-36.93989562988281],[-71.23838806152344,-36.93989562988281],[-71.30706787109375,-37.133243560791016],[-71.22917175292969,-37.133243560791016],[-71.29842376708984,-37.326629638671875],[-71.220458984375,-37.326629638671875],[-71.30633544921875,-37.77802658081055],[-71.1669692993164,-38.036075592041016],[-71.21493530273438,-38.165130615234375],[-71.08246612548828,-38.22966766357422],[-71.10108947753906,-38.48786163330078],[-70.96871185302734,-38.552425384521484],[-71.04234313964844,-38.74614715576172],[-71.43092346191406,-38.93992233276367],[-71.58076477050781,-39.521575927734375],[-71.79013061523438,-39.65090560913086],[-71.86853790283203,-39.84494400024414],[-71.7108383178711,-40.03904342651367],[-71.92346954345703,-40.36268615722656],[-71.79219818115234,-40.427433013916016],[-72.03507232666016,-40.81608581542969],[-71.93165588378906,-40.94569396972656],[-71.99162292480469,-41.26985549926758],[-71.9121322631836,-41.26985549926758],[-72.03083801269531,-41.72401428222656],[-71.82669830322266,-41.98371505737305],[-71.88447570800781,-42.11361312866211],[-72.18231201171875,-42.24354934692383],[-72.27029418945312,-42.438514709472656],[-72.13971710205078,-42.50352096557617],[-72.24728393554688,-43.08898162841797],[-71.9560775756836,-43.15407943725586],[-71.85548400878906,-43.2843017578125],[-71.97642517089844,-43.54486083984375],[-71.84575653076172,-43.610023498535156],[-71.88715362548828,-43.87077713012695],[-71.75642395019531,-43.93598937988281],[-71.94129180908203,-44.32747268676758],[-71.72959899902344,-44.392757415771484],[-71.7605972290039,-44.45804977416992],[-71.35589599609375,-44.45804977416992],[-71.25575256347656,-44.58866882324219],[-71.34880828857422,-44.78467559814453],[-71.97926330566406,-44.91539764404297],[-71.55491638183594,-45.046165466308594],[-71.40531158447266,-45.24239730834961],[-71.46832275390625,-45.37327194213867],[-71.38693237304688,-45.37327194213867],[-71.75810241699219,-45.63515853881836],[-71.85404205322266,-45.831695556640625],[-71.7549819946289,-45.9627799987793],[-71.9166259765625,-46.290706634521484],[-71.67009735107422,-46.61894226074219],[-71.9328384399414,-46.8160400390625],[-72.03504180908203,-47.34222412109375],[-72.23355865478516,-47.40806198120117],[-72.5416259765625,-48.001220703125],[-72.31474304199219,-48.1992073059082],[-72.67987823486328,-48.72784423828125],[-72.59675598144531,-48.72784423828125],[-72.7043228149414,-48.92634201049805],[-73.02653503417969,-49.058753967285156],[-73.57222747802734,-49.58906555175781],[-73.48004913330078,-49.7218132019043],[-73.55561065673828,-49.85462951660156],[-73.47184753417969,-49.85462951660156],[-73.57893371582031,-50.18697738647461],[-73.26820373535156,-50.519771575927734],[-73.34071350097656,-50.786338806152344],[-73.12712860107422,-50.85302734375],[-72.87993621826172,-50.719669342041016],[-72.37425231933594,-50.719669342041016],[-72.23819732666016,-50.919734954833984],[-72.395751953125,-51.18675994873047],[-72.31118774414062,-51.18675994873047],[-72.34590911865234,-51.387229919433594],[-72.26121520996094,-51.387229919433594],[-72.38156127929688,-51.5878791809082],[-72.16328430175781,-51.7887077331543],[-72.2038803100586,-51.85569381713867],[-72.03389739990234,-51.85569381713867],[-72.03022766113281,-51.989723205566406],[-71.7305908203125,-52.056766510009766],[-71.77140045166016,-52.12383270263672],[-69.4719009399414,-52.12383270263672],[-69.51165771484375,-52.190921783447266],[-69.25602722167969,-52.190921783447266],[-69.29578399658203,-52.25802993774414],[-69.33565521240234,-52.32516098022461],[-69.50116729736328,-52.4594841003418],[-69.19973754882812,-52.526676177978516],[-69.19481658935547,-52.661128997802734],[-68.55616760253906,-52.59389114379883],[-68.55073547363281,-52.72838592529297],[-68.5909423828125,-52.7956657409668],[-68.71229553222656,-52.99763870239258],[-68.62654876708984,-52.99763870239258],[-68.70796203613281,-53.13240051269531],[-68.62213134765625,-53.13240051269531],[-68.70394134521484,-53.267250061035156],[-68.61801147460938,-53.267250061035156],[-68.6968002319336,-53.5372200012207],[-68.61068725585938,-53.5372200012207],[-68.68832397460938,-53.94287109375],[-68.6019287109375,-53.94287109375],[-68.68000030517578,-54.6208610534668],[-68.59312438964844,-54.6208610534668],[-68.67919158935547,-54.756752014160156],[-68.59221649169922,-54.756752014160156],[-68.67865753173828,-54.89274597167969],[-68.72205352783203,-54.960777282714844],[-68.63493347167969,-54.960777282714844],[-68.54780578613281,-54.960777282714844],[-68.46067810058594,-54.960777282714844],[-68.3735580444336,-54.960777282714844],[-68.28643035888672,-54.960777282714844],[-68.19931030273438,-54.960777282714844],[-66.9349136352539,-55.02883529663086],[-66.97750854492188,-55.096920013427734],[-67.14903259277344,-55.369510650634766],[-68.24183654785156,-55.30132293701172],[-68.15476989746094,-55.1650276184082],[-68.37308502197266,-55.096920013427734],[-68.41658020019531,-55.30132293701172],[-68.63589477539062,-55.50596237182617],[-68.89847564697266,-55.50596237182617],[-68.94082641601562,-55.30132293701172],[-69.20294952392578,-55.30132293701172],[-69.24857330322266,-55.50596237182617],[-69.59867095947266,-55.50596237182617],[-69.55401611328125,-55.43772506713867],[-69.72896575927734,-55.43772506713867],[-69.63981628417969,-55.30132293701172],[-70.0766830444336,-55.30132293701172],[-69.81063079833984,-54.89274597167969],[-69.59265899658203,-54.824737548828125],[-70.24600982666016,-54.89274597167969],[-70.33470916748047,-55.02883529663086],[-70.16035461425781,-55.02883529663086],[-70.24934387207031,-55.1650276184082],[-70.55598449707031,-55.2331657409668],[-70.51116180419922,-55.1650276184082],[-70.98979949951172,-55.096920013427734],[-70.9001693725586,-54.960777282714844],[-70.33308410644531,-54.89274597167969],[-70.7684555053711,-54.89274597167969],[-70.67964935302734,-54.756752014160156],[-71.07209777832031,-54.824737548828125],[-71.02755737304688,-54.756752014160156],[-71.28849029541016,-54.756752014160156],[-71.24392700195312,-54.68879699707031],[-72.06826782226562,-54.6208610534668],[-71.9787826538086,-54.485069274902344],[-71.58729553222656,-54.41720962524414],[-71.0241928100586,-54.485069274902344],[-70.76225280761719,-54.21377944946289],[-70.9354248046875,-54.21377944946289],[-71.02294921875,-54.3493766784668],[-71.62974548339844,-54.3493766784668],[-71.58557891845703,-54.28156280517578],[-71.7147216796875,-54.21377944946289],[-71.80310821533203,-54.3493766784668],[-71.97647857666016,-54.3493766784668],[-71.97447967529297,-54.21377944946289],[-72.40742492675781,-54.21377944946289],[-72.40525817871094,-54.078277587890625],[-72.92694854736328,-54.21377944946289],[-72.74899291992188,-53.94287109375],[-73.3566665649414,-54.078277587890625],[-73.31195831298828,-54.010562896728516],[-73.4401626586914,-53.94287109375],[-73.35118865966797,-53.807559967041016],[-73.61009979248047,-53.807559967041016],[-73.5633316040039,-53.60477066040039],[-73.69146728515625,-53.5372200012207],[-73.60346984863281,-53.40218734741211],[-73.68949127197266,-53.40218734741211],[-73.68785095214844,-53.267250061035156],[-73.85971069335938,-53.267250061035156],[-73.77238464355469,-53.13240051269531],[-74.15951538085938,-53.19981384277344],[-74.07208251953125,-53.065006256103516],[-74.37324523925781,-53.13240051269531],[-74.32946014404297,-53.065006256103516],[-74.6287841796875,-52.99763870239258],[-74.28453826904297,-52.86296844482422],[-74.37154388427734,-52.99763870239258],[-74.07087707519531,-52.930294036865234],[-74.11431121826172,-52.99763870239258],[-73.42903137207031,-53.13240051269531],[-73.21428680419922,-52.661128997802734],[-73.55634307861328,-52.7956657409668],[-73.9843978881836,-52.7956657409668],[-73.94114685058594,-52.59389114379883],[-74.02661895751953,-52.59389114379883],[-73.8988037109375,-52.392311096191406],[-74.32551574707031,-52.392311096191406],[-74.11540985107422,-51.922698974609375],[-74.4124526977539,-51.989723205566406],[-74.41370391845703,-51.85569381713867],[-74.58368682861328,-51.85569381713867],[-74.70989227294922,-52.056766510009766],[-75.0928955078125,-52.12383270263672],[-74.88301086425781,-51.65480041503906],[-74.54188537597656,-51.7887077331543],[-73.9521255493164,-51.52097702026367],[-74.29124450683594,-51.52097702026367],[-74.2530288696289,-51.32038497924805],[-74.04307556152344,-51.253562927246094],[-74.4254150390625,-51.18675994873047],[-74.79991912841797,-51.52097702026367],[-75.01278686523438,-51.45409393310547],[-75.09586334228516,-51.5878791809082],[-75.39219665527344,-51.65480041503906],[-75.26885986328125,-51.32038497924805],[-74.93025207519531,-51.32038497924805],[-74.76368713378906,-51.18675994873047],[-75.0640640258789,-50.9864616394043],[-74.94691467285156,-50.653018951416016],[-74.64983367919922,-50.719669342041016],[-74.60995483398438,-50.653018951416016],[-74.6941909790039,-50.653018951416016],[-74.49111938476562,-50.45317840576172],[-74.58065032958984,-50.32004165649414],[-74.83277130126953,-50.32004165649414],[-74.71537780761719,-50.1204719543457],[-74.9671401977539,-50.1204719543457],[-75.00625610351562,-50.18697738647461],[-74.83833312988281,-50.18697738647461],[-74.91680908203125,-50.32004165649414],[-75.2481918334961,-50.45317840576172],[-75.28802490234375,-50.519771575927734],[-75.11970520019531,-50.519771575927734],[-75.23979949951172,-50.719669342041016],[-75.32054901123047,-50.85302734375],[-75.48927307128906,-50.85302734375],[-75.4487533569336,-50.786338806152344],[-75.5769271850586,-50.719669342041016],[-75.37664794921875,-50.386600494384766],[-75.54480743408203,-50.386600494384766],[-75.42605590820312,-50.18697738647461],[-75.2636947631836,-50.053985595703125],[-74.92816925048828,-50.053985595703125],[-74.81207275390625,-49.85462951660156],[-75.64971160888672,-49.85462951660156],[-75.61731719970703,-49.65542984008789],[-75.4116439819336,-49.58906555175781],[-75.57886505126953,-49.58906555175781],[-75.50980377197266,-49.32377624511719],[-75.76017761230469,-49.32377624511719],[-75.5257797241211,-49.058753967285156],[-75.77570343017578,-49.058753967285156],[-75.66344451904297,-48.86016082763672],[-75.41385650634766,-48.86016082763672],[-75.25670623779297,-48.72784423828125],[-75.801513671875,-48.66170883178711],[-75.53502655029297,-48.33127212524414],[-75.71094512939453,-48.1992073059082],[-75.6385726928711,-48.067203521728516],[-74.59832000732422,-48.13319778442383],[-74.45626068115234,-47.86930847167969],[-74.8341064453125,-47.80337142944336],[-74.47177124023438,-47.276405334472656],[-74.15594482421875,-47.14480209350586],[-74.34798431396484,-46.88176727294922],[-75.08724212646484,-46.88176727294922],[-75.1827621459961,-46.750328063964844],[-75.11434173583984,-46.61894226074219],[-75.47666931152344,-46.684627532958984],[-75.38131713867188,-46.8160400390625],[-75.48504638671875,-47.01325988769531],[-75.7316665649414,-47.01325988769531],[-75.82650756835938,-46.88176727294922],[-75.4697036743164,-46.356327056884766],[-74.87738037109375,-46.15950012207031],[-74.9737777709961,-46.02833938598633],[-75.21890258789062,-46.02833938598633],[-75.15185546875,-45.89723205566406],[-74.62877655029297,-45.831695556640625],[-74.54515075683594,-45.50419235229492],[-74.2193603515625,-45.50419235229492],[-74.15398406982422,-45.37327194213867],[-74.25150299072266,-45.24239730834961],[-74.4954605102539,-45.24239730834961],[-74.3165283203125,-45.046165466308594],[-74.15408325195312,-45.046165466308594],[-74.02501678466797,-44.78467559814453],[-74.5439682006836,-44.850032806396484],[-74.52808380126953,-44.653995513916016],[-73.68583679199219,-44.58866882324219],[-73.70063018798828,-44.78467559814453],[-73.6195297241211,-44.78467559814453],[-73.26686096191406,-44.392757415771484],[-73.41490936279297,-44.196937561035156],[-73.06602478027344,-43.805572509765625],[-73.26455688476562,-43.54486083984375],[-72.90943145751953,-42.95881652832031],[-73.0396957397461,-42.89374542236328],[-72.91030883789062,-42.438514709472656],[-72.99031066894531,-42.438514709472656],[-72.90154266357422,-42.24354934692383],[-72.63245391845703,-42.1785774230957],[-72.71234130859375,-42.1785774230957],[-72.6538314819336,-42.04866027832031],[-73.02368927001953,-41.98371505737305],[-72.7988510131836,-41.65911102294922],[-72.95816802978516,-41.65911102294922],[-72.92935180664062,-41.594215393066406],[-73.1682357788086,-41.594215393066406],[-73.28433990478516,-41.85384750366211],[-73.60330963134766,-41.85384750366211],[-73.61176300048828,-42.04866027832031],[-73.43131256103516,-42.1785774230957],[-73.72048950195312,-42.63356018066406],[-73.57080078125,-42.82868576049805],[-73.6315689086914,-42.95881652832031],[-73.55133056640625,-42.95881652832031],[-73.6429443359375,-43.15407943725586],[-73.87755584716797,-43.479705810546875],[-74.53938293457031,-43.34942626953125],[-74.35370635986328,-42.95881652832031],[-74.43394470214844,-42.95881652832031],[-74.27033233642578,-42.438514709472656],[-74.37003326416016,-42.308528900146484],[-74.13204956054688,-41.78892517089844],[-73.84253692626953,-41.85384750366211],[-73.81318664550781,-41.78892517089844],[-73.89290618896484,-41.78892517089844],[-73.88490295410156,-41.594215393066406],[-74.09463500976562,-41.529327392578125],[-74.03657531738281,-41.399574279785156],[-74.13784790039062,-41.26985549926758],[-73.90122985839844,-40.36268615722656],[-73.98033905029297,-40.36268615722656],[-73.81615447998047,-39.97433853149414],[-73.52547454833984,-39.84494400024414],[-73.57758331298828,-39.78025817871094],[-73.36626434326172,-39.45692443847656],[-73.44501495361328,-39.45692443847656],[-73.42035675048828,-39.0045280456543],[-73.68513488769531,-38.68156814575195],[-73.6344985961914,-38.552425384521484],[-73.74090576171875,-38.42330551147461],[-73.61634826660156,-38.10060119628906],[-73.83074951171875,-37.842533111572266],[-73.76325988769531,-37.45557403564453],[-73.84127044677734,-37.45557403564453],[-73.74562072753906,-37.19770050048828],[-73.33240509033203,-37.133243560791016],[-73.24687194824219,-36.68215560913086],[-72.97697448730469,-36.360069274902344],[-72.76463317871094,-35.52306365966797],[-72.42416381835938,-35.20127487182617],[-72.10264587402344,-33.979034423828125],[-71.9082260131836,-33.85042190551758],[-71.8076400756836,-33.52891540527344],[-71.92125701904297,-33.40032196044922],[-71.6297378540039,-32.69316864013672],[-71.70624542236328,-32.69316864013672],[-71.6109848022461,-32.37178039550781],[-71.76494598388672,-32.114681243896484],[-71.71183013916016,-31.664785385131836],[-71.82779693603516,-31.53624725341797],[-71.77355194091797,-31.343442916870117],[-71.84969329833984,-31.343442916870117],[-71.8597640991211,-30.829303741455078],[-71.93577575683594,-30.829303741455078],[-71.79762268066406,-30.315153121948242],[-71.62892150878906,-30.250883102416992],[-71.42005920410156,-29.7367000579834],[-71.49579620361328,-29.7367000579834],[-71.49042510986328,-29.415315628051758],[-71.72916412353516,-29.1581974029541],[-71.6507339477539,-28.836788177490234],[-71.31739044189453,-28.386796951293945],[-71.2601547241211,-27.808208465576172],[-71.18484497070312,-27.808208465576172],[-70.93541717529297,-26.650970458984375],[-70.86033630371094,-26.650970458984375],[-70.7818603515625,-26.265213012695312],[-70.8934326171875,-26.07233428955078],[-70.88081359863281,-25.622283935546875],[-70.61961364746094,-25.429405212402344],[-70.57182312011719,-25.172237396240234],[-70.73779296875,-24.850778579711914],[-70.66719818115234,-24.01500701904297],[-70.65640258789062,-23.95071792602539],[-67.59671783447266,-23.95071792602539],[-67.52208709716797,-23.95071792602539],[-67.44746398925781,-23.95071792602539],[-67.45784759521484,-24.01500701904297]]],[[[-68.70275115966797,-19.257776260375977],[-68.58952331542969,-19.514923095703125],[-69.03009033203125,-20.029216766357422],[-69.12805938720703,-20.736366271972656],[-69.36736297607422,-21.379228591918945],[-70.00814056396484,-21.700658798217773],[-70.23107147216797,-21.700658798217773],[-70.22166442871094,-21.63637351989746],[-70.22156524658203,-21.12208366394043],[-70.2957992553711,-21.12208366394043],[-70.29682922363281,-20.6077938079834],[-70.3709945678711,-20.6077938079834],[-70.2628173828125,-19.83635711669922],[-70.33688354492188,-19.83635711669922],[-70.30113220214844,-19.57921028137207],[-70.37517547607422,-19.57921028137207],[-70.43451690673828,-18.93634033203125],[-70.50847625732422,-18.93634033203125],[-70.43856048583984,-18.422040939331055],[-70.58634948730469,-18.422040939331055],[-70.70813751220703,-18.22917938232422],[-71.19064331054688,-17.972028732299805],[-71.18204498291016,-17.90774154663086],[-70.85269927978516,-17.650590896606445],[-70.82744598388672,-17.457727432250977],[-70.58943939208984,-17.329151153564453],[-70.47452545166016,-17.00771141052246],[-69.70428466796875,-17.329151153564453],[-69.4184799194336,-17.972028732299805],[-69.21379852294922,-18.100603103637695],[-69.173828125,-18.35775375366211],[-69.1823501586914,-18.422040939331055],[-68.97266387939453,-19.06491470336914],[-68.70275115966797,-19.257776260375977]]]]}},{"type":"Feature","properties":{"Name":"Bolivia","FromYear":1885,"ToYear":1904,"Area":1575361.4902055901,"Type":"POLITY","Wikipedia":"Bolivia","Wikidata":"Q750","SeshatID":"bo_bolivia_rep","Components":"","MemberOf":"","DISPLAY_NAME":"Bolivia","ADMIN_NAME":"Bolivia","TERRITORIAL_STATUS":"sovereign","TERRITORIAL_STATUS_ZH":"独立政治实体","POLICY_NOTE":"按 ClioPatria 目标年份记录的实际控制几何显示","SOURCE_NAME":"Bolivia","WIKIPEDIA_URL":"https://en.wikipedia.org/wiki/Bolivia","WIKIDATA_URL":"https://www.wikidata.org/wiki/Q750","SESHAT_URL":"https://seshat-db.com/core/polity/bo_bolivia_rep","DATA_SOURCE":"ClioPatria ad28a691","LEADER":"领导人资料待补充","LEADER_SOURCE_URL":""},"geometry":{"type":"Polygon","coordinates":[[[-71.568603515625,-7.878862857818604],[-72.86854553222656,-7.621712207794189],[-73.57814025878906,-7.235986709594727],[-73.79702758789062,-7.235986709594727],[-73.80366516113281,-7.364562034606934],[-74.02933502197266,-7.493137359619141],[-74.03970336914062,-7.685999870300293],[-73.82779693603516,-7.8145751953125],[-73.84221649169922,-8.071725845336914],[-73.49580383300781,-8.393163681030273],[-73.37301635742188,-8.778888702392578],[-73.09284210205078,-8.971752166748047],[-73.19490051269531,-9.421764373779297],[-72.54145812988281,-9.486052513122559],[-72.26630401611328,-9.743202209472656],[-72.14220428466797,-10.064640045166016],[-71.55729675292969,-10.064640045166016],[-71.25601959228516,-9.936064720153809],[-70.78758239746094,-9.486052513122559],[-70.64142608642578,-9.486052513122559],[-70.67152404785156,-10.964664459228516],[-70.31536102294922,-11.093239784240723],[-70.15931701660156,-10.964664459228516],[-69.57394409179688,-10.964664459228516],[-69.46173095703125,-11.414677619934082],[-69.32032012939453,-11.478964805603027],[-69.33549499511719,-11.67182731628418],[-69.19416809082031,-11.736114501953125],[-68.8862533569336,-12.443277359008789],[-68.74517822265625,-12.50756549835205],[-68.84078216552734,-12.764715194702148],[-68.9930648803711,-12.82900333404541],[-69.0951156616211,-13.921893119812012],[-68.96099853515625,-14.050468444824219],[-68.9803237915039,-14.243330955505371],[-69.40099334716797,-14.757633209228516],[-69.42869567871094,-15.014784812927246],[-69.2957534790039,-15.14336109161377],[-69.41980743408203,-15.593376159667969],[-69.34623718261719,-15.593376159667969],[-68.94929504394531,-15.979104042053223],[-69.04563903808594,-16.171968460083008],[-68.75872802734375,-16.236255645751953],[-68.84770965576172,-16.364831924438477],[-68.9950180053711,-16.364831924438477],[-68.93685150146484,-16.493408203125],[-69.018310546875,-16.557695388793945],[-69.09198760986328,-16.557695388793945],[-69.70428466796875,-17.329151153564453],[-69.4184799194336,-17.972028732299805],[-69.21379852294922,-18.100603103637695],[-69.173828125,-18.35775375366211],[-69.1823501586914,-18.422040939331055],[-68.97266387939453,-19.06491470336914],[-68.70275115966797,-19.257776260375977],[-68.58952331542969,-19.514923095703125],[-69.03009033203125,-20.029216766357422],[-69.12805938720703,-20.736366271972656],[-69.36736297607422,-21.379228591918945],[-70.00814056396484,-21.700658798217773],[-70.23107147216797,-21.700658798217773],[-70.24049377441406,-21.76494598388672],[-70.39552307128906,-22.793533325195312],[-70.51019287109375,-23.050682067871094],[-70.75408172607422,-23.179258346557617],[-70.80585479736328,-23.50069808959961],[-70.528564453125,-23.629274368286133],[-70.6456527709961,-23.886428833007812],[-70.65640258789062,-23.95071792602539],[-67.59671783447266,-23.95071792602539],[-67.52208709716797,-23.95071792602539],[-67.44746398925781,-23.95071792602539],[-67.45784759521484,-24.01500701904297],[-67.28789520263672,-23.886428833007812],[-67.16767883300781,-23.11496925354004],[-67.09317779541016,-23.11496925354004],[-67.25869750976562,-22.729246139526367],[-66.57914733886719,-22.150665283203125],[-66.43041229248047,-22.150665283203125],[-66.31060791015625,-21.82923126220703],[-65.83544921875,-22.150665283203125],[-64.86863708496094,-22.150665283203125],[-64.60719299316406,-22.40781021118164],[-64.51331329345703,-22.793533325195312],[-64.35517120361328,-22.729246139526367],[-64.21717834472656,-22.279237747192383],[-64.04168701171875,-22.08637809753418],[-62.99189758300781,-22.022090911865234],[-62.93500518798828,-22.150665283203125],[-62.720645904541016,-22.214950561523438],[-62.73823165893555,-22.343524932861328],[-62.20509719848633,-22.793533325195312],[-62.22312545776367,-22.922107696533203],[-61.89621353149414,-23.243545532226562],[-61.541961669921875,-23.372121810913086],[-61.15985107421875,-23.822139739990234],[-59.938514709472656,-24.143585205078125],[-59.47339630126953,-24.529325485229492],[-59.18423843383789,-24.593616485595703],[-59.129051208496094,-24.722196578979492],[-58.05679702758789,-25.04365348815918],[-57.87236022949219,-25.30082130432129],[-57.72267532348633,-25.30082130432129],[-57.2603759765625,-24.722196578979492],[-57.2225227355957,-24.46503448486328],[-57.34397506713867,-24.272165298461914],[-57.3370475769043,-23.69356346130371],[-57.41163635253906,-23.69356346130371],[-57.49940490722656,-23.243545532226562],[-57.70570373535156,-23.11496925354004],[-57.820518493652344,-22.857820510864258],[-57.969451904296875,-22.857820510864258],[-57.77020263671875,-22.472097396850586],[-57.97686004638672,-22.343524932861328],[-57.95219802856445,-22.150665283203125],[-57.890777587890625,-21.057798385620117],[-58.19184875488281,-20.47922134399414],[-58.14572525024414,-20.093503952026367],[-57.98988342285156,-20.029216766357422],[-57.97463607788086,-19.900644302368164],[-58.181617736816406,-19.772069931030273],[-58.14364242553711,-19.45063591003418],[-57.80255889892578,-19.06491470336914],[-57.625701904296875,-18.164892196655273],[-57.79696273803711,-17.71487808227539],[-58.485198974609375,-17.264863967895508],[-58.46417236328125,-17.07200050354004],[-58.590789794921875,-16.879135131835938],[-58.46266555786133,-16.364831924438477],[-59.93571853637695,-16.364831924438477],[-60.21665954589844,-16.236255645751953],[-60.29075241088867,-15.529088973999023],[-60.56563949584961,-15.336224555969238],[-60.54658508300781,-15.14336109161377],[-60.307342529296875,-14.9504976272583],[-60.541168212890625,-14.307619094848633],[-60.57451248168945,-13.85760498046875],[-61.133853912353516,-13.536166191101074],[-61.79974365234375,-13.600454330444336],[-62.082130432128906,-13.471879005432129],[-62.07114791870117,-13.343303680419922],[-62.274932861328125,-13.15044116973877],[-62.85086441040039,-13.021865844726562],[-63.191017150878906,-12.700428009033203],[-63.55752182006836,-12.700428009033203],[-63.68851852416992,-12.50756549835205],[-64.13343048095703,-12.571852684020996],[-64.48946380615234,-12.443277359008789],[-64.82524108886719,-12.057552337646484],[-65.11322784423828,-11.993265151977539],[-65.10330200195312,-11.864689826965332],[-65.2448501586914,-11.800402641296387],[-65.4355697631836,-11.414677619934082],[-65.40316009521484,-10.964664459228516],[-65.5316162109375,-10.707514762878418],[-65.50990295410156,-10.386076927185059],[-65.3509750366211,-10.193214416503906],[-65.3995132446289,-9.807489395141602],[-65.6878890991211,-9.743202209472656],[-66.57316589355469,-9.871777534484863],[-66.6462631225586,-9.871777534484863],[-66.64217376708984,-9.807489395141602],[-69.27538299560547,-8.650314331054688],[-69.3410415649414,-8.52173900604248],[-69.62948608398438,-8.457450866699219],[-70.19213104248047,-8.071725845336914],[-71.49560546875,-7.878862857818604],[-71.568603515625,-7.878862857818604]]]}},{"type":"Feature","properties":{"Name":"First Hellenic Republic","FromYear":1885,"ToYear":1907,"Area":64329.340636431865,"Type":"POLITY","Wikipedia":"First Hellenic Republic","Wikidata":"Q528546","SeshatID":"","Components":"","MemberOf":"","DISPLAY_NAME":"First Hellenic Republic","ADMIN_NAME":"First Hellenic Republic","TERRITORIAL_STATUS":"sovereign","TERRITORIAL_STATUS_ZH":"独立政治实体","POLICY_NOTE":"按 ClioPatria 目标年份记录的实际控制几何显示","SOURCE_NAME":"First Hellenic Republic","WIKIPEDIA_URL":"https://en.wikipedia.org/wiki/First_Hellenic_Republic","WIKIDATA_URL":"https://www.wikidata.org/wiki/Q528546","SESHAT_URL":"","DATA_SOURCE":"ClioPatria ad28a691","LEADER":"领导人资料待补充","LEADER_SOURCE_URL":""},"geometry":{"type":"MultiPolygon","coordinates":[[[[23.10675048828125,36.15959167480469],[22.87404441833496,36.15959167480469],[22.887205123901367,36.417205810546875],[22.964859008789062,36.417205810546875],[23.116798400878906,36.3527946472168],[23.10675048828125,36.15959167480469]]],[[[20.922147750854492,37.641746520996094],[20.612695693969727,37.706241607666016],[20.621307373046875,37.89975357055664],[20.69947624206543,37.89975357055664],[20.933977127075195,37.89975357055664],[20.922147750854492,37.641746520996094]]],[[[20.7864933013916,38.09331130981445],[20.319902420043945,38.157840728759766],[20.328466415405273,38.351463317871094],[20.488054275512695,38.416015625],[20.566410064697266,38.416015625],[20.795446395874023,38.28691864013672],[20.7864933013916,38.09331130981445]]],[[[23.312631607055664,38.48057174682617],[23.626148223876953,38.48057174682617],[23.563383102416992,38.738853454589844],[24.030162811279297,38.67427444458008],[24.178871154785156,38.54513168334961],[24.158668518066406,38.22237777709961],[24.002099990844727,38.22237777709961],[23.9786319732666,37.835243225097656],[23.44280242919922,38.028785705566406],[23.208162307739258,38.028785705566406],[23.20083236694336,37.89975357055664],[23.044498443603516,37.89975357055664],[23.108261108398438,37.641746520996094],[23.342487335205078,37.641746520996094],[23.413257598876953,37.51277160644531],[23.402393341064453,37.3193473815918],[23.168506622314453,37.3193473815918],[23.101137161254883,37.51277160644531],[22.71442985534668,37.5772590637207],[22.700735092163086,37.3193473815918],[22.853219985961914,37.254878997802734],[23.056013107299805,36.67487716674805],[22.83283233642578,36.8681755065918],[22.59941291809082,36.8681755065918],[22.51182746887207,36.67487716674805],[22.35634422302246,36.67487716674805],[22.21999168395996,37.06150817871094],[21.90850067138672,37.06150817871094],[21.899152755737305,36.8681755065918],[21.743539810180664,36.8681755065918],[21.681032180786133,37.1904182434082],[21.60311508178711,37.1904182434082],[21.696598052978516,37.51277160644531],[21.243581771850586,37.835243225097656],[21.415550231933594,38.157840728759766],[21.728593826293945,38.157840728759766],[21.738431930541992,38.351463317871094],[21.19325065612793,38.416015625],[20.973709106445312,38.738853454589844],[20.74135398864746,38.80344009399414],[20.91095733642578,39.06184005737305],[20.602754592895508,39.19107437133789],[20.605867385864258,39.25570297241211],[20.69722557067871,39.51427459716797],[21.0156192779541,39.57893371582031],[21.272624969482422,39.9670295715332],[22.697689056396484,40.031734466552734],[22.69373321533203,39.9670295715332],[22.610868453979492,39.90232849121094],[22.764768600463867,39.8376350402832],[22.756925582885742,39.70827102661133],[23.135168075561523,39.449623107910156],[22.816326141357422,39.38497543334961],[22.797286987304688,39.06184005737305],[22.95830535888672,39.1264533996582],[23.10781478881836,38.997230529785156],[23.34353256225586,38.997230529785156],[23.488826751708984,38.80344009399414],[23.178667068481445,38.8680305480957],[23.182519912719727,38.93262481689453],[22.943096160888672,38.8680305480957],[22.935583114624023,38.738853454589844],[23.16720199584961,38.67427444458008],[23.312631607055664,38.48057174682617]]],[[[23.488826751708984,38.80344009399414],[23.56732749938965,38.80344009399414],[23.563383102416992,38.738853454589844],[23.484909057617188,38.738853454589844],[23.488826751708984,38.80344009399414]]],[[[19.75778579711914,39.64360046386719],[19.76365852355957,39.77294921875],[19.921405792236328,39.77294921875],[19.918411254882812,39.70827102661133],[19.912464141845703,39.57893371582031],[19.75778579711914,39.64360046386719]]],[[[25.330806732177734,36.9970588684082],[25.339021682739258,37.12596130371094],[25.416915893554688,37.12596130371094],[25.57270622253418,37.12596130371094],[25.56435775756836,36.9970588684082],[25.330806732177734,36.9970588684082]]],[[[24.201318740844727,37.641746520996094],[24.28331756591797,37.706241607666016],[24.36141586303711,37.706241607666016],[24.43158721923828,37.5772590637207],[24.27158546447754,37.51277160644531],[24.201318740844727,37.641746520996094]]],[[[25.285974502563477,37.51277160644531],[25.0518856048584,37.51277160644531],[24.986202239990234,37.706241607666016],[25.064300537109375,37.706241607666016],[25.220497131347656,37.706241607666016],[25.285974502563477,37.51277160644531]]],[[[24.681930541992188,37.835243225097656],[24.694225311279297,38.028785705566406],[24.772438049316406,38.028785705566406],[25.068470001220703,37.7707405090332],[24.830005645751953,37.706241607666016],[24.681930541992188,37.835243225097656]]],[[[24.35651969909668,38.8680305480957],[24.364974975585938,38.997230529785156],[24.443546295166016,38.997230529785156],[24.674930572509766,38.93262481689453],[24.662033081054688,38.738853454589844],[24.35651969909668,38.8680305480957]]]]}},{"type":"Feature","properties":{"Name":"Principality of Bulgaria","FromYear":1885,"ToYear":1911,"Area":99673.81586176262,"Type":"POLITY","Wikipedia":"Principality of Bulgaria","Wikidata":"Q815731","SeshatID":"","Components":"","MemberOf":"","DISPLAY_NAME":"Principality of Bulgaria","ADMIN_NAME":"Principality of Bulgaria","TERRITORIAL_STATUS":"sovereign","TERRITORIAL_STATUS_ZH":"独立政治实体","POLICY_NOTE":"按 ClioPatria 目标年份记录的实际控制几何显示","SOURCE_NAME":"Principality of Bulgaria","WIKIPEDIA_URL":"https://en.wikipedia.org/wiki/Principality_of_Bulgaria","WIKIDATA_URL":"https://www.wikidata.org/wiki/Q815731","SESHAT_URL":"","DATA_SOURCE":"ClioPatria ad28a691","LEADER":"领导人资料待补充","LEADER_SOURCE_URL":""},"geometry":{"type":"Polygon","coordinates":[[[28.501420974731445,43.6678352355957],[28.48109245300293,43.472347259521484],[28.159194946289062,43.472347259521484],[28.22636604309082,43.342071533203125],[27.89820098876953,43.276947021484375],[27.80489730834961,43.146724700927734],[27.84662628173828,42.75628662109375],[27.513538360595703,42.62621307373047],[27.494890213012695,42.43117141723633],[27.796031951904297,42.236209869384766],[27.789779663085938,42.17123794555664],[27.550132751464844,42.17123794555664],[27.458030700683594,42.041324615478516],[27.064865112304688,42.10627746582031],[26.574190139770508,41.97637939453125],[26.397560119628906,41.781593322753906],[26.073184967041016,41.71668243408203],[26.12531852722168,41.39224624633789],[25.240070343017578,41.26253128051758],[25.091272354125977,41.39224624633789],[24.69356346130371,41.39224624633789],[24.469650268554688,41.586883544921875],[24.479537963867188,41.71668243408203],[24.32508087158203,41.781593322753906],[24.34984588623047,42.10627746582031],[24.20002555847168,42.236209869384766],[23.715782165527344,42.17123794555664],[23.546615600585938,42.041324615478516],[22.513214111328125,42.10627746582031],[22.370676040649414,42.36617660522461],[22.543785095214844,42.56119155883789],[22.39238739013672,42.691246032714844],[22.900545120239258,43.08163070678711],[22.909780502319336,43.211830139160156],[22.373964309692383,43.6026611328125],[22.400911331176758,43.99384307861328],[22.65691566467285,44.18956756591797],[22.894636154174805,44.12431716918945],[22.951791763305664,43.79821014404297],[23.601760864257812,43.86341094970703],[24.15087890625,43.6678352355957],[24.881397247314453,43.73301696777344],[25.434297561645508,43.6026611328125],[25.84855079650879,43.73301696777344],[26.113985061645508,43.99384307861328],[26.610553741455078,44.12431716918945],[27.337581634521484,44.12431716918945],[28.508222579956055,43.73301696777344],[28.501420974731445,43.6678352355957]]]}},{"type":"Feature","properties":{"Name":"Serbs","FromYear":1885,"ToYear":1910,"Area":49695.6171429101,"Type":"POLITY","Wikipedia":"Serbs","Wikidata":"Q127885","SeshatID":"","Components":"","MemberOf":"","DISPLAY_NAME":"Serbs","ADMIN_NAME":"Serbs","TERRITORIAL_STATUS":"sovereign","TERRITORIAL_STATUS_ZH":"独立政治实体","POLICY_NOTE":"按 ClioPatria 目标年份记录的实际控制几何显示","SOURCE_NAME":"Serbs","WIKIPEDIA_URL":"https://en.wikipedia.org/wiki/Serbs","WIKIDATA_URL":"https://www.wikidata.org/wiki/Q127885","SESHAT_URL":"","DATA_SOURCE":"ClioPatria ad28a691","LEADER":"领导人资料待补充","LEADER_SOURCE_URL":""},"geometry":{"type":"Polygon","coordinates":[[[22.50443458557129,44.32010269165039],[22.518192291259766,44.5159797668457],[22.689453125,44.64661407470703],[22.531999588012695,44.71194839477539],[22.275287628173828,44.5159797668457],[21.951416015625,44.5159797668457],[21.879146575927734,44.64661407470703],[21.40547752380371,44.842647552490234],[20.748632431030273,44.71194839477539],[20.590364456176758,44.77729415893555],[20.52076530456543,44.973392486572266],[20.280941009521484,45.03877639770508],[20.114822387695312,44.973392486572266],[20.019073486328125,44.71194839477539],[19.856950759887695,44.71194839477539],[19.624204635620117,44.908016204833984],[19.380733489990234,44.908016204833984],[19.117544174194336,44.5159797668457],[19.107723236083984,44.32010269165039],[19.498432159423828,44.05907440185547],[19.400859832763672,43.73301696777344],[19.55523681640625,43.6026611328125],[19.954360961914062,43.53750228881836],[20.108163833618164,43.407203674316406],[20.100984573364258,43.276947021484375],[20.824438095092773,43.276947021484375],[20.97349739074707,43.08163070678711],[21.134084701538086,43.08163070678711],[21.51111602783203,42.691246032714844],[21.827421188354492,42.62621307373047],[21.89916229248047,42.496177673339844],[22.139245986938477,42.496177673339844],[22.39238739013672,42.691246032714844],[22.900545120239258,43.08163070678711],[22.909780502319336,43.211830139160156],[22.373964309692383,43.6026611328125],[22.400911331176758,43.99384307861328],[22.65691566467285,44.18956756591797],[22.50443458557129,44.32010269165039]]]}},{"type":"Feature","properties":{"Name":"Republic of Peru","FromYear":1885,"ToYear":1925,"Area":1297258.519248836,"Type":"POLITY","Wikipedia":"Peru","Wikidata":"Q419","SeshatID":"","Components":"","MemberOf":"","DISPLAY_NAME":"Republic of Peru","ADMIN_NAME":"Republic of Peru","TERRITORIAL_STATUS":"sovereign","TERRITORIAL_STATUS_ZH":"独立政治实体","POLICY_NOTE":"按 ClioPatria 目标年份记录的实际控制几何显示","SOURCE_NAME":"Republic of Peru","WIKIPEDIA_URL":"https://en.wikipedia.org/wiki/Peru","WIKIDATA_URL":"https://www.wikidata.org/wiki/Q419","SESHAT_URL":"","DATA_SOURCE":"ClioPatria ad28a691","LEADER":"领导人资料待补充","LEADER_SOURCE_URL":""},"geometry":{"type":"Polygon","coordinates":[[[-69.85124206542969,-2.928715467453003],[-70.21250915527344,-2.800140142440796],[-70.35277557373047,-2.542989730834961],[-70.78707885742188,-2.414414644241333],[-70.857421875,-2.285839319229126],[-71.22144317626953,-2.285839319229126],[-71.44233703613281,-2.414414644241333],[-71.65705871582031,-2.221551656723022],[-71.87547302246094,-2.221551656723022],[-72.39144134521484,-2.542989730834961],[-73.11690521240234,-2.414414644241333],[-73.182373046875,-2.028688907623291],[-73.54194641113281,-1.771538615226746],[-73.6097412109375,-1.450100660324097],[-74.33158111572266,-1.00008761882782],[-74.61660766601562,-0.421499729156494],[-74.90560150146484,-0.164349600672722],[-75.70563507080078,-0.100062072277069],[-75.70661926269531,-0.228637129068375],[-75.41715240478516,-0.421499729156494],[-75.34976959228516,-0.935800075531006],[-75.49612426757812,-1.00008761882782],[-75.94758605957031,-1.964401364326477],[-76.6144027709961,-2.542989730834961],[-77.64118957519531,-2.864427804946899],[-78.1590576171875,-3.185865879058838],[-78.1624984741211,-3.314441204071045],[-78.3845443725586,-3.443016529083252],[-78.61439514160156,-3.828742265701294],[-78.70612335205078,-4.407330989837646],[-79.16448974609375,-4.98591947555542],[-79.45350646972656,-4.921631813049316],[-79.5872573852539,-4.600193977355957],[-80.08814239501953,-4.343043327331543],[-80.52981567382812,-4.47161865234375],[-80.51441192626953,-4.021605014801025],[-80.21687316894531,-3.828742265701294],[-80.27998352050781,-3.507303953170776],[-80.42194366455078,-3.378728866577148],[-80.4947738647461,-3.378728866577148],[-80.94126892089844,-3.700166940689087],[-80.94527435302734,-3.828742265701294],[-81.16791534423828,-3.957317352294922],[-81.47466278076172,-4.407330989837646],[-81.4185562133789,-4.857344150543213],[-81.27531433105469,-4.921631813049316],[-81.29094696044922,-5.307357788085938],[-81.01318359375,-5.628796100616455],[-81.02180480957031,-5.821659088134766],[-81.31636047363281,-5.885946750640869],[-81.32842254638672,-6.143096923828125],[-80.75439453125,-6.335959911346436],[-79.98148345947266,-6.914548873901367],[-79.85286712646484,-7.235986709594727],[-79.71047973632812,-7.30027437210083],[-79.59014129638672,-7.750287532806396],[-78.97621154785156,-8.457450866699219],[-78.86370849609375,-8.971752166748047],[-78.34247589111328,-9.871777534484863],[-78.35681915283203,-10.064640045166016],[-77.77444458007812,-11.028952598571777],[-77.8013687133789,-11.35038948059082],[-77.31663513183594,-11.67182731628418],[-77.28361511230469,-12.12183952331543],[-76.94102478027344,-12.378990173339844],[-76.89202880859375,-12.636139869689941],[-76.75159454345703,-12.700428009033203],[-76.64266967773438,-13.086153030395508],[-76.3817138671875,-13.407590866088867],[-76.34850311279297,-13.793316841125488],[-76.4218978881836,-13.793316841125488],[-76.46356201171875,-14.179043769836426],[-76.19117736816406,-14.371907234191895],[-76.20560455322266,-14.500482559204102],[-75.88246154785156,-14.886209487915039],[-75.73546600341797,-14.886209487915039],[-75.33989715576172,-15.271936416625977],[-75.22389221191406,-15.529088973999023],[-74.79821014404297,-15.65766429901123],[-74.74047088623047,-15.786240577697754],[-74.3148422241211,-15.914815902709961],[-73.987060546875,-16.236255645751953],[-73.20954895019531,-16.493408203125],[-73.0132064819336,-16.68627166748047],[-72.44017791748047,-16.814847946166992],[-72.0478515625,-17.20057487487793],[-71.62213134765625,-17.329151153564453],[-71.46019744873047,-17.779165267944336],[-71.2558822631836,-17.90774154663086],[-71.18204498291016,-17.90774154663086],[-70.85269927978516,-17.650590896606445],[-70.82744598388672,-17.457727432250977],[-70.58943939208984,-17.329151153564453],[-70.47452545166016,-17.00771141052246],[-69.70428466796875,-17.329151153564453],[-69.09198760986328,-16.557695388793945],[-69.08418273925781,-16.493408203125],[-69.11927032470703,-16.171968460083008],[-69.42147064208984,-16.236255645751953],[-69.5610580444336,-16.171968460083008],[-69.47215270996094,-16.043392181396484],[-69.6854019165039,-15.979104042053223],[-69.74388885498047,-15.850528717041016],[-70.11186981201172,-15.850528717041016],[-70.08935546875,-15.65766429901123],[-69.94220733642578,-15.65766429901123],[-69.97903442382812,-15.336224555969238],[-69.68486785888672,-15.336224555969238],[-69.49337005615234,-15.593376159667969],[-69.41980743408203,-15.593376159667969],[-69.2957534790039,-15.14336109161377],[-69.42869567871094,-15.014784812927246],[-69.40099334716797,-14.757633209228516],[-68.9803237915039,-14.243330955505371],[-68.96099853515625,-14.050468444824219],[-69.0951156616211,-13.921893119812012],[-68.9930648803711,-12.82900333404541],[-68.84078216552734,-12.764715194702148],[-68.74517822265625,-12.50756549835205],[-68.8862533569336,-12.443277359008789],[-69.19416809082031,-11.736114501953125],[-69.33549499511719,-11.67182731628418],[-69.32032012939453,-11.478964805603027],[-69.46173095703125,-11.414677619934082],[-69.57394409179688,-10.964664459228516],[-70.15931701660156,-10.964664459228516],[-70.31536102294922,-11.093239784240723],[-70.67152404785156,-10.964664459228516],[-70.64142608642578,-9.486052513122559],[-70.78758239746094,-9.486052513122559],[-71.25601959228516,-9.936064720153809],[-71.55729675292969,-10.064640045166016],[-72.14220428466797,-10.064640045166016],[-72.26630401611328,-9.743202209472656],[-72.54145812988281,-9.486052513122559],[-73.19490051269531,-9.421764373779297],[-73.09284210205078,-8.971752166748047],[-73.37301635742188,-8.778888702392578],[-73.49580383300781,-8.393163681030273],[-73.84221649169922,-8.071725845336914],[-73.82779693603516,-7.8145751953125],[-74.03970336914062,-7.685999870300293],[-74.02933502197266,-7.493137359619141],[-73.80366516113281,-7.364562034606934],[-73.79702758789062,-7.235986709594727],[-73.78093719482422,-6.914548873901367],[-73.25202941894531,-6.528822898864746],[-73.22110748291016,-5.821659088134766],[-72.98947143554688,-5.500220775604248],[-72.97960662841797,-5.243070125579834],[-72.00748443603516,-4.535906314849854],[-71.34967803955078,-4.47161865234375],[-70.90455627441406,-4.214468002319336],[-70.39459991455078,-4.214468002319336],[-70.17994689941406,-4.343043327331543],[-69.95185852050781,-4.021605014801025],[-69.85563659667969,-3.121578216552734],[-69.7828140258789,-3.121578216552734],[-69.85124206542969,-2.928715467453003]]]}},{"type":"Feature","properties":{"Name":"New Hebrides","FromYear":1890,"ToYear":1978,"Area":16885.239906250838,"Type":"POLITY","Wikipedia":"New Hebrides","Wikidata":"Q752431","SeshatID":"","Components":"","MemberOf":"","DISPLAY_NAME":"New Hebrides","ADMIN_NAME":"New Hebrides","TERRITORIAL_STATUS":"sovereign","TERRITORIAL_STATUS_ZH":"独立政治实体","POLICY_NOTE":"按 ClioPatria 目标年份记录的实际控制几何显示","SOURCE_NAME":"New Hebrides","WIKIPEDIA_URL":"https://en.wikipedia.org/wiki/New_Hebrides","WIKIDATA_URL":"https://www.wikidata.org/wiki/Q752431","SESHAT_URL":"","DATA_SOURCE":"ClioPatria ad28a691","LEADER":"领导人资料待补充","LEADER_SOURCE_URL":""},"geometry":{"type":"MultiPolygon","coordinates":[[[[168.24066162109375,-16.364831924438477],[167.96141052246094,-16.429121017456055],[167.783447265625,-16.30054473876953],[167.82669067382812,-16.171968460083008],[167.90032958984375,-16.171968460083008],[168.1060791015625,-16.10767936706543],[168.24066162109375,-16.364831924438477]]],[[[167.34474182128906,-16.621984481811523],[167.2527618408203,-16.236255645751953],[167.0903778076172,-16.171968460083008],[167.01585388183594,-15.850528717041016],[167.08946228027344,-15.850528717041016],[167.16305541992188,-15.850528717041016],[167.70980834960938,-16.30054473876953],[167.7713165283203,-16.557695388793945],[167.34474182128906,-16.621984481811523]]],[[[167.84213256835938,-15.271936416625977],[167.87060546875,-15.4005126953125],[167.8849639892578,-15.464800834655762],[167.69317626953125,-15.593376159667969],[167.56216430664062,-15.336224555969238],[167.84213256835938,-15.271936416625977]]],[[[166.32191467285156,-14.69334602355957],[166.5423583984375,-14.69334602355957],[166.69728088378906,-15.079072952270508],[166.9638214111328,-14.9504976272583],[167.14939880371094,-15.464800834655762],[167.01663208007812,-15.529088973999023],[167.04554748535156,-15.65766429901123],[166.60409545898438,-15.65766429901123],[166.47317504882812,-15.4005126953125],[166.4590301513672,-15.336224555969238],[166.50450134277344,-15.207649230957031],[166.32191467285156,-14.69334602355957]]],[[[167.5049591064453,-14.371907234191895],[167.37110900878906,-14.43619441986084],[167.3580780029297,-14.371907234191895],[167.24598693847656,-14.179043769836426],[167.45352172851562,-14.114755630493164],[167.5049591064453,-14.371907234191895]]],[[[167.48916625976562,-13.921893119812012],[167.3548583984375,-13.986180305480957],[167.2814483642578,-13.986180305480957],[167.23191833496094,-13.729029655456543],[167.36648559570312,-13.664741516113281],[167.48916625976562,-13.921893119812012]]],[[[169.248291015625,-19.70778465270996],[169.0485076904297,-19.514923095703125],[169.14495849609375,-19.322063446044922],[169.21896362304688,-19.322063446044922],[169.3964080810547,-19.70778465270996],[169.248291015625,-19.70778465270996]]],[[[169.2243194580078,-19.06491470336914],[168.82032775878906,-18.93634033203125],[168.80328369140625,-18.872053146362305],[168.88323974609375,-18.614904403686523],[169.10499572753906,-18.614904403686523],[169.2243194580078,-19.06491470336914]]],[[[168.42784118652344,-17.71487808227539],[168.46080017089844,-17.84345245361328],[168.16549682617188,-17.84345245361328],[168.0424346923828,-17.650590896606445],[168.02609252929688,-17.586301803588867],[168.3787384033203,-17.522014617919922],[168.5016632080078,-17.71487808227539],[168.42784118652344,-17.71487808227539]]],[[[167.9811553955078,-16.814847946166992],[167.9342041015625,-16.621984481811523],[168.2445526123047,-16.68627166748047],[168.26023864746094,-16.750560760498047],[168.365478515625,-16.879135131835938],[167.9811553955078,-16.814847946166992]]],[[[167.98745727539062,-15.593376159667969],[168.1345977783203,-15.593376159667969],[168.1785888671875,-15.786240577697754],[168.1934051513672,-15.850528717041016],[168.22323608398438,-15.979104042053223],[167.9874725341797,-15.914815902709961],[167.98745727539062,-15.593376159667969]]],[[[168.09408569335938,-15.079072952270508],[168.1362762451172,-15.271936416625977],[168.062744140625,-15.271936416625977],[167.90155029296875,-15.207649230957031],[167.94705200195312,-15.079072952270508],[168.09408569335938,-15.079072952270508]]]]}},{"type":"Feature","properties":{"Name":"Mexico","FromYear":1890,"ToYear":1910,"Area":1995099.3388351833,"Type":"POLITY","Wikipedia":"Mexico","Wikidata":"Q5062192","SeshatID":"mx_mexico_1","Components":"","MemberOf":"","DISPLAY_NAME":"Mexico","ADMIN_NAME":"Mexico","TERRITORIAL_STATUS":"sovereign","TERRITORIAL_STATUS_ZH":"独立政治实体","POLICY_NOTE":"按 ClioPatria 目标年份记录的实际控制几何显示","SOURCE_NAME":"Mexico","WIKIPEDIA_URL":"https://en.wikipedia.org/wiki/Mexico","WIKIDATA_URL":"https://www.wikidata.org/wiki/Q5062192","SESHAT_URL":"https://seshat-db.com/core/polity/mx_mexico_1","DATA_SOURCE":"ClioPatria ad28a691","LEADER":"领导人资料待补充","LEADER_SOURCE_URL":""},"geometry":{"type":"MultiPolygon","coordinates":[[[[-86.70156860351562,20.343387603759766],[-86.9874267578125,20.279102325439453],[-87.01952362060547,20.471960067749023],[-86.74434661865234,20.60053253173828],[-86.67018127441406,20.60053253173828],[-86.70156860351562,20.343387603759766]]],[[[-97.04515838623047,25.807899475097656],[-97.12008666992188,25.807899475097656],[-97.17241668701172,25.422143936157227],[-97.68042755126953,25.357851028442383],[-97.5553207397461,24.843517303466797],[-97.63008880615234,24.843517303466797],[-97.62931060791016,24.522062301635742],[-97.77873992919922,24.522062301635742],[-97.61592102050781,24.136323928833008],[-97.6905746459961,24.136323928833008],[-97.61913299560547,23.814878463745117],[-97.69374084472656,23.814878463745117],[-97.58287811279297,23.30057144165039],[-97.65740966796875,23.30057144165039],[-97.60343933105469,23.043420791625977],[-97.74750518798828,22.657697677612305],[-97.54424285888672,21.629112243652344],[-97.37100982666016,21.500539779663086],[-97.18753814697266,20.921964645385742],[-96.51469421386719,20.08624267578125],[-96.25057983398438,19.443374633789062],[-95.76676940917969,18.800504684448242],[-94.77217102050781,18.607641220092773],[-94.48452758789062,18.2219181060791],[-94.04130554199219,18.2219181060791],[-93.49372100830078,18.479066848754883],[-92.61772155761719,18.543354034423828],[-92.50244903564453,18.736217498779297],[-91.83705139160156,18.736217498779297],[-91.79398345947266,18.479066848754883],[-91.49837493896484,18.479066848754883],[-91.44587707519531,18.607641220092773],[-91.29804229736328,18.607641220092773],[-91.35189819335938,18.929079055786133],[-90.81432342529297,19.25051498413086],[-90.74271392822266,19.700523376464844],[-90.47938537597656,19.893383026123047],[-90.49354553222656,20.40767478942871],[-90.41940307617188,20.40767478942871],[-90.3199234008789,21.114822387695312],[-90.17145538330078,21.114822387695312],[-89.9826889038086,21.307680130004883],[-89.1771240234375,21.371967315673828],[-88.47954559326172,21.629112243652344],[-87.3426742553711,21.500539779663086],[-87.2164306640625,21.629112243652344],[-86.91922760009766,21.629112243652344],[-86.74839782714844,21.500539779663086],[-86.66070556640625,20.986249923706055],[-86.85083770751953,20.793392181396484],[-86.82926940917969,20.664819717407227],[-87.04102325439453,20.60053253173828],[-87.34735107421875,20.214815139770508],[-87.29402160644531,19.893383026123047],[-87.54778289794922,19.6362361907959],[-87.38911437988281,19.571949005126953],[-87.36799621582031,19.443374633789062],[-87.49495697021484,19.314802169799805],[-87.45301055908203,19.057653427124023],[-87.7293930053711,18.479066848754883],[-87.69865417480469,18.286205291748047],[-87.91007232666016,18.2219181060791],[-88.03532409667969,18.543354034423828],[-87.96141052246094,18.543354034423828],[-87.99251556396484,18.736217498779297],[-88.12997436523438,18.67193031311035],[-88.17279815673828,18.479066848754883],[-88.2467041015625,18.479066848754883],[-88.3945083618164,18.479066848754883],[-88.75556182861328,17.964767456054688],[-89.05091857910156,17.964767456054688],[-89.16804504394531,17.77190399169922],[-90.93962097167969,17.77190399169922],[-90.94193267822266,17.321889877319336],[-91.06930541992188,17.193313598632812],[-91.29054260253906,17.193313598632812],[-91.27049255371094,17.06473731994629],[-90.62174987792969,16.67901039123535],[-90.33399200439453,16.228994369506836],[-90.52691650390625,16.036130905151367],[-91.63116455078125,16.036130905151367],[-92.11934661865234,15.328963279724121],[-92.01072692871094,15.07181167602539],[-92.23703002929688,14.55750846862793],[-92.31050109863281,14.55750846862793],[-92.64644622802734,14.878947257995605],[-92.75463104248047,15.136098861694336],[-94.15343475341797,16.16470718383789],[-94.6688461303711,16.16470718383789],[-94.68843841552734,16.293283462524414],[-94.84561157226562,16.35757064819336],[-94.95361328125,16.100418090820312],[-96.21102905273438,15.650403022766113],[-96.7260513305664,15.650403022766113],[-97.0493392944336,15.843266487121582],[-97.7215347290039,15.907554626464844],[-98.05585479736328,16.16470718383789],[-98.43414306640625,16.228994369506836],[-98.85388946533203,16.550434112548828],[-99.68539428710938,16.67901039123535],[-100.02298736572266,16.9361629486084],[-101.11003112792969,17.257600784301758],[-101.89891815185547,17.964767456054688],[-102.25653076171875,17.90047836303711],[-103.18941497802734,18.157629013061523],[-103.52046966552734,18.350492477416992],[-103.82637786865234,18.800504684448242],[-104.87382507324219,19.25051498413086],[-105.54254913330078,20.021955490112305],[-105.63154602050781,20.471960067749023],[-105.22492980957031,20.664819717407227],[-105.46028900146484,20.72910499572754],[-105.48603057861328,20.857677459716797],[-105.28923034667969,20.986249923706055],[-105.31514739990234,21.114822387695312],[-105.13148498535156,21.307680130004883],[-105.5344467163086,21.821969985961914],[-105.69853210449219,22.59341049194336],[-106.43732452392578,23.236284255981445],[-106.97566986083984,23.943456649780273],[-107.59268188476562,24.329193115234375],[-107.71582794189453,24.522062301635742],[-107.8652572631836,24.522062301635742],[-108.10762023925781,25.164974212646484],[-108.49905395507812,25.229267120361328],[-108.7939682006836,25.48643684387207],[-109.01859283447266,25.48643684387207],[-109.05445098876953,25.615020751953125],[-109.39036560058594,25.743606567382812],[-109.42670440673828,26.129364013671875],[-109.18354797363281,26.32224464416504],[-109.26063537597656,26.57941436767578],[-109.84523010253906,26.772293090820312],[-109.94569396972656,27.093751907348633],[-110.41718292236328,27.158044815063477],[-110.57353210449219,27.865236282348633],[-111.2197494506836,27.993812561035156],[-111.28591918945312,28.186676025390625],[-111.67735290527344,28.44382095336914],[-112.11223602294922,29.022375106811523],[-112.18781280517578,29.022375106811523],[-112.16957092285156,28.765243530273438],[-112.49501037597656,28.829526901245117],[-112.486083984375,29.21521759033203],[-112.3588638305664,29.279497146606445],[-113.14522552490234,30.886310577392578],[-113.04671478271484,31.014846801757812],[-113.1277847290039,31.20764923095703],[-113.53562927246094,31.271915435791016],[-113.7220687866211,31.528987884521484],[-114.15138244628906,31.464719772338867],[-114.64453887939453,31.7217960357666],[-114.76876831054688,31.65752601623535],[-114.68460845947266,31.464719772338867],[-114.8297348022461,31.271915435791016],[-114.53189086914062,30.564971923828125],[-114.60783386230469,30.564971923828125],[-114.5025863647461,30.307893753051758],[-114.5784683227539,30.307893753051758],[-114.4491958618164,29.986536026000977],[-113.84330749511719,29.600887298583984],[-113.59339141845703,29.34377670288086],[-113.47262573242188,29.022375106811523],[-113.22209930419922,28.958093643188477],[-113.0060043334961,28.572391510009766],[-112.83202362060547,28.508106231689453],[-112.56362915039062,27.736658096313477],[-112.39134979248047,27.6723690032959],[-111.99602508544922,27.158044815063477],[-111.84565734863281,27.158044815063477],[-111.83857727050781,26.900876998901367],[-111.6131820678711,26.900876998901367],[-111.49761199951172,26.772293090820312],[-111.20735168457031,26.06507110595703],[-111.00144958496094,26.129364013671875],[-110.94465637207031,25.936485290527344],[-111.15074920654297,25.8721923828125],[-111.07666015625,25.615020751953125],[-110.90860748291016,25.55072784423828],[-110.87239074707031,25.422143936157227],[-110.94725799560547,25.422143936157227],[-110.76608276367188,25.03639030456543],[-110.6912841796875,25.03639030456543],[-110.72631072998047,25.164974212646484],[-110.57666778564453,25.164974212646484],[-110.43231964111328,24.907808303833008],[-110.56470489501953,24.843517303466797],[-110.67391967773438,24.97209930419922],[-110.58006286621094,24.329193115234375],[-110.2649917602539,24.264904022216797],[-110.29774475097656,24.393482208251953],[-110.14836120605469,24.393482208251953],[-109.93395233154297,24.136323928833008],[-109.6939697265625,24.07203483581543],[-109.59952545166016,23.68630027770996],[-109.32964324951172,23.493436813354492],[-109.26912689208984,23.236284255981445],[-109.6418228149414,22.914846420288086],[-110.02900695800781,22.97913360595703],[-110.11918640136719,23.36486053466797],[-110.659423828125,23.75058937072754],[-110.6910171508789,23.879167556762695],[-111.58423614501953,24.457773208618164],[-111.8663330078125,24.393482208251953],[-111.99148559570312,24.586353302001953],[-111.85901641845703,24.650644302368164],[-112.15795135498047,24.650644302368164],[-112.26702880859375,24.779226303100586],[-112.24446105957031,24.97209930419922],[-112.09487915039062,24.97209930419922],[-112.1657485961914,25.229267120361328],[-112.07020568847656,25.422143936157227],[-112.12521362304688,25.615020751953125],[-112.0503158569336,25.615020751953125],[-112.27625274658203,26.129364013671875],[-112.70964813232422,26.32224464416504],[-113.12965393066406,26.70800018310547],[-113.5802230834961,26.70800018310547],[-115.04851531982422,27.736658096313477],[-115.09310150146484,27.865236282348633],[-114.26451110839844,27.865236282348633],[-114.06961822509766,27.736658096313477],[-114.2035903930664,28.12238883972168],[-114.0228500366211,28.25096321105957],[-114.0394287109375,28.508106231689453],[-114.65470886230469,29.150936126708984],[-115.5089340209961,29.600887298583984],[-115.7621078491211,29.857990264892578],[-116.0829086303711,30.822044372558594],[-116.26223754882812,30.886310577392578],[-116.35221862792969,31.271915435791016],[-116.56069946289062,31.40045166015625],[-116.71347045898438,31.91460609436035],[-117.10181427001953,32.428794860839844],[-117.1317367553711,32.493072509765625],[-114.77388000488281,32.685909271240234],[-114.65587615966797,32.428794860839844],[-110.9474105834961,31.271915435791016],[-108.28306579589844,31.271915435791016],[-108.15704345703125,31.336183547973633],[-108.114501953125,31.78606605529785],[-106.51304626464844,31.78606605529785],[-105.49182891845703,30.950578689575195],[-104.91156005859375,30.629240036010742],[-104.4782943725586,29.665164947509766],[-103.69181823730469,29.150936126708984],[-103.17227935791016,28.958093643188477],[-102.96742248535156,29.022375106811523],[-103.01136779785156,29.150936126708984],[-102.82878112792969,29.279497146606445],[-102.84270477294922,29.536611557006836],[-102.35063934326172,29.857990264892578],[-101.39607238769531,29.729440689086914],[-100.54895782470703,29.022375106811523],[-100.14785766601562,28.25096321105957],[-99.38441467285156,27.4794979095459],[-99.30973052978516,26.96516990661621],[-98.99786376953125,26.386537551879883],[-98.60523986816406,26.32224464416504],[-97.91960144042969,26.000778198242188],[-97.16996002197266,26.000778198242188],[-97.0949935913086,26.000778198242188],[-97.04515838623047,25.807899475097656]]],[[[-115.27562713623047,28.379535675048828],[-115.124755859375,28.379535675048828],[-115.07855224609375,28.25096321105957],[-115.03276824951172,28.12238883972168],[-115.1607666015625,28.058101654052734],[-115.23612976074219,28.058101654052734],[-115.27562713623047,28.379535675048828]]],[[[-113.2697982788086,29.08665657043457],[-113.61618041992188,29.600887298583984],[-113.38904571533203,29.600887298583984],[-113.04302215576172,29.08665657043457],[-113.0191650390625,29.022375106811523],[-113.2697982788086,29.08665657043457]]]]}},{"type":"Feature","properties":{"Name":"Luxembourg","FromYear":1890,"ToYear":1914,"Area":2404.9732825660453,"Type":"POLITY","Wikipedia":"Luxembourg","Wikidata":"Q2719360","SeshatID":"","Components":"","MemberOf":"","DISPLAY_NAME":"Luxembourg","ADMIN_NAME":"Luxembourg","TERRITORIAL_STATUS":"sovereign","TERRITORIAL_STATUS_ZH":"独立政治实体","POLICY_NOTE":"按 ClioPatria 目标年份记录的实际控制几何显示","SOURCE_NAME":"Luxembourg","WIKIPEDIA_URL":"https://en.wikipedia.org/wiki/Luxembourg","WIKIDATA_URL":"https://www.wikidata.org/wiki/Q2719360","SESHAT_URL":"","DATA_SOURCE":"ClioPatria ad28a691","LEADER":"领导人资料待补充","LEADER_SOURCE_URL":""},"geometry":{"type":"Polygon","coordinates":[[[6.166939258575439,49.98000717163086],[6.338570117950439,49.84712600708008],[6.348425388336182,49.51522445678711],[6.099801540374756,49.44889450073242],[5.84482479095459,49.58156967163086],[5.74549674987793,50.04647445678711],[6.076801300048828,50.17946243286133],[6.078903675079346,50.11296081542969],[6.162819862365723,50.11296081542969],[6.164880752563477,50.04647445678711],[6.166939258575439,49.98000717163086]]]}},{"type":"Feature","properties":{"Name":"Brazilian Republic","FromYear":1890,"ToYear":1904,"Area":8356869.049926042,"Type":"POLITY","Wikipedia":"Brazil","Wikidata":"Q155","SeshatID":"","Components":"","MemberOf":"","DISPLAY_NAME":"Brazilian Republic","ADMIN_NAME":"Brazilian Republic","TERRITORIAL_STATUS":"sovereign","TERRITORIAL_STATUS_ZH":"独立政治实体","POLICY_NOTE":"按 ClioPatria 目标年份记录的实际控制几何显示","SOURCE_NAME":"Brazilian Republic","WIKIPEDIA_URL":"https://en.wikipedia.org/wiki/Brazil","WIKIDATA_URL":"https://www.wikidata.org/wiki/Q155","SESHAT_URL":"","DATA_SOURCE":"ClioPatria ad28a691","LEADER":"领导人资料待补充","LEADER_SOURCE_URL":""},"geometry":{"type":"Polygon","coordinates":[[[-60.43726348876953,3.50004243850708],[-60.43855285644531,3.628617763519287],[-60.584903717041016,3.692905426025391],[-60.73974609375,4.400069236755371],[-60.66990280151367,4.592932224273682],[-60.30770492553711,4.721507549285889],[-60.30991744995117,4.850082874298096],[-60.455657958984375,4.850082874298096],[-60.46164321899414,5.171521186828613],[-60.60740661621094,5.171521186828613],[-60.6802864074707,5.171521186828613],[-60.67542266845703,4.914370536804199],[-60.88848876953125,4.592932224273682],[-61.39645004272461,4.464356899261475],[-61.53923416137695,4.271493911743164],[-62.04645538330078,4.078630924224854],[-62.70207595825195,4.078630924224854],[-62.769996643066406,3.692905426025391],[-62.91421890258789,3.564330101013184],[-63.1334342956543,3.628617763519287],[-63.355079650878906,3.885768175125122],[-64.08435821533203,3.950055837631226],[-64.23280334472656,4.142918586730957],[-64.6698989868164,4.142918586730957],[-64.81758880615234,4.271493911743164],[-64.66622924804688,3.885768175125122],[-64.29878997802734,3.628617763519287],[-64.07080841064453,2.471440553665161],[-63.48806381225586,2.407152891159058],[-63.414772033691406,2.27857780456543],[-63.4871826171875,2.150002479553223],[-63.996360778808594,1.957139730453491],[-64.21453094482422,1.76427698135376],[-64.36029815673828,1.378551483154297],[-64.65145874023438,1.378551483154297],[-65.08857727050781,1.185688734054565],[-65.52732849121094,0.671388268470764],[-65.67288970947266,0.671388268470764],[-65.59916687011719,0.864250957965851],[-65.67144775390625,0.992826044559479],[-65.96282196044922,0.928538501262665],[-66.18201446533203,0.735675871372223],[-66.40036010742188,0.735675871372223],[-66.69090270996094,0.864250957965851],[-67.05368041992188,1.249976277351379],[-67.19925689697266,1.249976277351379],[-67.27214813232422,1.892852187156677],[-67.4910659790039,2.085714817047119],[-67.85428619384766,1.76427698135376],[-68.29130554199219,1.892852187156677],[-68.43656158447266,1.699989318847656],[-69.9652328491211,1.699989318847656],[-69.96525573730469,1.185688734054565],[-69.8199462890625,1.057113647460938],[-69.38323974609375,1.057113647460938],[-69.23804473876953,0.928538501262665],[-69.31187438964844,0.671388268470764],[-69.82133483886719,0.671388268470764],[-70.03998565673828,0.60710072517395],[-70.18663787841797,0.414238125085831],[-70.10391998291016,-0.35721218585968],[-69.95836639404297,-0.35721218585968],[-69.6694564819336,-0.614362359046936],[-69.67201232910156,-0.871512532234192],[-69.4565658569336,-1.128662824630737],[-69.85124206542969,-2.928715467453003],[-69.7828140258789,-3.121578216552734],[-69.85563659667969,-3.121578216552734],[-69.95185852050781,-4.021605014801025],[-70.17994689941406,-4.343043327331543],[-70.39459991455078,-4.214468002319336],[-70.90455627441406,-4.214468002319336],[-71.34967803955078,-4.47161865234375],[-72.00748443603516,-4.535906314849854],[-72.97960662841797,-5.243070125579834],[-72.98947143554688,-5.500220775604248],[-73.22110748291016,-5.821659088134766],[-73.25202941894531,-6.528822898864746],[-73.78093719482422,-6.914548873901367],[-73.79702758789062,-7.235986709594727],[-73.57814025878906,-7.235986709594727],[-72.86854553222656,-7.621712207794189],[-71.568603515625,-7.878862857818604],[-71.49560546875,-7.878862857818604],[-70.19213104248047,-8.071725845336914],[-69.62948608398438,-8.457450866699219],[-69.3410415649414,-8.52173900604248],[-69.27538299560547,-8.650314331054688],[-66.64217376708984,-9.807489395141602],[-66.56907653808594,-9.807489395141602],[-66.57316589355469,-9.871777534484863],[-65.6878890991211,-9.743202209472656],[-65.3995132446289,-9.807489395141602],[-65.3509750366211,-10.193214416503906],[-65.50990295410156,-10.386076927185059],[-65.5316162109375,-10.707514762878418],[-65.40316009521484,-10.964664459228516],[-65.4355697631836,-11.414677619934082],[-65.2448501586914,-11.800402641296387],[-65.10330200195312,-11.864689826965332],[-65.11322784423828,-11.993265151977539],[-64.82524108886719,-12.057552337646484],[-64.48946380615234,-12.443277359008789],[-64.13343048095703,-12.571852684020996],[-63.68851852416992,-12.50756549835205],[-63.55752182006836,-12.700428009033203],[-63.191017150878906,-12.700428009033203],[-62.85086441040039,-13.021865844726562],[-62.274932861328125,-13.15044116973877],[-62.07114791870117,-13.343303680419922],[-62.082130432128906,-13.471879005432129],[-61.79974365234375,-13.600454330444336],[-61.133853912353516,-13.536166191101074],[-60.57451248168945,-13.85760498046875],[-60.541168212890625,-14.307619094848633],[-60.307342529296875,-14.9504976272583],[-60.54658508300781,-15.14336109161377],[-60.56563949584961,-15.336224555969238],[-60.29075241088867,-15.529088973999023],[-60.21665954589844,-16.236255645751953],[-59.93571853637695,-16.364831924438477],[-58.46266555786133,-16.364831924438477],[-58.590789794921875,-16.879135131835938],[-58.46417236328125,-17.07200050354004],[-58.485198974609375,-17.264863967895508],[-57.79696273803711,-17.71487808227539],[-57.625701904296875,-18.164892196655273],[-57.80255889892578,-19.06491470336914],[-58.14364242553711,-19.45063591003418],[-58.181617736816406,-19.772069931030273],[-57.97463607788086,-19.900644302368164],[-57.98988342285156,-20.029216766357422],[-58.14572525024414,-20.093503952026367],[-58.19184875488281,-20.47922134399414],[-57.890777587890625,-21.057798385620117],[-57.95219802856445,-22.150665283203125],[-56.778411865234375,-22.279237747192383],[-56.687904357910156,-22.150665283203125],[-56.39042282104492,-22.150665283203125],[-56.11695098876953,-22.343524932861328],[-55.893760681152344,-22.343524932861328],[-55.77719497680664,-22.600671768188477],[-55.78532409667969,-22.664958953857422],[-55.65275955200195,-22.793533325195312],[-55.57306671142578,-23.886428833007812],[-55.4414176940918,-24.01500701904297],[-55.2263298034668,-24.079296112060547],[-54.90151596069336,-23.886428833007812],[-54.52843475341797,-23.886428833007812],[-54.396507263183594,-24.01500701904297],[-54.41085433959961,-24.65790557861328],[-54.48558807373047,-24.65790557861328],[-54.71277618408203,-25.68657684326172],[-53.96368408203125,-25.68657684326172],[-53.883583068847656,-26.136627197265625],[-53.80859375,-26.136627197265625],[-53.84946823120117,-26.393798828125],[-53.77442932128906,-26.393798828125],[-53.89078140258789,-27.101015090942383],[-54.78451919555664,-27.48676109313965],[-55.816566467285156,-28.193937301635742],[-56.04057693481445,-28.579652786254883],[-56.37997817993164,-28.772504806518555],[-57.002220153808594,-29.6081485748291],[-57.3455696105957,-29.800975799560547],[-57.759498596191406,-30.315153121948242],[-56.88331985473633,-30.12234115600586],[-56.71104049682617,-30.379423141479492],[-56.35932922363281,-30.50796127319336],[-56.11153793334961,-30.76503562927246],[-56.10655212402344,-31.08637237548828],[-55.878326416015625,-31.08637237548828],[-55.8498649597168,-30.95783805847168],[-55.683658599853516,-30.893569946289062],[-55.38852310180664,-31.2791748046875],[-54.746124267578125,-31.47197914123535],[-54.45155334472656,-31.857595443725586],[-54.02283477783203,-31.98613739013672],[-53.714080810546875,-32.30750274658203],[-53.6818962097168,-32.50033187866211],[-53.52898406982422,-32.50033187866211],[-53.2823600769043,-32.757450103759766],[-53.572113037109375,-33.014583587646484],[-53.67923355102539,-33.46461868286133],[-53.526676177978516,-33.78611755371094],[-53.44984817504883,-33.78611755371094],[-52.6678466796875,-33.07887268066406],[-52.44411087036133,-32.43605422973633],[-52.23384475708008,-32.178955078125],[-52.081111907958984,-32.178955078125],[-51.449039459228516,-31.729055404663086],[-50.883785247802734,-31.214908599853516],[-50.34825134277344,-30.443693161010742],[-50.04872512817383,-29.67242431640625],[-49.873390197753906,-29.54387092590332],[-49.73890686035156,-29.22247886657715],[-48.88115692138672,-28.643938064575195],[-48.645015716552734,-27.679630279541016],[-48.494441986083984,-27.679630279541016],[-48.453453063964844,-27.422470092773438],[-48.679161071777344,-27.422470092773438],[-48.563560485839844,-27.165306091308594],[-48.70392990112305,-27.101015090942383],[-48.66437530517578,-26.843847274780273],[-48.79506301879883,-26.715261459350586],[-48.756500244140625,-26.458091735839844],[-48.59689712524414,-26.393798828125],[-48.578025817871094,-26.265213012695312],[-48.718658447265625,-26.20092010498047],[-48.47743606567383,-25.55799102783203],[-48.69318389892578,-25.493698120117188],[-48.543434143066406,-25.493698120117188],[-48.52579116821289,-25.365114212036133],[-48.23513412475586,-25.429405212402344],[-47.97591781616211,-25.172237396240234],[-48.033668518066406,-25.04365348815918],[-47.61802673339844,-24.722196578979492],[-47.228031158447266,-24.593616485595703],[-46.88153839111328,-24.207876205444336],[-46.34345626831055,-24.079296112060547],[-46.08921813964844,-23.822139739990234],[-45.574424743652344,-23.886428833007812],[-45.58943557739258,-24.01500701904297],[-45.36552810668945,-24.01500701904297],[-45.33575439453125,-23.757850646972656],[-45.47757339477539,-23.69356346130371],[-44.91937255859375,-23.372121810913086],[-44.69575119018555,-23.372121810913086],[-44.73505783081055,-23.050682067871094],[-44.36258316040039,-23.050682067871094],[-44.45802307128906,-23.243545532226562],[-44.23445510864258,-23.243545532226562],[-44.288089752197266,-23.050682067871094],[-44.13220977783203,-22.98639488220215],[-43.834266662597656,-22.98639488220215],[-43.847999572753906,-23.11496925354004],[-43.400978088378906,-23.11496925354004],[-43.23838424682617,-22.98639488220215],[-42.12110137939453,-22.98639488220215],[-42.0268669128418,-22.793533325195312],[-42.0817756652832,-22.600671768188477],[-41.92646026611328,-22.53638458251953],[-41.91362380981445,-22.40781021118164],[-41.1445198059082,-22.150665283203125],[-41.039329528808594,-21.82923126220703],[-41.07121276855469,-21.379228591918945],[-40.90477752685547,-21.186368942260742],[-40.8811149597168,-20.92922592163086],[-40.40681076049805,-20.6077938079834],[-40.195648193359375,-19.900644302368164],[-39.79722213745117,-19.57921028137207],[-39.76686096191406,-18.35775375366211],[-39.59242248535156,-18.03631591796875],[-39.276084899902344,-17.779165267944336],[-39.288490295410156,-17.00771141052246],[-39.023136138916016,-16.429121017456055],[-38.95318603515625,-15.464800834655762],[-39.13848876953125,-14.9504976272583],[-39.01095962524414,-14.114755630493164],[-39.0343017578125,-13.279016494750977],[-38.87663269042969,-13.086153030395508],[-38.35973358154297,-13.021865844726562],[-38.129207611083984,-12.82900333404541],[-37.729148864746094,-12.186127662658691],[-37.63681411743164,-11.800402641296387],[-37.48417282104492,-11.67182731628418],[-37.47205352783203,-11.414677619934082],[-37.24653244018555,-11.286102294921875],[-37.23780822753906,-11.093239784240723],[-36.779212951660156,-10.643227577209473],[-36.256534576416016,-10.386076927185059],[-35.712371826171875,-9.550339698791504],[-35.413063049316406,-9.357477188110352],[-35.17177963256836,-8.714601516723633],[-35.021507263183594,-8.586026191711426],[-34.915443420410156,-7.493137359619141],[-34.842472076416016,-7.493137359619141],[-34.89653015136719,-6.78597354888916],[-35.03133010864258,-6.335959911346436],[-35.17565155029297,-6.271672248840332],[-35.16539764404297,-5.821659088134766],[-35.373260498046875,-5.307357788085938],[-35.80546188354492,-5.050207138061523],[-36.68125915527344,-5.114494800567627],[-37.259193420410156,-4.857344150543213],[-37.32960510253906,-4.728769302368164],[-37.69152069091797,-4.600193977355957],[-38.550392150878906,-3.700166940689087],[-38.91259765625,-3.57159161567688],[-39.12731170654297,-3.314441204071045],[-39.27296447753906,-3.314441204071045],[-39.415924072265625,-3.121578216552734],[-39.922264099121094,-2.864427804946899],[-40.940860748291016,-2.800140142440796],[-41.59790802001953,-2.928715467453003],[-41.886619567871094,-2.735852479934692],[-42.32434844970703,-2.800140142440796],[-43.19244384765625,-2.350126981735229],[-43.55647277832031,-2.350126981735229],[-44.06849670410156,-2.542989730834961],[-44.13969802856445,-2.414414644241333],[-44.43092346191406,-2.414414644241333],[-44.428619384765625,-2.221551656723022],[-44.64629364013672,-2.157264232635498],[-44.57004928588867,-1.83582615852356],[-44.85996627807617,-1.707250952720642],[-44.930416107177734,-1.450100660324097],[-45.294368743896484,-1.450100660324097],[-45.44170379638672,-1.642963409423828],[-45.51164627075195,-1.321525454521179],[-46.60096740722656,-1.00008761882782],[-46.67244338989258,-0.807224988937378],[-47.25428771972656,-0.742937445640564],[-47.253517150878906,-0.614362359046936],[-47.39871597290039,-0.550074815750122],[-47.544273376464844,-0.550074815750122],[-47.545406341552734,-0.742937445640564],[-48.27321243286133,-0.742937445640564],[-48.41963195800781,-0.871512532234192],[-48.42155456542969,-1.128662824630737],[-48.64154052734375,-1.321525454521179],[-48.64332580566406,-1.514388203620911],[-48.93449020385742,-1.514388203620911],[-48.56475830078125,-0.807224988937378],[-48.48878860473633,-0.228637129068375],[-49.50709533691406,-0.100062072277069],[-49.593997955322266,0.092800483107567],[-49.812320709228516,0.092800483107567],[-49.73820877075195,0.221375524997711],[-49.809722900390625,0.349950581789017],[-50.24637985229492,0.349950581789017],[-50.09965515136719,0.478525668382645],[-50.09803771972656,0.671388268470764],[-50.3886604309082,0.735675871372223],[-50.24130630493164,0.992826044559479],[-49.94939041137695,1.121401190757751],[-50.021812438964844,1.185688734054565],[-49.94685363769531,1.699989318847656],[-50.092105865478516,1.828564524650574],[-50.52888107299805,1.828564524650574],[-50.383155822753906,1.892852187156677],[-50.45562744140625,2.150002479553223],[-50.60123062133789,2.150002479553223],[-50.67414855957031,2.021427392959595],[-50.74691390991211,2.471440553665161],[-51.03965377807617,3.050029039382935],[-51.26639175415039,4.207206249237061],[-51.559879302978516,4.400069236755371],[-51.62998962402344,4.142918586730957],[-51.70283889770508,4.142918586730957],[-51.989261627197266,3.564330101013184],[-52.35175323486328,3.30717945098877],[-52.49507141113281,2.7928786277771],[-52.858131408691406,2.27857780456543],[-53.29490280151367,2.150002479553223],[-53.513370513916016,2.27857780456543],[-54.02300262451172,2.27857780456543],[-54.31412124633789,2.085714817047119],[-54.60551834106445,2.342865228652954],[-54.96994400024414,2.535728216171265],[-55.333988189697266,2.535728216171265],[-55.5521125793457,2.407152891159058],[-56.061912536621094,2.471440553665161],[-56.207244873046875,2.342865228652954],[-56.20698165893555,2.150002479553223],[-55.988525390625,1.957139730453491],[-56.134193420410156,1.828564524650574],[-56.71652603149414,1.892852187156677],[-57.444496154785156,1.957139730453491],[-57.59016799926758,1.76427698135376],[-58.46406936645508,1.507126569747925],[-58.61015319824219,1.314263939857483],[-58.97452926635742,1.185688734054565],[-59.77402114868164,1.76427698135376],[-59.846981048583984,2.085714817047119],[-59.84708023071289,2.150002479553223],[-60.06660461425781,2.535728216171265],[-60.06856918334961,2.921453714370728],[-59.78370666503906,3.692905426025391],[-60.36443328857422,3.50004243850708],[-60.43726348876953,3.50004243850708]]]}},{"type":"Feature","properties":{"Name":"Morocco","FromYear":1890,"ToYear":1904,"Area":358421.5458761368,"Type":"POLITY","Wikipedia":"Morocco","Wikidata":"Q1028","SeshatID":"","Components":"","MemberOf":"","DISPLAY_NAME":"Morocco","ADMIN_NAME":"Morocco","TERRITORIAL_STATUS":"sovereign","TERRITORIAL_STATUS_ZH":"独立政治实体","POLICY_NOTE":"按 ClioPatria 目标年份记录的实际控制几何显示","SOURCE_NAME":"Morocco","WIKIPEDIA_URL":"https://en.wikipedia.org/wiki/Morocco","WIKIDATA_URL":"https://www.wikidata.org/wiki/Q1028","SESHAT_URL":"","DATA_SOURCE":"ClioPatria ad28a691","LEADER":"领导人资料待补充","LEADER_SOURCE_URL":""},"geometry":{"type":"Polygon","coordinates":[[[-3.364191055297852,35.194007873535156],[-2.8270103931427,35.258358001708984],[-2.819781064987183,35.12965774536133],[-2.661749362945557,35.065311431884766],[-2.198449373245239,35.065311431884766],[-2.121232748031616,35.065311431884766],[-2.114432096481323,34.93662643432617],[-1.715473294258118,34.679283142089844],[-1.689801573753357,34.164703369140625],[-1.612862586975098,34.164703369140625],[-1.683483719825745,34.03607940673828],[-1.578816890716553,33.45735549926758],[-1.652490973472595,33.393062591552734],[-1.729200839996338,33.393062591552734],[-2.840430974960327,32.62162780761719],[-2.834011793136597,32.493072509765625],[-3.203212976455688,32.23596954345703],[-3.19352912902832,32.043148040771484],[-3.349440097808838,32.107421875],[-3.416012048721313,31.91460609436035],[-3.638331174850464,31.78606605529785],[-3.555586099624634,31.65752601623535],[-3.780986070632935,31.593257904052734],[-3.767992734909058,31.336183547973633],[-3.923539161682129,31.40045166015625],[-4.214911460876465,31.143381118774414],[-4.208353042602539,31.014846801757812],[-4.648018360137939,30.69350814819336],[-4.565487384796143,30.564971923828125],[-4.865938663482666,30.500701904296875],[-5.442872047424316,29.922264099121094],[-6.421061992645264,29.79371452331543],[-6.558549404144287,29.536611557006836],[-7.092005729675293,29.600887298583984],[-7.830548286437988,29.279497146606445],[-8.042696952819824,29.022375106811523],[-8.34129524230957,28.958093643188477],[-8.624934196472168,28.636676788330078],[-8.621257781982422,28.572391510009766],[-9.142093658447266,28.44382095336914],[-9.134653091430664,28.315250396728516],[-10.103551864624023,28.12238883972168],[-10.781972885131836,28.12238883972168],[-11.330116271972656,28.44382095336914],[-11.334264755249023,28.508106231689453],[-10.616477012634277,29.08665657043457],[-10.465293884277344,29.08665657043457],[-10.33069133758545,29.34377670288086],[-10.040523529052734,29.536611557006836],[-10.048895835876465,29.665164947509766],[-9.83006763458252,29.79371452331543],[-9.83426570892334,29.857990264892578],[-9.38790225982666,29.986536026000977],[-9.404620170593262,30.243623733520508],[-9.63221263885498,30.243623733520508],[-9.636479377746582,30.307893753051758],[-9.649378776550293,30.500701904296875],[-9.881543159484863,30.564971923828125],[-9.859257698059082,31.336183547973633],[-9.783116340637207,31.336183547973633],[-9.734487533569336,31.7217960357666],[-9.5149564743042,31.8503360748291],[-9.52421760559082,31.978878021240234],[-9.309136390686035,32.171695709228516],[-9.332544326782227,32.493072509765625],[-9.198505401611328,32.75019073486328],[-8.551655769348145,33.32876968383789],[-7.129902839660645,33.84315490722656],[-7.062007427215576,33.971771240234375],[-6.90380334854126,33.90746307373047],[-6.613898754119873,34.164703369140625],[-6.699729919433594,34.2933349609375],[-6.473203659057617,34.3576545715332],[-6.482059955596924,34.48630142211914],[-6.332395076751709,34.55062484741211],[-6.277484893798828,34.87228775024414],[-6.200328826904297,34.87228775024414],[-6.290933609008789,35.065311431884766],[-6.132044315338135,35.00096893310547],[-6.14545202255249,35.194007873535156],[-5.999861240386963,35.32271194458008],[-5.876633644104004,35.77327346801758],[-5.330159187316895,35.708900451660156],[-5.239750862121582,35.51579284667969],[-4.754821300506592,35.194007873535156],[-3.441448211669922,35.194007873535156],[-3.364191055297852,35.194007873535156]]]}},{"type":"Feature","properties":{"Name":"Kingdom of Bhutan","FromYear":1890,"ToYear":1911,"Area":40398.399198087245,"Type":"POLITY","Wikipedia":"Bhutan","Wikidata":"Q917","SeshatID":"","Components":"","MemberOf":"","DISPLAY_NAME":"Kingdom of Bhutan","ADMIN_NAME":"Kingdom of Bhutan","TERRITORIAL_STATUS":"sovereign","TERRITORIAL_STATUS_ZH":"独立政治实体","POLICY_NOTE":"按 ClioPatria 目标年份记录的实际控制几何显示","SOURCE_NAME":"Kingdom of Bhutan","WIKIPEDIA_URL":"https://en.wikipedia.org/wiki/Bhutan","WIKIDATA_URL":"https://www.wikidata.org/wiki/Q917","SESHAT_URL":"","DATA_SOURCE":"ClioPatria ad28a691","LEADER":"领导人资料待补充","LEADER_SOURCE_URL":""},"geometry":{"type":"Polygon","coordinates":[[[92.07805633544922,27.2866268157959],[92.0370864868164,27.093751907348633],[92.160400390625,26.96516990661621],[92.1469955444336,26.900876998901367],[91.8199462890625,26.772293090820312],[90.69332885742188,26.772293090820312],[90.56920623779297,26.900876998901367],[90.34380340576172,26.900876998901367],[90.0044937133789,26.70800018310547],[89.70410919189453,26.70800018310547],[89.50444030761719,26.836584091186523],[88.99141693115234,26.900876998901367],[88.80475616455078,27.093751907348633],[88.94587707519531,27.41520881652832],[89.72833251953125,28.25096321105957],[90.27063751220703,28.315250396728516],[90.43932342529297,28.058101654052734],[91.56981658935547,28.058101654052734],[91.75271606445312,27.865236282348633],[91.66815948486328,27.4794979095459],[92.09185028076172,27.35091781616211],[92.07805633544922,27.2866268157959]]]}},{"type":"Feature","properties":{"Name":"Nepal","FromYear":1890,"ToYear":2023,"Area":148575.00484861495,"Type":"POLITY","Wikipedia":"Nepal","Wikidata":"Q837","SeshatID":"","Components":"","MemberOf":"","DISPLAY_NAME":"Nepal","ADMIN_NAME":"Nepal","TERRITORIAL_STATUS":"sovereign","TERRITORIAL_STATUS_ZH":"独立政治实体","POLICY_NOTE":"按 ClioPatria 目标年份记录的实际控制几何显示","SOURCE_NAME":"Nepal","WIKIPEDIA_URL":"https://en.wikipedia.org/wiki/Nepal","WIKIDATA_URL":"https://www.wikidata.org/wiki/Q837","SESHAT_URL":"","DATA_SOURCE":"ClioPatria ad28a691","LEADER":"领导人资料待补充","LEADER_SOURCE_URL":""},"geometry":{"type":"Polygon","coordinates":[[[81.29988098144531,30.115081787109375],[81.58596801757812,30.372163772583008],[82.04134368896484,30.372163772583008],[82.46930694580078,29.922264099121094],[83.305908203125,29.600887298583984],[83.42857360839844,29.472333908081055],[83.44743347167969,29.21521759033203],[83.66020965576172,29.150936126708984],[83.8397216796875,29.279497146606445],[84.14226531982422,29.279497146606445],[84.26506042480469,29.150936126708984],[84.22280883789062,28.958093643188477],[84.4076919555664,28.765243530273438],[84.81932067871094,28.572391510009766],[85.19670867919922,28.572391510009766],[85.15557098388672,28.379535675048828],[85.35469818115234,28.25096321105957],[85.745361328125,28.315250396728516],[85.97926330566406,27.993812561035156],[86.2323226928711,28.12238883972168],[86.28067779541016,27.993812561035156],[86.8970947265625,28.058101654052734],[87.44561767578125,27.800947189331055],[88.13705444335938,27.865236282348633],[88.04019927978516,27.029460906982422],[88.21475982666016,26.772293090820312],[88.16487884521484,26.515121459960938],[87.99026489257812,26.386537551879883],[87.23990631103516,26.386537551879883],[87.11405181884766,26.515121459960938],[86.65162658691406,26.450830459594727],[86.3125991821289,26.643707275390625],[85.78701782226562,26.643707275390625],[85.73619079589844,26.772293090820312],[85.2734603881836,26.70800018310547],[84.9972152709961,26.836584091186523],[84.88357543945312,27.029460906982422],[84.73326110839844,27.029460906982422],[84.75791931152344,27.158044815063477],[84.43182373046875,27.41520881652832],[83.07760620117188,27.41520881652832],[82.53770446777344,27.736658096313477],[81.88497924804688,27.865236282348633],[81.19453430175781,28.186676025390625],[80.95700073242188,28.508106231689453],[80.68107604980469,28.636676788330078],[80.30361938476562,28.636676788330078],[80.10308074951172,28.765243530273438],[80.470703125,29.79371452331543],[81.01100158691406,30.179353713989258],[81.29988098144531,30.115081787109375]]]}},{"type":"Feature","properties":{"Name":"Rattanakosin Kingdom","FromYear":1895,"ToYear":1904,"Area":613025.4911355806,"Type":"POLITY","Wikipedia":"Rattanakosin Kingdom (1782–1932)","Wikidata":"Q1155700","SeshatID":"","Components":"","MemberOf":"","DISPLAY_NAME":"Rattanakosin Kingdom","ADMIN_NAME":"Rattanakosin Kingdom","TERRITORIAL_STATUS":"sovereign","TERRITORIAL_STATUS_ZH":"独立政治实体","POLICY_NOTE":"按 ClioPatria 目标年份记录的实际控制几何显示","SOURCE_NAME":"Rattanakosin Kingdom","WIKIPEDIA_URL":"https://en.wikipedia.org/wiki/Rattanakosin_Kingdom_(1782%E2%80%931932)","WIKIDATA_URL":"https://www.wikidata.org/wiki/Q1155700","SESHAT_URL":"","DATA_SOURCE":"ClioPatria ad28a691","LEADER":"领导人资料待补充","LEADER_SOURCE_URL":""},"geometry":{"type":"Polygon","coordinates":[[[103.59931945800781,11.085978507995605],[103.61795806884766,11.278841018676758],[103.7769546508789,11.407415390014648],[103.85558319091797,12.178865432739258],[104.10974884033203,12.500303268432617],[104.33551025390625,13.207467079162598],[104.49713897705078,13.336042404174805],[104.7905502319336,13.336042404174805],[104.84146881103516,13.143178939819336],[105.14227294921875,13.207467079162598],[105.15731811523438,13.336042404174805],[105.46598052978516,13.464617729187012],[105.5048599243164,13.786055564880371],[105.88773345947266,13.914630889892578],[105.70797729492188,14.236069679260254],[105.79792785644531,14.364645004272461],[105.75802612304688,14.621796607971191],[105.91348266601562,14.686083793640137],[105.90089416503906,15.136098861694336],[105.65156555175781,15.457538604736328],[105.67894744873047,15.650403022766113],[105.4030532836914,15.77897834777832],[105.43096923828125,15.971842765808105],[105.1552734375,16.100418090820312],[105.036376953125,16.293283462524414],[104.88909149169922,16.293283462524414],[104.77997589111328,16.550434112548828],[104.83367919921875,17.38617706298828],[104.44100189208984,17.707616806030273],[104.46113586425781,17.836191177368164],[104.01504516601562,18.286205291748047],[103.36023712158203,18.350492477416992],[102.92076873779297,17.90047836303711],[102.5516128540039,17.90047836303711],[102.49761199951172,18.029054641723633],[102.0743408203125,18.157629013061523],[101.74929809570312,17.964767456054688],[101.72966003417969,17.836191177368164],[101.50818634033203,17.836191177368164],[101.48344421386719,18.157629013061523],[101.92240142822266,18.607641220092773],[101.98258209228516,18.993366241455078],[101.81095123291016,19.314802169799805],[101.95559692382812,19.764808654785156],[101.90171813964844,19.893383026123047],[101.60540771484375,19.893383026123047],[101.43716430664062,19.764808654785156],[100.69654083251953,19.764808654785156],[100.55836486816406,19.8290958404541],[100.5439224243164,20.214815139770508],[100.1288833618164,20.40767478942871],[99.83231353759766,20.40767478942871],[99.41250610351562,20.08624267578125],[99.19020080566406,20.08624267578125],[98.91905212402344,19.764808654785156],[98.1043701171875,19.764808654785156],[97.93692779541016,19.6362361907959],[97.86650085449219,18.67193031311035],[97.77346801757812,18.543354034423828],[97.46833038330078,18.479066848754883],[97.44935607910156,18.350492477416992],[97.72592163085938,18.2219181060791],[97.9178695678711,17.514753341674805],[98.62763977050781,16.807586669921875],[98.63817596435547,16.35757064819336],[98.93278503417969,16.35757064819336],[98.90609741210938,16.16470718383789],[98.6676254272461,16.036130905151367],[98.67230224609375,15.52182674407959],[98.26284790039062,15.200387001037598],[98.23027801513672,14.943235397338867],[98.48443603515625,14.621796607971191],[98.46879577636719,14.493220329284668],[99.12709045410156,13.850343704223633],[99.24447631835938,13.593193054199219],[99.20860290527344,13.271754264831543],[99.28195190429688,13.271754264831543],[99.16683197021484,12.886029243469238],[99.42621612548828,12.564591407775879],[99.46651458740234,12.24315357208252],[99.66049194335938,11.986002922058105],[99.5434341430664,11.535990715026855],[98.97727966308594,10.957403182983398],[98.77433776855469,10.314528465270996],[98.5331802368164,10.057377815246582],[98.5278091430664,9.993090629577637],[98.13398742675781,8.707340240478516],[98.21086883544922,7.743025779724121],[98.43426513671875,7.807313442230225],[98.38385009765625,8.128751754760742],[98.4707260131836,8.321614265441895],[98.61675262451172,8.321614265441895],[98.67129516601562,8.06446361541748],[98.95419311523438,7.935888767242432],[98.936279296875,7.678738594055176],[99.22378540039062,7.614450931549072],[99.27500915527344,7.293012619018555],[99.49390411376953,7.293012619018555],[99.48112487792969,7.100150108337402],[99.62703704833984,7.100150108337402],[99.6103286743164,6.842999458312988],[99.95465850830078,6.521561145782471],[100.027587890625,6.521561145782471],[100.32742309570312,6.650136470794678],[100.46517944335938,6.521561145782471],[100.67993927001953,6.457273483276367],[101.09375,6.071547985076904],[100.99797058105469,5.685822010040283],[101.1400375366211,5.62153434753418],[101.44673156738281,5.878684997558594],[101.7307357788086,5.750109672546387],[101.87653350830078,5.750109672546387],[102.0534896850586,6.264410972595215],[102.0574951171875,6.328698635101318],[101.77386474609375,6.457273483276367],[101.71736145019531,6.714424133300781],[101.51110076904297,6.907287120819092],[100.85457611083984,6.907287120819092],[100.65270233154297,7.164437294006348],[100.50678253173828,7.164437294006348],[100.52853393554688,7.485875606536865],[100.3825912475586,7.485875606536865],[100.46891784667969,7.678738594055176],[100.33651733398438,7.871601104736328],[100.30083465576172,8.385902404785156],[100.08655548095703,8.450189590454102],[99.95985412597656,8.707340240478516],[99.93186950683594,9.285927772521973],[99.64473724365234,9.350214958190918],[99.34225463867188,9.221640586853027],[99.29487609863281,9.543078422546387],[99.15916442871094,9.671652793884277],[99.3143081665039,10.635965347290039],[99.47783660888672,10.828827857971191],[99.60441589355469,11.407415390014648],[99.85491180419922,11.728853225708008],[99.8802261352539,11.986002922058105],[100.03314208984375,12.050291061401367],[100.10314178466797,13.40032958984375],[100.5578842163086,13.528904914855957],[100.99075317382812,13.464617729187012],[100.82551574707031,12.628878593444824],[101.5516128540039,12.564591407775879],[101.78524780273438,12.69316577911377],[102.11073303222656,12.307440757751465],[102.25727081298828,12.307440757751465],[102.22405242919922,11.986002922058105],[102.44378662109375,11.986002922058105],[102.60350799560547,12.114578247070312],[102.74337005615234,12.050291061401367],[102.7302017211914,11.92171573638916],[102.8701400756836,11.857428550720215],[102.84432220458984,11.6002779006958],[103.05123901367188,11.47170352935791],[103.06279754638672,10.828827857971191],[103.3554458618164,10.828827857971191],[103.52613830566406,11.085978507995605],[103.59931945800781,11.085978507995605]]]}},{"type":"Feature","properties":{"Name":"Emirate of Jabal Shammar","FromYear":1895,"ToYear":1904,"Area":674959.8794521838,"Type":"POLITY","Wikipedia":"Emirate of Jabal Shammar","Wikidata":"Q5362837","SeshatID":"","Components":"","MemberOf":"","DISPLAY_NAME":"Emirate of Jabal Shammar","ADMIN_NAME":"Emirate of Jabal Shammar","TERRITORIAL_STATUS":"sovereign","TERRITORIAL_STATUS_ZH":"独立政治实体","POLICY_NOTE":"按 ClioPatria 目标年份记录的实际控制几何显示","SOURCE_NAME":"Emirate of Jabal Shammar","WIKIPEDIA_URL":"https://en.wikipedia.org/wiki/Emirate_of_Jabal_Shammar","WIKIDATA_URL":"https://www.wikidata.org/wiki/Q5362837","SESHAT_URL":"","DATA_SOURCE":"ClioPatria ad28a691","LEADER":"领导人资料待补充","LEADER_SOURCE_URL":""},"geometry":{"type":"Polygon","coordinates":[[[45.08794021606445,29.022375106811523],[47.032344818115234,28.829526901245117],[47.10787582397461,28.829526901245117],[47.549190521240234,27.993812561035156],[47.654869079589844,27.54378890991211],[47.79905700683594,27.4794979095459],[48.03797149658203,26.836584091186523],[48.18215560913086,26.772293090820312],[49.07245635986328,24.97209930419922],[49.43046188354492,24.779226303100586],[49.48435974121094,24.522062301635742],[49.69307327270508,24.329193115234375],[50.50940704345703,24.264904022216797],[50.50423812866211,24.200613021850586],[50.24995040893555,23.814878463745117],[49.85740280151367,23.557723999023438],[48.25054168701172,22.97913360595703],[48.24163818359375,22.85055923461914],[48.02265548706055,22.914846420288086],[47.56709671020508,22.786272048950195],[46.04104232788086,22.20768928527832],[45.707767486572266,21.629112243652344],[45.394989013671875,21.371967315673828],[45.01597595214844,21.24339485168457],[44.92644500732422,20.986249923706055],[44.228580474853516,20.471960067749023],[44.13573455810547,20.150527954101562],[43.980045318603516,20.021955490112305],[43.9763069152832,19.95766830444336],[43.68737030029297,20.08624267578125],[43.694766998291016,20.214815139770508],[43.27187728881836,20.60053253173828],[43.1416130065918,20.921964645385742],[42.78487777709961,21.179107666015625],[42.44926071166992,21.821969985961914],[42.16621398925781,22.079116821289062],[42.17338943481445,22.20768928527832],[41.81938171386719,22.529123306274414],[41.550594329833984,23.043420791625977],[41.40525817871094,23.107707977294922],[41.41260528564453,23.236284255981445],[41.26723861694336,23.30057144165039],[40.86863327026367,24.136323928833008],[40.51856994628906,24.522062301635742],[40.39302444458008,24.907808303833008],[40.24751663208008,24.97209930419922],[39.92338562011719,25.743606567382812],[39.77783966064453,25.807899475097656],[39.31482696533203,26.70800018310547],[39.169185638427734,26.772293090820312],[39.17836380004883,26.900876998901367],[39.03269958496094,26.96516990661621],[39.04197311401367,27.093751907348633],[38.89628219604492,27.158044815063477],[38.90565490722656,27.2866268157959],[38.75993347167969,27.35091781616211],[38.70368576049805,27.608078002929688],[38.426597595214844,27.92952537536621],[38.50193786621094,27.92952537536621],[38.587100982666016,28.058101654052734],[39.04938507080078,28.186676025390625],[39.29619598388672,28.44382095336914],[39.91048049926758,28.572391510009766],[40.22878646850586,28.765243530273438],[40.60638427734375,28.765243530273438],[40.77435302734375,28.958093643188477],[41.524166107177734,28.893810272216797],[41.9952392578125,29.08665657043457],[45.01236343383789,29.022375106811523],[45.08794021606445,29.022375106811523]]]}},{"type":"Feature","properties":{"Name":"Republic of Liberia","FromYear":1895,"ToYear":1941,"Area":99562.61354748739,"Type":"POLITY","Wikipedia":"Liberia","Wikidata":"Q1014","SeshatID":"","Components":"","MemberOf":"","DISPLAY_NAME":"Republic of Liberia","ADMIN_NAME":"Republic of Liberia","TERRITORIAL_STATUS":"sovereign","TERRITORIAL_STATUS_ZH":"独立政治实体","POLICY_NOTE":"按 ClioPatria 目标年份记录的实际控制几何显示","SOURCE_NAME":"Republic of Liberia","WIKIPEDIA_URL":"https://en.wikipedia.org/wiki/Liberia","WIKIDATA_URL":"https://www.wikidata.org/wiki/Q1014","SESHAT_URL":"","DATA_SOURCE":"ClioPatria ad28a691","LEADER":"领导人资料待补充","LEADER_SOURCE_URL":""},"geometry":{"type":"Polygon","coordinates":[[[-7.628079414367676,4.335781574249268],[-8.35542106628418,4.528644561767578],[-8.790828704833984,4.850082874298096],[-9.227439880371094,4.978658199310303],[-10.244715690612793,6.007260322570801],[-10.68202018737793,6.135835647583008],[-10.827676773071289,6.392985820770264],[-11.192306518554688,6.521561145782471],[-11.557297706604004,6.907287120819092],[-11.557390213012695,6.971574783325195],[-11.411490440368652,6.971574783325195],[-11.338984489440918,7.228724956512451],[-10.902092933654785,7.614450931549072],[-10.756134033203125,7.614450931549072],[-10.611357688903809,8.000176429748535],[-10.392821311950684,8.128751754760742],[-10.24810791015625,8.450189590454102],[-9.664202690124512,8.514476776123047],[-9.517651557922363,8.385902404785156],[-9.370221138000488,7.935888767242432],[-9.44219970703125,7.421587944030762],[-9.223098754882812,7.228724956512451],[-8.858329772949219,7.293012619018555],[-8.71280288696289,7.678738594055176],[-8.420724868774414,7.550163269042969],[-8.274633407592773,6.971574783325195],[-8.566877365112305,6.457273483276367],[-7.983836650848389,6.264410972595215],[-7.402568817138672,5.62153434753418],[-7.403665542602539,5.364383697509766],[-7.62455415725708,4.914370536804199],[-7.555225372314453,4.335781574249268],[-7.628079414367676,4.335781574249268]]]}},{"type":"Feature","properties":{"Name":"Greenland","FromYear":1895,"ToYear":1907,"Area":105747.9486266576,"Type":"POLITY","Wikipedia":"Greenland","Wikidata":"Q223","SeshatID":"","Components":"","MemberOf":"","DISPLAY_NAME":"Greenland","ADMIN_NAME":"Greenland","TERRITORIAL_STATUS":"sovereign","TERRITORIAL_STATUS_ZH":"独立政治实体","POLICY_NOTE":"按 ClioPatria 目标年份记录的实际控制几何显示","SOURCE_NAME":"Greenland","WIKIPEDIA_URL":"https://en.wikipedia.org/wiki/Greenland","WIKIDATA_URL":"https://www.wikidata.org/wiki/Q223","SESHAT_URL":"","DATA_SOURCE":"ClioPatria ad28a691","LEADER":"领导人资料待补充","LEADER_SOURCE_URL":""},"geometry":{"type":"MultiPolygon","coordinates":[[[[-46.33577346801758,60.91054153442383],[-46.06000900268555,60.91054153442383],[-45.9837646484375,60.76930236816406],[-45.945796966552734,60.69873809814453],[-46.22100067138672,60.69873809814453],[-46.33577346801758,60.91054153442383]]],[[[-52.42074966430664,66.99652099609375],[-52.81221008300781,66.99652099609375],[-52.467742919921875,66.92203521728516],[-52.41365051269531,66.69890594482422],[-52.511199951171875,66.69890594482422],[-52.410587310791016,66.55042266845703],[-52.21580505371094,66.55042266845703],[-52.2133674621582,66.40216064453125],[-51.62785720825195,66.10628509521484],[-50.85307312011719,65.95866394042969],[-50.56410217285156,65.8112564086914],[-50.37493896484375,65.51705932617188],[-50.039276123046875,65.44363403320312],[-49.99595642089844,65.22367095947266],[-49.338111877441406,64.78507995605469],[-49.11350631713867,64.4209213256836],[-49.01829528808594,64.4209213256836],[-48.709632873535156,63.91307830810547],[-48.80434799194336,63.91307830810547],[-48.71712875366211,63.768394470214844],[-48.811702728271484,63.768394470214844],[-48.72483825683594,63.623897552490234],[-48.819271087646484,63.623897552490234],[-48.68967056274414,63.4074821472168],[-48.41569900512695,63.263427734375],[-47.67374801635742,62.474212646484375],[-46.884071350097656,61.90340805053711],[-46.38043975830078,61.832237243652344],[-45.64516067504883,61.335140228271484],[-45.14561080932617,61.264278411865234],[-45.0698356628418,61.12267303466797],[-45.2161979675293,61.05192565917969],[-45.103240966796875,60.83990478515625],[-44.5150146484375,60.76930236816406],[-44.459285736083984,60.48725891113281],[-45.02610778808594,60.34645080566406],[-45.3578987121582,60.628211975097656],[-45.32051086425781,60.557716369628906],[-45.64942169189453,60.48725891113281],[-46.04462432861328,61.05192565917969],[-46.5969123840332,61.05192565917969],[-46.66484832763672,60.83990478515625],[-47.6226806640625,60.91054153442383],[-47.583438873291016,60.83990478515625],[-47.911495208740234,60.76930236816406],[-48.161720275878906,61.05192565917969],[-48.069671630859375,61.05192565917969],[-48.10948944091797,61.12267303466797],[-48.61028289794922,61.193458557128906],[-48.679935455322266,61.47697448730469],[-49.2345085144043,61.47697448730469],[-49.35820770263672,61.69001388549805],[-49.17296600341797,61.69001388549805],[-49.214298248291016,61.7611083984375],[-49.52474594116211,61.97461700439453],[-49.71051025390625,61.97461700439453],[-49.8370246887207,62.18848419189453],[-49.65086364746094,62.18848419189453],[-49.693138122558594,62.259857177734375],[-50.33769989013672,62.4027214050293],[-50.51052474975586,62.68894577026367],[-50.32343292236328,62.68894577026367],[-50.497650146484375,62.9758415222168],[-50.72361755371094,63.191463470458984],[-51.14426803588867,63.263427734375],[-51.233787536621094,63.4074821472168],[-51.09014129638672,63.479576110839844],[-51.13507843017578,63.55171203613281],[-51.55787658691406,63.623897552490234],[-51.694664001464844,63.84071350097656],[-51.505374908447266,63.84071350097656],[-51.7352294921875,64.20299530029297],[-52.020225524902344,64.20299530029297],[-52.25442123413086,64.56643676757812],[-52.15906524658203,64.56643676757812],[-52.34828567504883,65.004150390625],[-52.25249099731445,65.004150390625],[-52.54154586791992,65.44363403320312],[-52.88090896606445,65.66405487060547],[-53.07384490966797,65.66405487060547],[-53.37249755859375,66.10628509521484],[-53.66326904296875,66.10628509521484],[-53.86634826660156,66.40216064453125],[-53.72288513183594,66.47626495361328],[-53.774051666259766,66.55042266845703],[-53.57927322387695,66.55042266845703],[-53.53801345825195,66.77322387695312],[-52.95225143432617,66.77322387695312],[-53.05445861816406,66.92203521728516],[-53.44560241699219,66.92203521728516],[-53.54910659790039,67.0710678100586],[-53.84294128417969,67.0710678100586],[-54.052940368652344,67.36980438232422],[-53.90917205810547,67.44463348388672],[-53.96211242675781,67.51952362060547],[-53.7652473449707,67.51952362060547],[-53.92464065551758,67.74452209472656],[-53.78060531616211,67.81964111328125],[-53.8341064453125,67.89481353759766],[-53.393150329589844,67.97005462646484],[-53.653221130371094,68.19611358642578],[-53.012451171875,68.27159118652344],[-52.66141891479492,68.19611358642578],[-52.82168960571289,68.42272186279297],[-53.16548156738281,68.34712219238281],[-53.27356719970703,68.49837493896484],[-53.12868118286133,68.57408905029297],[-53.18302917480469,68.64987182617188],[-52.88395309448242,68.64987182617188],[-52.99270248413086,68.8016128540039],[-52.39350891113281,68.8016128540039],[-52.23222351074219,68.57408905029297],[-52.33182907104492,68.57408905029297],[-52.21833419799805,68.27159118652344],[-52.51612854003906,68.27159118652344],[-52.1655158996582,68.19611358642578],[-52.060428619384766,68.04534912109375],[-52.30493927001953,67.97005462646484],[-52.247100830078125,67.74452209472656],[-52.49098587036133,67.66946411132812],[-52.43391799926758,67.44463348388672],[-52.335567474365234,67.44463348388672],[-52.28410339355469,67.36980438232422],[-52.52737045288086,67.29503631591797],[-52.42074966430664,66.99652099609375]]],[[[-38.1003303527832,65.8112564086914],[-37.94476318359375,65.88493347167969],[-37.9825439453125,65.95866394042969],[-37.364593505859375,65.88493347167969],[-37.25328826904297,65.66405487060547],[-37.60197067260742,65.59053039550781],[-37.698360443115234,65.59053039550781],[-37.9875373840332,65.59053039550781],[-38.1003303527832,65.8112564086914]]],[[[-51.26191711425781,69.18205261230469],[-51.1616096496582,69.18205261230469],[-51.223018646240234,69.41107940673828],[-50.87467575073242,69.487548828125],[-50.92881393432617,69.5640869140625],[-50.42505645751953,69.5640869140625],[-50.37136459350586,69.487548828125],[-50.51901626586914,69.41107940673828],[-50.412261962890625,69.25833129882812],[-51.06130599975586,69.18205261230469],[-50.754215240478516,69.0296859741211],[-50.901344299316406,68.95359802246094],[-50.795654296875,68.8016128540039],[-50.99538803100586,68.8016128540039],[-50.83773422241211,68.57408905029297],[-50.937339782714844,68.57408905029297],[-50.885074615478516,68.49837493896484],[-51.08411407470703,68.49837493896484],[-51.341766357421875,68.7257080078125],[-51.39485168457031,68.8016128540039],[-51.401546478271484,68.95359802246094],[-51.154727935791016,69.0296859741211],[-51.26191711425781,69.18205261230469]]],[[[-53.12288284301758,69.25833129882812],[-54.12681579589844,69.25833129882812],[-54.39783477783203,69.487548828125],[-53.69320297241211,69.487548828125],[-53.7498664855957,69.5640869140625],[-53.649112701416016,69.5640869140625],[-53.133888244628906,69.41107940673828],[-53.0333137512207,69.41107940673828],[-52.977603912353516,69.33467864990234],[-53.17856979370117,69.33467864990234],[-53.12288284301758,69.25833129882812]]],[[[-51.15663528442383,70.024658203125],[-51.60739517211914,69.9477310180664],[-51.921871185302734,70.10164642333984],[-52.27093505859375,70.024658203125],[-52.485652923583984,70.17870330810547],[-52.3841667175293,70.17870330810547],[-52.44111633300781,70.2558364868164],[-51.730064392089844,70.2558364868164],[-51.628482818603516,70.2558364868164],[-51.32374572753906,70.2558364868164],[-51.15663528442383,70.024658203125]]],[[[-52.437259674072266,70.79769897460938],[-51.95749282836914,70.5650405883789],[-52.4672737121582,70.5650405883789],[-52.56922912597656,70.5650405883789],[-53.05072021484375,70.79769897460938],[-52.437259674072266,70.79769897460938]]],[[[-51.58803939819336,71.0310287475586],[-51.93980026245117,70.95317840576172],[-52.05681610107422,71.10896301269531],[-52.1157112121582,71.18696594238281],[-51.70478439331055,71.18696594238281],[-51.58803939819336,71.0310287475586]]],[[[-55.83968734741211,72.6053695678711],[-55.1075553894043,72.6053695678711],[-54.97544860839844,72.44635772705078],[-55.07982635498047,72.44635772705078],[-54.98796081542969,72.20853424072266],[-55.092018127441406,72.20853424072266],[-55.196075439453125,72.20853424072266],[-55.508243560791016,72.20853424072266],[-55.60169982910156,72.44635772705078],[-55.83968734741211,72.6053695678711]]],[[[-55.3835334777832,72.68501281738281],[-55.518211364746094,72.84458923339844],[-55.58610153198242,72.92451477050781],[-55.165985107421875,72.92451477050781],[-54.96474075317383,72.68501281738281],[-55.3835334777832,72.68501281738281]]]]}},{"type":"Feature","properties":{"Name":"Ottoman Tripolitania","FromYear":1895,"ToYear":1904,"Area":881471.9856429135,"Type":"POLITY","Wikipedia":"Ottoman Tripolitania","Wikidata":"Q1529261","SeshatID":"","Components":"","MemberOf":"","DISPLAY_NAME":"Ottoman Tripolitania","ADMIN_NAME":"Ottoman Tripolitania","TERRITORIAL_STATUS":"sovereign","TERRITORIAL_STATUS_ZH":"独立政治实体","POLICY_NOTE":"按 ClioPatria 目标年份记录的实际控制几何显示","SOURCE_NAME":"Ottoman Tripolitania","WIKIPEDIA_URL":"https://en.wikipedia.org/wiki/Ottoman_Tripolitania","WIKIDATA_URL":"https://www.wikidata.org/wiki/Q1529261","SESHAT_URL":"","DATA_SOURCE":"ClioPatria ad28a691","LEADER":"领导人资料待补充","LEADER_SOURCE_URL":""},"geometry":{"type":"MultiPolygon","coordinates":[[[[11.604262351989746,26.386537551879883],[11.529226303100586,26.386537551879883],[11.529253959655762,26.450830459594727],[11.604301452636719,26.450830459594727],[11.604262351989746,26.386537551879883]]],[[[14.217477798461914,32.685909271240234],[14.444439888000488,32.493072509765625],[14.674704551696777,32.557350158691406],[14.749334335327148,32.428794860839844],[15.206924438476562,32.36451721191406],[15.424593925476074,31.65752601623535],[15.575982093811035,31.593257904052734],[15.64897632598877,31.40045166015625],[16.178552627563477,31.20764923095703],[16.8635196685791,31.20764923095703],[17.846824645996094,30.950578689575195],[18.222288131713867,30.757776260375977],[18.592470169067383,30.372163772583008],[18.896053314208984,30.372163772583008],[18.968589782714844,30.243623733520508],[19.50142478942871,30.307893753051758],[19.964311599731445,30.564971923828125],[19.968164443969727,30.69350814819336],[20.202085494995117,30.886310577392578],[20.13410186767578,31.143381118774414],[20.214296340942383,31.271915435791016],[19.996076583862305,31.593257904052734],[20.089075088500977,32.107421875],[20.016965866088867,32.23596954345703],[20.246112823486328,32.23596954345703],[20.33134651184082,32.493072509765625],[20.481992721557617,32.428794860839844],[20.562992095947266,32.557350158691406],[20.71593475341797,32.557350158691406],[20.644094467163086,32.685909271240234],[20.87124252319336,32.62162780761719],[21.108016967773438,32.81447219848633],[21.41167449951172,32.75019073486328],[21.569839477539062,32.878753662109375],[22.108469009399414,32.94303894042969],[22.562345504760742,32.81447219848633],[22.70979118347168,32.685909271240234],[23.089431762695312,32.62162780761719],[23.148635864257812,32.23596954345703],[23.680339813232422,32.171695709228516],[24.129365921020508,31.978878021240234],[24.892484664916992,31.978878021240234],[25.11168098449707,31.78606605529785],[25.105247497558594,31.65752601623535],[25.102048873901367,31.593257904052734],[24.313230514526367,31.014846801757812],[24.307418823242188,30.886310577392578],[24.07367706298828,30.757776260375977],[23.910633087158203,30.500701904296875],[23.729698181152344,29.79371452331543],[23.80545425415039,29.79371452331543],[23.93385887145996,29.21521759033203],[23.931352615356445,29.150936126708984],[23.685270309448242,28.636676788330078],[23.21887969970703,28.25096321105957],[22.915103912353516,28.186676025390625],[22.98621368408203,28.058101654052734],[22.161165237426758,28.186676025390625],[21.718536376953125,28.508106231689453],[21.50590705871582,28.958093643188477],[21.28118324279785,29.022375106811523],[21.277267456054688,28.893810272216797],[21.126171112060547,28.893810272216797],[20.35508155822754,28.315250396728516],[20.204238891601562,28.315250396728516],[19.97154998779297,28.058101654052734],[19.514863967895508,27.865236282348633],[19.28318214416504,27.608078002929688],[19.13263511657715,27.608078002929688],[19.05599594116211,27.54378890991211],[19.128522872924805,27.41520881652832],[18.97805404663086,27.41520881652832],[18.923994064331055,24.393482208251953],[18.70085906982422,24.457773208618164],[17.499418258666992,23.943456649780273],[17.27338409423828,23.75058937072754],[16.375261306762695,23.429147720336914],[16.374088287353516,23.30057144165039],[15.927967071533203,23.429147720336914],[15.25479793548584,23.107707977294922],[15.104517936706543,22.914846420288086],[14.507655143737793,22.72198486328125],[14.28496265411377,22.85055923461914],[14.293633460998535,24.522062301635742],[14.145225524902344,24.714935302734375],[13.248723030090332,24.843517303466797],[11.977554321289062,24.650644302368164],[11.305140495300293,24.393482208251953],[10.931462287902832,24.522062301635742],[10.408631324768066,24.457773208618164],[10.183904647827148,24.650644302368164],[10.10831356048584,24.907808303833008],[10.258060455322266,24.843517303466797],[10.257676124572754,24.97209930419922],[10.855062484741211,25.55072784423828],[10.85487174987793,25.67931365966797],[11.379158973693848,26.129364013671875],[11.379154205322266,26.32224464416504],[11.52917766571045,26.257951736450195],[11.67929744720459,26.386537551879883],[11.604342460632324,26.515121459960938],[11.97995376586914,26.70800018310547],[11.980175018310547,26.836584091186523],[13.036478042602539,27.800947189331055],[13.188925743103027,28.12238883972168],[12.963454246520996,28.25096321105957],[12.889029502868652,28.44382095336914],[12.361360549926758,28.572391510009766],[11.758339881896973,28.958093643188477],[11.60710620880127,28.893810272216797],[11.607325553894043,29.022375106811523],[11.456171035766602,29.022375106811523],[11.380732536315918,29.150936126708984],[10.927064895629883,29.279497146606445],[10.851373672485352,29.40805435180664],[10.245616912841797,29.600887298583984],[10.16958999633789,29.729440689086914],[9.714400291442871,29.922264099121094],[9.487336158752441,29.857990264892578],[9.486745834350586,29.986536026000977],[9.410943984985352,29.986536026000977],[9.410012245178223,30.179353713989258],[9.940349578857422,30.372163772583008],[10.318992614746094,30.822044372558594],[10.165175437927246,31.593257904052734],[10.469846725463867,31.7217960357666],[11.003870010375977,32.23596954345703],[11.538878440856934,32.36451721191406],[11.615853309631348,32.557350158691406],[11.539381980895996,32.557350158691406],[11.540922164916992,33.13589859008789],[11.617557525634766,33.13589859008789],[12.228955268859863,32.81447219848633],[12.612099647521973,32.878753662109375],[12.534722328186035,32.75019073486328],[12.840824127197266,32.75019073486328],[12.841785430908203,32.878753662109375],[13.301749229431152,32.94303894042969],[13.453653335571289,32.81447219848633],[13.760527610778809,32.878753662109375],[13.759129524230957,32.75019073486328],[13.835655212402344,32.75019073486328],[14.217477798461914,32.685909271240234]]],[[[12.059636116027832,28.636676788330078],[12.059823036193848,28.700960159301758],[12.13532829284668,28.700960159301758],[12.135127067565918,28.636676788330078],[12.059636116027832,28.636676788330078]]]]}},{"type":"Feature","properties":{"Name":"Wadai Empire","FromYear":1895,"ToYear":1904,"Area":279124.77189619996,"Type":"POLITY","Wikipedia":"Wadai Empire","Wikidata":"Q1132786","SeshatID":"","Components":"","MemberOf":"","DISPLAY_NAME":"Wadai Empire","ADMIN_NAME":"Wadai Empire","TERRITORIAL_STATUS":"sovereign","TERRITORIAL_STATUS_ZH":"独立政治实体","POLICY_NOTE":"按 ClioPatria 目标年份记录的实际控制几何显示","SOURCE_NAME":"Wadai Empire","WIKIPEDIA_URL":"https://en.wikipedia.org/wiki/Wadai_Empire","WIKIDATA_URL":"https://www.wikidata.org/wiki/Q1132786","SESHAT_URL":"","DATA_SOURCE":"ClioPatria ad28a691","LEADER":"领导人资料待补充","LEADER_SOURCE_URL":""},"geometry":{"type":"Polygon","coordinates":[[[22.288427352905273,14.300357818603516],[22.45964813232422,15.393251419067383],[22.38610076904297,15.393251419067383],[20.916467666625977,15.457538604736328],[20.32421112060547,15.26467514038086],[20.1048583984375,15.328963279724121],[20.0275936126709,15.136098861694336],[19.286558151245117,14.81466007232666],[19.210773468017578,14.686083793640137],[18.029943466186523,14.364645004272461],[14.945211410522461,14.364645004272461],[16.323833465576172,13.143178939819336],[16.322072982788086,13.014603614807129],[16.46783447265625,12.950316429138184],[16.392744064331055,12.821741104125977],[16.539363861083984,12.821741104125977],[16.60637855529785,12.37172794342041],[17.041383743286133,12.050291061401367],[17.03952980041504,11.92171573638916],[17.40192413330078,11.664566040039062],[17.4000244140625,11.535990715026855],[17.547407150268555,11.6002779006958],[17.83146858215332,11.021690368652344],[17.827556610107422,10.764540672302246],[19.14862823486328,11.021690368652344],[19.58551597595215,10.893115997314453],[19.731849670410156,10.893115997314453],[19.807209014892578,11.021690368652344],[22.293930053710938,10.957403182983398],[22.292686462402344,10.893115997314453],[22.87929916381836,10.957403182983398],[22.958913803100586,11.278841018676758],[22.598047256469727,11.535990715026855],[22.680299758911133,11.986002922058105],[22.53510093688965,12.050291061401367],[22.465726852416992,12.24315357208252],[22.47354507446289,12.628878593444824],[22.1855525970459,12.886029243469238],[22.280197143554688,13.914630889892578],[22.2067928314209,13.914630889892578],[22.213611602783203,14.236069679260254],[22.287046432495117,14.236069679260254],[22.288427352905273,14.300357818603516]]]}},{"type":"Feature","properties":{"Name":"British Empire","FromYear":1895,"ToYear":1904,"Area":740216.2845548788,"Type":"POLITY","Wikipedia":"Great Britain","Wikidata":"Q23666","SeshatID":"gb_british_emp_2","Components":"","MemberOf":"(British Empire)","DISPLAY_NAME":"British Empire · Kingdom of Great Britain","ADMIN_NAME":"British Empire","TERRITORIAL_STATUS":"metropole","TERRITORIAL_STATUS_ZH":"宗主国本土","POLICY_NOTE":"宗主国本土","SOURCE_NAME":"Kingdom of Great Britain","WIKIPEDIA_URL":"https://en.wikipedia.org/wiki/Great_Britain","WIKIDATA_URL":"https://www.wikidata.org/wiki/Q23666","SESHAT_URL":"https://seshat-db.com/core/polity/gb_british_emp_2","DATA_SOURCE":"ClioPatria ad28a691","LEADER":"领导人资料待补充","LEADER_SOURCE_URL":""},"geometry":{"type":"MultiPolygon","coordinates":[[[[-5.296883106231689,36.3527946472168],[-5.292408466339111,36.28839111328125],[-5.361068248748779,36.15959167480469],[-5.51620626449585,36.15959167480469],[-5.296883106231689,36.3527946472168]]],[[[-6.286456108093262,53.732303619384766],[-6.087455749511719,53.52959060668945],[-6.241942882537842,53.39456558227539],[-6.14714241027832,53.32708740234375],[-6.086330413818359,52.85536575317383],[-6.171980857849121,52.85536575317383],[-6.14614200592041,52.653533935546875],[-6.2316575050354,52.653533935546875],[-6.427507877349854,52.18334197998047],[-7.611197948455811,52.11625671386719],[-8.075331687927246,51.78114318847656],[-8.415112495422363,51.78114318847656],[-8.481083869934082,51.64724349975586],[-9.639079093933105,51.44654083251953],[-9.808544158935547,51.44654083251953],[-9.92369556427002,51.64724349975586],[-10.167977333068848,51.580322265625],[-10.188602447509766,51.71418380737305],[-10.45379638671875,51.78114318847656],[-10.485442161560059,51.98215103149414],[-10.25121021270752,52.11625671386719],[-10.506694793701172,52.11625671386719],[-10.528071403503418,52.250450134277344],[-9.941752433776855,52.31757736206055],[-9.973213195800781,52.51908493041992],[-9.727348327636719,52.586299896240234],[-9.74826431274414,52.720787048339844],[-9.437079429626465,52.92268753051758],[-9.468400001525879,53.124786376953125],[-9.382568359375,53.124786376953125],[-10.209695816040039,53.462066650390625],[-10.231764793395996,53.597137451171875],[-9.984235763549805,53.664710998535156],[-10.006207466125488,53.799922943115234],[-9.833613395690918,53.799922943115234],[-10.084067344665527,54.27390670776367],[-9.49949836730957,54.4095458984375],[-8.697977066040039,54.27390670776367],[-8.642707824707031,54.47740173339844],[-8.316265106201172,54.613189697265625],[-8.837503433227539,54.613189697265625],[-8.869585037231445,54.817054748535156],[-8.532058715820312,54.88506317138672],[-8.56389045715332,55.089229583740234],[-8.41061782836914,55.225467681884766],[-7.886708736419678,55.225467681884766],[-7.819964408874512,55.36180877685547],[-7.120616436004639,55.36180877685547],[-7.013527870178223,55.225467681884766],[-6.149667739868164,55.29362487792969],[-5.727906227111816,54.74907684326172],[-5.553964138031006,54.74907684326172],[-5.527542591094971,54.545284271240234],[-5.440718173980713,54.545284271240234],[-5.501331806182861,54.341712951660156],[-5.588010787963867,54.341712951660156],[-5.899145126342773,54.07062530517578],[-6.331579685211182,54.07062530517578],[-6.286456108093262,53.732303619384766]]],[[[-4.861302852630615,54.07062530517578],[-4.799596309661865,54.27390670776367],[-4.807900905609131,54.341712951660156],[-4.382591724395752,54.4095458984375],[-4.358400821685791,54.20612335205078],[-4.861302852630615,54.07062530517578]]],[[[-7.252153396606445,57.41988754272461],[-7.230959415435791,57.28189468383789],[-7.319843292236328,57.28189468383789],[-7.288100242614746,57.07511901855469],[-7.465542793273926,57.07511901855469],[-7.597294807434082,57.35087585449219],[-7.252153396606445,57.41988754272461]]],[[[-7.105842113494873,57.62710189819336],[-7.440887928009033,57.488929748535156],[-7.562519073486328,57.696231842041016],[-7.116456508636475,57.696231842041016],[-7.105842113494873,57.62710189819336]]],[[[-6.205919742584229,58.180992126464844],[-6.385126113891602,58.180992126464844],[-6.52281665802002,57.903804779052734],[-7.12709903717041,57.7653923034668],[-7.06976318359375,57.97305679321289],[-7.281157493591309,58.180992126464844],[-6.854404926300049,58.31977081298828],[-6.764688491821289,58.31977081298828],[-6.785952091217041,58.45867156982422],[-6.25730562210083,58.528167724609375],[-6.205919742584229,58.180992126464844]]],[[[53.212989807128906,16.614723205566406],[52.380313873291016,16.293283462524414],[52.25921630859375,15.586114883422852],[52.10369110107422,15.457538604736328],[51.883026123046875,15.457538604736328],[51.27429962158203,15.136098861694336],[50.75569152832031,15.07181167602539],[50.22562789916992,14.81466007232666],[49.409767150878906,14.686083793640137],[48.7861213684082,14.043206214904785],[47.75149917602539,13.914630889892578],[47.668033599853516,13.721768379211426],[47.06792449951172,13.464617729187012],[45.74114990234375,13.336042404174805],[45.05411911010742,12.757453918457031],[44.614288330078125,12.757453918457031],[44.38864517211914,12.628878593444824],[43.658504486083984,12.69316577911377],[43.585205078125,12.69316577911377],[43.59368133544922,12.886029243469238],[43.825172424316406,13.143178939819336],[44.34445571899414,13.271754264831543],[44.42680740356445,13.464617729187012],[45.022987365722656,13.657480239868164],[45.18234634399414,13.914630889892578],[45.555816650390625,14.043206214904785],[45.76958465576172,13.914630889892578],[45.99631118774414,14.043206214904785],[46.159767150878906,14.364645004272461],[45.59579086303711,14.81466007232666],[45.61313247680664,15.136098861694336],[46.38114929199219,15.714691162109375],[46.47349166870117,16.036130905151367],[46.62452697753906,16.100418090820312],[46.95011520385742,16.614723205566406],[47.051605224609375,17.06473731994629],[47.12533950805664,17.06473731994629],[47.346534729003906,17.06473731994629],[47.35462188720703,17.193313598632812],[47.50211715698242,17.193313598632812],[47.514347076416016,17.38617706298828],[48.00702667236328,18.157629013061523],[48.315189361572266,18.350492477416992],[49.0756950378418,18.67193031311035],[51.381134033203125,18.864791870117188],[51.6861686706543,18.993366241455078],[52.12995910644531,18.993366241455078],[52.8304328918457,17.450464248657227],[52.8257942199707,17.38617706298828],[53.033172607421875,17.193313598632812],[53.2266960144043,16.807586669921875],[53.212989807128906,16.614723205566406]]],[[[55.35348129272461,23.30057144165039],[55.3001594543457,22.657697677612305],[55.2257194519043,22.657697677612305],[55.1408805847168,22.529123306274414],[54.84319305419922,22.529123306274414],[52.63515853881836,22.85055923461914],[51.67782974243164,23.943456649780273],[51.704200744628906,24.264904022216797],[51.85354995727539,24.264904022216797],[51.90695571899414,24.00774574279785],[52.28013229370117,24.00774574279785],[52.60029602050781,24.264904022216797],[53.11201095581055,24.136323928833008],[54.082523345947266,24.136323928833008],[54.099464416503906,24.329193115234375],[54.31781005859375,24.264904022216797],[54.55914306640625,24.457773208618164],[54.74416732788086,24.843517303466797],[55.14265441894531,25.100683212280273],[55.41188049316406,25.55072784423828],[55.73131561279297,25.743606567382812],[55.806236267089844,25.743606567382812],[56.05316925048828,25.229267120361328],[56.027706146240234,24.97209930419922],[55.865665435791016,24.843517303466797],[55.823150634765625,24.393482208251953],[56.0177001953125,24.07203483581543],[55.71334457397461,24.00774574279785],[55.70759963989258,23.943456649780273],[55.558345794677734,23.943456649780273],[55.61030197143555,23.68630027770996],[55.35348129272461,23.30057144165039]]],[[[50.68524169921875,26.257951736450195],[50.672935485839844,26.129364013671875],[50.666831970214844,26.06507110595703],[50.64872360229492,25.8721923828125],[50.42986297607422,25.936485290527344],[50.460208892822266,26.257951736450195],[50.68524169921875,26.257951736450195]]],[[[34.08732223510742,35.00096893310547],[33.69539260864258,34.93662643432617],[33.523399353027344,34.743614196777344],[33.1320686340332,34.679283142089844],[33.04356002807617,34.55062484741211],[32.36665725708008,34.743614196777344],[32.229042053222656,34.93662643432617],[32.24578857421875,35.12965774536133],[32.55473709106445,35.12965774536133],[32.875247955322266,35.258358001708984],[32.886871337890625,35.38706970214844],[33.73737716674805,35.38706970214844],[34.309810638427734,35.708900451660156],[34.38723373413086,35.708900451660156],[34.542076110839844,35.708900451660156],[34.5294189453125,35.58015823364258],[33.95713424682617,35.258358001708984],[34.08732223510742,35.00096893310547]]],[[[14.33681869506836,35.837650299072266],[14.339592933654785,36.03080368041992],[14.417119026184082,36.03080368041992],[14.571182250976562,35.9664192199707],[14.568227767944336,35.77327346801758],[14.33681869506836,35.837650299072266]]],[[[-2.075707674026489,57.28189468383789],[-2.208682298660278,56.86860656738281],[-2.532599925994873,56.59365463256836],[-2.789952516555786,56.524986267089844],[-2.671310901641846,56.25059127807617],[-3.103936910629272,56.182064056396484],[-3.26426100730896,56.04508590698242],[-2.656256437301636,56.11355972290039],[-2.01904296875,55.90821838378906],[-1.734845399856567,55.70311737060547],[-1.606520295143127,55.29362487792969],[-1.519152045249939,55.29362487792969],[-1.486006855964661,54.95309066772461],[-1.398887872695923,54.95309066772461],[-1.285956144332886,54.681121826171875],[-0.671433329582214,54.613189697265625],[-0.202435865998268,54.20612335205078],[-0.17964468896389,53.93522644042969],[0.004257039166987,53.799922943115234],[0.020827349275351,53.597137451171875],[0.29531991481781,53.39456558227539],[0.316494405269623,53.124786376953125],[0.06977716833353,52.99003219604492],[0.166152358055115,52.85536575317383],[0.337453275918961,52.85536575317383],[0.493327647447586,53.057395935058594],[1.093834638595581,53.057395935058594],[1.622210025787354,52.85536575317383],[1.739019155502319,52.38472366333008],[1.653681755065918,52.38472366333008],[1.586262822151184,52.11625671386719],[1.425007224082947,51.98215103149414],[1.169783234596252,51.98215103149414],[1.183690190315247,51.78114318847656],[0.843909561634064,51.78114318847656],[0.862975299358368,51.51342010498047],[0.523877322673798,51.51342010498047],[1.380577206611633,51.37968063354492],[1.313834071159363,51.112430572509766],[0.492853790521622,50.77880859375],[-1.367843627929688,50.84549331665039],[-1.109168291091919,50.77880859375],[-1.176646590232849,50.578861236572266],[-1.513427257537842,50.578861236572266],[-1.524962306022644,50.71213912963867],[-2.607964515686035,50.578861236572266],[-2.789105415344238,50.71213912963867],[-3.12621021270752,50.71213912963867],[-3.456606388092041,50.64549255371094],[-3.584736108779907,50.2459831237793],[-4.088706493377686,50.2459831237793],[-4.186630249023438,50.37908172607422],[-4.354779243469238,50.37908172607422],[-4.928657054901123,50.2459831237793],[-5.151133060455322,49.98000717163086],[-5.745615005493164,50.04647445678711],[-5.768607616424561,50.2459831237793],[-5.279601097106934,50.37908172607422],[-5.133819580078125,50.578861236572266],[-4.881234169006348,50.578861236572266],[-4.819114208221436,50.77880859375],[-4.657799243927002,50.84549331665039],[-4.67988109588623,51.04566955566406],[-4.426436901092529,51.04566955566406],[-4.201729774475098,51.31283950805664],[-3.094635725021362,51.24601745605469],[-3.107994079589844,51.37968063354492],[-2.945236444473267,51.44654083251953],[-3.121426105499268,51.51342010498047],[-3.277374029159546,51.37968063354492],[-3.70082426071167,51.37968063354492],[-3.891522645950317,51.580322265625],[-4.308269023895264,51.51342010498047],[-4.415247440338135,51.71418380737305],[-5.078959941864014,51.580322265625],[-5.264270305633545,51.71418380737305],[-5.295889377593994,51.98215103149414],[-4.893810749053955,52.18334197998047],[-4.39012336730957,52.250450134277344],[-4.156738758087158,52.4518928527832],[-4.29533576965332,52.92268753051758],[-4.793659210205078,52.78806686401367],[-4.809510231018066,52.92268753051758],[-4.490120410919189,53.124786376953125],[-4.669717311859131,53.192195892333984],[-4.701662540435791,53.462066650390625],[-4.271347522735596,53.462066650390625],[-4.162125587463379,53.25962829589844],[-3.317377805709839,53.39456558227539],[-3.152528285980225,53.462066650390625],[-3.095205545425415,53.732303619384766],[-3.196035623550415,53.86756134033203],[-2.96582555770874,54.138362884521484],[-3.304538726806641,54.07062530517578],[-3.319409608840942,54.20612335205078],[-3.586766958236694,54.27390670776367],[-3.71977162361145,54.681121826171875],[-3.569097280502319,54.88506317138672],[-4.423340797424316,54.74907684326172],[-4.953676700592041,54.817054748535156],[-4.936679363250732,54.681121826171875],[-5.206079959869385,54.74907684326172],[-5.32801628112793,55.021148681640625],[-5.153679370880127,55.021148681640625],[-5.171102046966553,55.15733337402344],[-4.768880844116211,55.430015563964844],[-4.794708251953125,55.63479995727539],[-4.978706836700439,55.70311737060547],[-4.996289253234863,55.83982467651367],[-5.444243907928467,55.90821838378906],[-5.426101684570312,55.77145767211914],[-5.162932395935059,55.77145767211914],[-5.118756771087646,55.430015563964844],[-5.381163120269775,55.430015563964844],[-5.574207305908203,55.56651306152344],[-5.625458240509033,55.29362487792969],[-5.887563228607178,55.29362487792969],[-5.915220260620117,55.498252868652344],[-5.689270496368408,55.77145767211914],[-5.80486011505127,55.97663879394531],[-5.89273738861084,55.97663879394531],[-5.952439785003662,55.77145767211914],[-6.127885818481445,55.77145767211914],[-6.187198638916016,55.56651306152344],[-6.362338542938232,55.56651306152344],[-6.381457328796387,55.70311737060547],[-6.634748458862305,55.63479995727539],[-6.507877826690674,55.97663879394531],[-6.068491458892822,55.97663879394531],[-5.920981407165527,56.182064056396484],[-5.656883716583252,56.182064056396484],[-5.684883117675781,56.387733459472656],[-6.292484283447266,56.319149017333984],[-6.23344087600708,56.524986267089844],[-6.341366291046143,56.662349700927734],[-5.908953666687012,56.731075286865234],[-5.947565078735352,57.00625228881836],[-6.055799961090088,57.14401626586914],[-6.410901069641113,57.14401626586914],[-6.618975639343262,57.35087585449219],[-6.796852111816406,57.35087585449219],[-6.817555904388428,57.488929748535156],[-6.471539974212646,57.55800247192383],[-6.502223968505859,57.7653923034668],[-6.323688507080078,57.7653923034668],[-6.11513090133667,57.55800247192383],[-6.085347175598145,57.35087585449219],[-5.808821201324463,57.28189468383789],[-5.700699329376221,57.14401626586914],[-5.729594707489014,57.35087585449219],[-5.917263507843018,57.41988754272461],[-5.887243270874023,57.8345832824707],[-5.728240966796875,57.97305679321289],[-5.459936618804932,57.97305679321289],[-5.418947219848633,58.31977081298828],[-5.239514827728271,58.31977081298828],[-5.258847236633301,58.45867156982422],[-5.169017314910889,58.45867156982422],[-5.198037147521973,58.66725540161133],[-4.019067287445068,58.59769821166992],[-3.676762819290161,58.73685073852539],[-3.136410236358643,58.73685073852539],[-3.021383285522461,58.528167724609375],[-3.428223133087158,58.180992126464844],[-4.118414402008057,57.97305679321289],[-3.930825471878052,57.903804779052734],[-3.994018077850342,57.696231842041016],[-3.726380348205566,57.696231842041016],[-3.734920263290405,57.7653923034668],[-1.852917313575745,57.696231842041016],[-1.823600172996521,57.41988754272461],[-2.075707674026489,57.28189468383789]]],[[[-3.441113948822021,59.015533447265625],[-3.376785039901733,59.22488784790039],[-3.195853710174561,59.22488784790039],[-3.088408470153809,59.08528518676758],[-2.809081315994263,59.015533447265625],[-2.792584657669067,58.876129150390625],[-2.972933053970337,58.876129150390625],[-3.063107252120972,58.876129150390625],[-3.415184020996094,58.80647277832031],[-3.531404256820679,59.015533447265625],[-3.441113948822021,59.015533447265625]]],[[[-2.562593460083008,59.22488784790039],[-2.653059244155884,59.22488784790039],[-2.644851207733154,59.15507125854492],[-2.825665473937988,59.15507125854492],[-2.842337846755981,59.294734954833984],[-2.578956842422485,59.36461639404297],[-2.562593460083008,59.22488784790039]]],[[[-1.164233803749084,60.557716369628906],[-1.050302863121033,60.34645080566406],[-1.141728639602661,60.34645080566406],[-1.203181028366089,60.065250396728516],[-1.674645304679871,60.20578384399414],[-1.63013768196106,60.628211975097656],[-1.36280632019043,60.69873809814453],[-1.347454905509949,60.557716369628906],[-1.255844354629517,60.557716369628906],[-1.278715848922729,60.76930236816406],[-0.827084124088287,60.83990478515625],[-0.805085599422455,60.628211975097656],[-1.164233803749084,60.557716369628906]]]]}},{"type":"Feature","properties":{"Name":"British Empire","FromYear":1895,"ToYear":1910,"Area":4874467.379159702,"Type":"POLITY","Wikipedia":"British Raj","Wikidata":"Q129286","SeshatID":"gb_british_emp_2","Components":"","MemberOf":"(British Empire)","DISPLAY_NAME":"British Empire · British Raj","ADMIN_NAME":"British Empire","TERRITORIAL_STATUS":"colony","TERRITORIAL_STATUS_ZH":"殖民地（计入宗主国）","POLICY_NOTE":"殖民地按本项目口径计入宗主国领土","SOURCE_NAME":"British Raj","WIKIPEDIA_URL":"https://en.wikipedia.org/wiki/British_Raj","WIKIDATA_URL":"https://www.wikidata.org/wiki/Q129286","SESHAT_URL":"https://seshat-db.com/core/polity/gb_british_emp_2","DATA_SOURCE":"ClioPatria ad28a691","LEADER":"领导人资料待补充","LEADER_SOURCE_URL":""},"geometry":{"type":"MultiPolygon","coordinates":[[[[81.44681549072266,8.128751754760742],[81.65440368652344,7.935888767242432],[81.77438354492188,7.485875606536865],[81.91669464111328,7.421587944030762],[81.87792205810547,6.714424133300781],[81.33750915527344,6.135835647583008],[80.6685791015625,5.878684997558594],[80.23114776611328,5.878684997558594],[79.95211029052734,6.135835647583008],[79.75935363769531,6.650136470794678],[79.74190521240234,7.678738594055176],[79.60686492919922,7.871601104736328],[79.61796569824219,8.06446361541748],[79.76396942138672,8.06446361541748],[79.8062515258789,8.771627426147461],[80.04952239990234,9.157352447509766],[79.99295806884766,9.41450309753418],[80.0786361694336,9.607365608215332],[79.86360931396484,9.671652793884277],[79.87643432617188,9.86451530456543],[80.45260620117188,9.735940933227539],[80.52141571044922,9.671652793884277],[80.4398193359375,9.543078422546387],[80.72791290283203,9.478790283203125],[80.7195053100586,9.350214958190918],[80.86146545410156,9.285927772521973],[80.8531723022461,9.157352447509766],[80.99517059326172,9.09306526184082],[80.98698425292969,8.964489936828613],[81.2590103149414,8.643052101135254],[81.25503540039062,8.578764915466309],[81.39713287353516,8.514476776123047],[81.44681549072266,8.128751754760742]]],[[[70.43262481689453,22.85055923461914],[70.0673828125,22.914846420288086],[69.74840545654297,22.72198486328125],[69.45060729980469,22.72198486328125],[68.80825805664062,22.97913360595703],[68.55245971679688,23.36486053466797],[68.3359375,23.429147720336914],[68.35022735595703,23.557723999023438],[68.12652587890625,23.557723999023438],[68.15538787841797,23.814878463745117],[67.63314819335938,23.814878463745117],[67.49114990234375,23.879167556762695],[67.43836975097656,24.07203483581543],[67.28907775878906,24.07203483581543],[67.32612609863281,24.393482208251953],[67.25143432617188,24.393482208251953],[67.2146987915039,24.714935302734375],[66.63204956054688,24.843517303466797],[66.67909240722656,25.229267120361328],[66.48676300048828,25.48643684387207],[66.270263671875,25.55072784423828],[66.02147674560547,25.357851028442383],[64.8160629272461,25.29355812072754],[64.80064392089844,25.164974212646484],[64.2845230102539,25.229267120361328],[64.22502136230469,25.357851028442383],[63.62620544433594,25.357851028442383],[63.536216735839844,25.229267120361328],[62.563419342041016,25.229267120361328],[62.47393035888672,25.100683212280273],[62.18195724487305,25.164974212646484],[62.01787185668945,25.03639030456543],[61.651031494140625,25.100683212280273],[61.65822219848633,25.164974212646484],[61.85404586791992,26.19365882873535],[62.42774963378906,26.57941436767578],[63.11177062988281,26.643707275390625],[63.27887725830078,26.772293090820312],[63.33076095581055,27.158044815063477],[62.82195281982422,27.2866268157959],[62.90277099609375,27.865236282348633],[62.82744598388672,27.865236282348633],[62.79844284057617,28.186676025390625],[61.874298095703125,28.572391510009766],[61.48815155029297,29.022375106811523],[61.451602935791016,29.279497146606445],[60.98139572143555,29.665164947509766],[61.001495361328125,29.79371452331543],[62.3036994934082,29.40805435180664],[63.75174331665039,29.472333908081055],[63.76219177246094,29.536611557006836],[63.837886810302734,29.536611557006836],[63.827423095703125,29.472333908081055],[64.11966705322266,29.40805435180664],[64.52979278564453,29.600887298583984],[65.12470245361328,29.536611557006836],[65.99028778076172,29.729440689086914],[66.25102233886719,29.922264099121094],[66.26229095458984,29.986536026000977],[66.33809661865234,29.986536026000977],[66.43708038330078,30.950578689575195],[66.87832641601562,31.271915435791016],[67.71569061279297,31.271915435791016],[67.81696319580078,31.40045166015625],[67.6646499633789,31.40045166015625],[67.61372375488281,31.528987884521484],[67.93124389648438,31.593257904052734],[68.12230682373047,31.78606605529785],[68.6561279296875,31.78606605529785],[68.78253173828125,31.65752601623535],[69.08743286132812,31.65752601623535],[69.292724609375,31.91460609436035],[69.33792877197266,32.493072509765625],[69.54618072509766,32.75019073486328],[69.53977966308594,33.07160949707031],[70.2580337524414,33.20018768310547],[70.31597137451172,33.45735549926758],[70.17707824707031,33.52165222167969],[70.20632934570312,33.65024948120117],[69.92847442626953,33.77885055541992],[69.98755645751953,34.03607940673828],[70.72654724121094,33.90746307373047],[71.18670654296875,34.22901916503906],[71.1557388305664,34.42197799682617],[71.01707458496094,34.48630142211914],[71.04795837402344,34.614952087402344],[71.51179504394531,34.93662643432617],[71.6846694946289,35.32271194458008],[71.60736846923828,35.32271194458008],[71.65575408935547,35.51579284667969],[71.5172119140625,35.58015823364258],[71.5497055053711,35.708900451660156],[71.22772979736328,35.9664192199707],[71.38785552978516,36.28839111328125],[71.98176574707031,36.48161697387695],[72.37832641601562,36.80373764038086],[74.10740661621094,36.8681755065918],[74.55056762695312,37.06150817871094],[75.31097412109375,36.9970588684082],[75.41193389892578,36.80373764038086],[75.7826156616211,36.73930740356445],[76.00286865234375,36.417205810546875],[75.98487854003906,36.3527946472168],[75.99100494384766,36.09519577026367],[76.1703872680664,35.902034759521484],[76.4803237915039,35.902034759521484],[76.49810791015625,35.9664192199707],[76.63529205322266,35.902034759521484],[76.59979248046875,35.77327346801758],[77.08859252929688,35.58015823364258],[77.05331420898438,35.45143127441406],[77.1728286743164,35.32271194458008],[77.10308074951172,35.065311431884766],[76.83696746826172,34.93662643432617],[76.80268859863281,34.80794906616211],[77.55931854248047,35.32271194458008],[78.05872344970703,35.45143127441406],[78.16651916503906,35.00096893310547],[78.24371337890625,35.00096893310547],[78.1737060546875,34.743614196777344],[79.07111358642578,34.3576545715332],[79.01922607421875,34.164703369140625],[78.72016143798828,33.90746307373047],[78.56014251708984,32.685909271240234],[78.54415130615234,32.62162780761719],[78.46499633789062,32.30024337768555],[78.7987060546875,31.78606605529785],[78.76864624023438,31.336183547973633],[79.1644515991211,31.40045166015625],[79.4549560546875,31.014846801757812],[79.97239685058594,30.950578689575195],[80.26356506347656,30.564971923828125],[80.8416519165039,30.436433792114258],[81.01100158691406,30.179353713989258],[80.470703125,29.79371452331543],[80.10308074951172,28.765243530273438],[80.30361938476562,28.636676788330078],[80.68107604980469,28.636676788330078],[80.95700073242188,28.508106231689453],[81.19453430175781,28.186676025390625],[81.88497924804688,27.865236282348633],[82.53770446777344,27.736658096313477],[83.07760620117188,27.41520881652832],[84.43182373046875,27.41520881652832],[84.75791931152344,27.158044815063477],[84.73326110839844,27.029460906982422],[84.88357543945312,27.029460906982422],[84.9972152709961,26.836584091186523],[85.2734603881836,26.70800018310547],[85.73619079589844,26.772293090820312],[85.78701782226562,26.643707275390625],[86.3125991821289,26.643707275390625],[86.65162658691406,26.450830459594727],[87.11405181884766,26.515121459960938],[87.23990631103516,26.386537551879883],[87.99026489257812,26.386537551879883],[88.16487884521484,26.515121459960938],[88.21475982666016,26.772293090820312],[88.04019927978516,27.029460906982422],[88.13705444335938,27.865236282348633],[88.47978973388672,28.058101654052734],[88.78125762939453,28.058101654052734],[88.95187377929688,27.800947189331055],[88.79541015625,27.41520881652832],[88.94587707519531,27.41520881652832],[88.80475616455078,27.093751907348633],[88.99141693115234,26.900876998901367],[89.50444030761719,26.836584091186523],[89.70410919189453,26.70800018310547],[90.0044937133789,26.70800018310547],[90.34380340576172,26.900876998901367],[90.56920623779297,26.900876998901367],[90.69332885742188,26.772293090820312],[91.8199462890625,26.772293090820312],[92.1469955444336,26.900876998901367],[92.22212219238281,26.900876998901367],[93.49938201904297,26.900876998901367],[94.00543212890625,27.158044815063477],[94.13703918457031,27.41520881652832],[94.75096893310547,27.800947189331055],[95.05180358886719,28.12238883972168],[95.4439697265625,28.186676025390625],[95.71649932861328,28.379535675048828],[96.2602310180664,28.44382095336914],[96.33567810058594,28.44382095336914],[96.86382293701172,28.44382095336914],[97.4198989868164,28.25096321105957],[97.55886840820312,28.508106231689453],[97.70979309082031,28.508106231689453],[98.15814971923828,28.186676025390625],[98.26004791259766,27.6723690032959],[98.56119537353516,27.6723690032959],[98.78654479980469,27.35091781616211],[98.74424743652344,26.836584091186523],[98.81936645507812,26.836584091186523],[98.7623291015625,26.57941436767578],[98.83740234375,26.57941436767578],[98.67317199707031,25.807899475097656],[98.17144775390625,25.55072784423828],[98.13310241699219,25.357851028442383],[97.87094116210938,25.164974212646484],[97.82181549072266,24.907808303833008],[97.64815521240234,24.779226303100586],[97.58908081054688,24.457773208618164],[97.78995513916016,24.329193115234375],[97.64704895019531,23.943456649780273],[98.8753662109375,24.136323928833008],[98.7326431274414,23.75058937072754],[98.87066650390625,23.68630027770996],[98.94291687011719,23.236284255981445],[99.57035827636719,22.97913360595703],[99.28540802001953,22.143402099609375],[99.94442749023438,22.079116821289062],[100.07260131835938,21.950544357299805],[100.03181457519531,21.693397521972656],[100.22432708740234,21.500539779663086],[100.74431610107422,21.500539779663086],[101.15673828125,21.7576847076416],[101.17981719970703,21.43625259399414],[100.69373321533203,21.179107666015625],[100.6435546875,20.857677459716797],[100.24270629882812,20.664819717407227],[100.1288833618164,20.40767478942871],[99.83231353759766,20.40767478942871],[99.41250610351562,20.08624267578125],[99.19020080566406,20.08624267578125],[98.91905212402344,19.764808654785156],[98.1043701171875,19.764808654785156],[97.93692779541016,19.6362361907959],[97.86650085449219,18.67193031311035],[97.77346801757812,18.543354034423828],[97.46833038330078,18.479066848754883],[97.44935607910156,18.350492477416992],[97.72592163085938,18.2219181060791],[97.9178695678711,17.514753341674805],[98.62763977050781,16.807586669921875],[98.63817596435547,16.35757064819336],[98.93278503417969,16.35757064819336],[98.90609741210938,16.16470718383789],[98.6676254272461,16.036130905151367],[98.67230224609375,15.52182674407959],[98.26284790039062,15.200387001037598],[98.23027801513672,14.943235397338867],[98.48443603515625,14.621796607971191],[98.46879577636719,14.493220329284668],[99.12709045410156,13.850343704223633],[99.24447631835938,13.593193054199219],[99.20860290527344,13.271754264831543],[99.28195190429688,13.271754264831543],[99.16683197021484,12.886029243469238],[99.42621612548828,12.564591407775879],[99.46651458740234,12.24315357208252],[99.66049194335938,11.986002922058105],[99.5434341430664,11.535990715026855],[98.97727966308594,10.957403182983398],[98.77433776855469,10.314528465270996],[98.5331802368164,10.057377815246582],[98.46006774902344,10.057377815246582],[98.4478530883789,10.764540672302246],[98.59989166259766,10.828827857971191],[98.6962661743164,11.085978507995605],[98.65278625488281,11.407415390014648],[98.75652313232422,11.728853225708008],[98.61006927490234,11.728853225708008],[98.64683532714844,12.821741104125977],[98.42300415039062,13.464617729187012],[98.28340911865234,13.528904914855957],[98.24630737304688,13.850343704223633],[98.04086303710938,13.97891902923584],[98.07085418701172,14.236069679260254],[97.8811264038086,14.493220329284668],[97.9858627319336,14.750371932983398],[97.77332305908203,14.81466007232666],[97.74982452392578,15.77897834777832],[97.55474090576172,15.971842765808105],[97.62474060058594,16.486146926879883],[97.40374755859375,16.486146926879883],[97.27415466308594,16.614723205566406],[97.16256713867188,16.87187385559082],[97.19876861572266,17.129026412963867],[97.0512924194336,17.129026412963867],[97.06951141357422,17.257600784301758],[96.9311294555664,17.321889877319336],[96.92353820800781,16.743297576904297],[96.83206939697266,16.614723205566406],[96.66708374023438,16.486146926879883],[96.3724136352539,16.486146926879883],[96.35496520996094,16.35757064819336],[96.03450012207031,16.16470718383789],[95.81361389160156,16.16470718383789],[95.60743713378906,15.714691162109375],[95.3131103515625,15.714691162109375],[95.33806610107422,15.907554626464844],[94.87162017822266,15.714691162109375],[94.81454467773438,15.843266487121582],[94.2423095703125,15.971842765808105],[94.35287475585938,16.807586669921875],[94.42657470703125,16.807586669921875],[94.60650634765625,17.57904052734375],[94.48590850830078,17.77190399169922],[94.47563171386719,18.2219181060791],[94.12384796142578,18.864791870117188],[93.82804870605469,18.864791870117188],[93.80060577392578,18.67193031311035],[93.51400756835938,18.736217498779297],[93.54138946533203,18.929079055786133],[93.76325988769531,18.929079055786133],[93.51317596435547,19.25051498413086],[93.53150939941406,19.379087448120117],[93.67953491210938,19.379087448120117],[93.79956817626953,19.700523376464844],[93.57740783691406,19.700523376464844],[93.6049575805664,19.893383026123047],[93.38272094726562,19.893383026123047],[93.40103912353516,20.021955490112305],[93.02145385742188,19.95766830444336],[93.05791473388672,20.214815139770508],[92.82646942138672,20.150527954101562],[92.85374450683594,20.343387603759766],[92.63134002685547,20.343387603759766],[92.37098693847656,20.60053253173828],[92.38911437988281,20.72910499572754],[92.1195297241211,20.921964645385742],[92.00740814208984,21.179107666015625],[92.05309295654297,21.500539779663086],[91.83023834228516,21.500539779663086],[91.89482116699219,21.950544357299805],[91.76476287841797,22.079116821289062],[91.73738861083984,22.400548934936523],[91.37480926513672,22.46483612060547],[91.49696350097656,22.786272048950195],[90.93775177001953,22.529123306274414],[90.86321258544922,22.014829635620117],[90.6309814453125,21.950544357299805],[90.64935302734375,22.079116821289062],[90.42626953125,22.079116821289062],[90.23202514648438,21.7576847076416],[89.89663696289062,22.014829635620117],[89.86945343017578,21.821969985961914],[89.71179962158203,21.7576847076416],[89.11725616455078,21.7576847076416],[89.09945678710938,21.629112243652344],[88.72795104980469,21.629112243652344],[88.71597290039062,22.079116821289062],[88.64161682128906,22.079116821289062],[88.51387023925781,21.693397521972656],[88.3652572631836,21.693397521972656],[88.34766387939453,21.5648250579834],[88.133544921875,21.629112243652344],[88.17765045166016,21.950544357299805],[88.10330963134766,21.950544357299805],[87.76203918457031,21.629112243652344],[87.06745910644531,21.43625259399414],[86.88469696044922,21.179107666015625],[86.95893859863281,21.179107666015625],[87.03089904785156,20.60053253173828],[86.7915267944336,20.471960067749023],[86.84036254882812,20.279102325439453],[86.43616485595703,20.021955490112305],[86.41937255859375,19.893383026123047],[85.64532470703125,19.6362361907959],[85.49723052978516,19.6362361907959],[85.52213287353516,19.8290958404541],[85.37399291992188,19.8290958404541],[85.4148941040039,19.571949005126953],[84.74866485595703,18.993366241455078],[84.37962341308594,18.414779663085938],[84.0519027709961,18.157629013061523],[83.66666412353516,18.029054641723633],[83.5611572265625,17.77190399169922],[83.15304565429688,17.450464248657227],[82.4507827758789,17.129026412963867],[82.27310943603516,16.87187385559082],[82.25813293457031,16.743297576904297],[82.40552520751953,16.743297576904297],[82.3832015991211,16.550434112548828],[82.06647491455078,16.35757064819336],[81.32273864746094,16.293283462524414],[81.11875915527344,15.77897834777832],[80.61058044433594,15.843266487121582],[80.37598419189453,15.714691162109375],[80.0882339477539,15.07181167602539],[80.26371765136719,14.621796607971191],[80.24600982666016,13.657480239868164],[80.16102600097656,13.528904914855957],[80.37535858154297,13.464617729187012],[80.41468048095703,13.07889175415039],[80.34135437011719,13.07889175415039],[80.30301666259766,12.628878593444824],[79.97303009033203,12.178865432739258],[79.9576644897461,11.986002922058105],[79.73287200927734,11.92171573638916],[79.72283935546875,11.793140411376953],[79.86930084228516,11.793140411376953],[79.88430786132812,11.021690368652344],[79.73795318603516,11.021690368652344],[79.72860717773438,10.893115997314453],[79.87494659423828,10.893115997314453],[79.90264892578125,10.250240325927734],[79.3176498413086,10.250240325927734],[79.29590606689453,9.928803443908691],[78.98654174804688,9.671652793884277],[78.95767211914062,9.221640586853027],[78.58833312988281,9.157352447509766],[78.28418731689453,8.964489936828613],[78.1802749633789,8.450189590454102],[77.87327575683594,8.193038940429688],[77.57392883300781,8.06446361541748],[77.1395492553711,8.128751754760742],[76.72357177734375,8.514476776123047],[76.53102111816406,8.964489936828613],[76.38877868652344,9.028778076171875],[76.33528137207031,9.350214958190918],[76.19708251953125,9.478790283203125],[76.20915222167969,9.671652793884277],[76.3553237915039,9.671652793884277],[76.36347961425781,9.800228118896484],[76.22138977050781,9.86451530456543],[76.23381042480469,10.057377815246582],[75.90209197998047,10.571678161621094],[75.8552017211914,10.957403182983398],[75.52082824707031,11.407415390014648],[75.68109893798828,11.6002779006958],[75.45681762695312,11.535990715026855],[75.3384780883789,11.92171573638916],[75.06465148925781,12.178865432739258],[74.74769592285156,12.821741104125977],[74.66364288330078,13.593193054199219],[74.30680084228516,14.55750846862793],[74.3125991821289,14.621796607971191],[74.55064392089844,14.81466007232666],[74.51935577392578,15.26467514038086],[74.10276794433594,15.52182674407959],[73.8023452758789,15.457538604736328],[73.80851745605469,15.52182674407959],[73.41714477539062,16.036130905151367],[73.32787322998047,16.614723205566406],[73.25418853759766,16.614723205566406],[73.25337219238281,17.321889877319336],[72.95886993408203,18.029054641723633],[72.87482452392578,19.314802169799805],[72.73371887207031,19.379087448120117],[72.7613525390625,19.6362361907959],[72.63394165039062,19.8290958404541],[72.8372573852539,20.343387603759766],[72.89940643310547,20.921964645385742],[72.56289672851562,21.24339485168457],[72.76029968261719,21.693397521972656],[72.54438781738281,21.7576847076416],[72.52674865722656,22.271976470947266],[72.37797546386719,22.271976470947266],[72.34249877929688,21.950544357299805],[72.11245727539062,21.88625717163086],[72.17279815673828,21.7576847076416],[72.3214340209961,21.7576847076416],[72.18476104736328,21.179107666015625],[71.4084701538086,20.857677459716797],[71.32078552246094,20.72910499572754],[70.72064208984375,20.664819717407227],[70.29546356201172,20.857677459716797],[69.88987731933594,21.24339485168457],[69.90315246582031,21.371967315673828],[69.49736022949219,21.7576847076416],[69.34872436523438,21.7576847076416],[68.94945526123047,22.20768928527832],[68.97650909423828,22.46483612060547],[69.40931701660156,22.33626365661621],[69.49740600585938,22.46483612060547],[70.18106079101562,22.59341049194336],[70.3697338104248,22.786272048950195],[70.35105895996094,22.786272048950195],[70.27660369873047,22.786272048950195],[70.28369140625,22.85055923461914],[70.35816192626953,22.85055923461914],[70.43262481689453,22.85055923461914]],[[88.4442138671875,22.786272048950195],[88.34213256835938,22.59341049194336],[88.49099731445312,22.59341049194336],[88.51866912841797,22.786272048950195],[88.4442138671875,22.786272048950195]],[[73.1940689086914,20.214815139770508],[73.11994934082031,20.214815139770508],[72.89068603515625,20.150527954101562],[73.1801986694336,20.08624267578125],[73.1940689086914,20.214815139770508]]],[[[93.69792938232422,6.778711795806885],[93.65269470214844,7.228724956512451],[93.50677490234375,7.228724956512451],[93.51488494873047,7.357300281524658],[93.7378921508789,7.421587944030762],[93.72565460205078,7.228724956512451],[93.87158203125,7.228724956512451],[93.86353302001953,7.100150108337402],[93.85954284667969,7.035862445831299],[93.920654296875,6.842999458312988],[93.69792938232422,6.778711795806885]]],[[[93.48820495605469,8.06446361541748],[93.47957611083984,7.935888767242432],[93.47529602050781,7.871601104736328],[93.25631713867188,7.871601104736328],[93.26919555664062,8.06446361541748],[93.48820495605469,8.06446361541748]]],[[[92.28667449951172,10.571678161621094],[92.3810806274414,10.828827857971191],[92.38646697998047,10.893115997314453],[92.60596466064453,10.893115997314453],[92.5739974975586,10.507390975952148],[92.28667449951172,10.571678161621094]]],[[[92.52082824707031,11.6002779006958],[92.5676498413086,12.114578247070312],[92.72016143798828,12.178865432739258],[92.71507263183594,12.886029243469238],[92.85403442382812,13.528904914855957],[93.08092498779297,13.593193054199219],[93.10103607177734,13.07889175415039],[92.92863464355469,12.821741104125977],[93.06257629394531,12.69316577911377],[93.0376205444336,12.436016082763672],[92.78740692138672,12.114578247070312],[92.83106994628906,11.793140411376953],[92.82524871826172,11.728853225708008],[92.73475646972656,11.535990715026855],[92.52082824707031,11.6002779006958]]],[[[91.0304183959961,22.143402099609375],[91.0583724975586,22.33626365661621],[91.0677490234375,22.400548934936523],[91.21656036376953,22.400548934936523],[91.2628402709961,22.20768928527832],[91.0304183959961,22.143402099609375]]]]}},{"type":"Feature","properties":{"Name":"Kingdom of Portugal","FromYear":1895,"ToYear":1910,"Area":1941378.4975746584,"Type":"POLITY","Wikipedia":"Kingdom of Portugal","Wikidata":"Q45670","SeshatID":"","Components":"","MemberOf":"","DISPLAY_NAME":"Kingdom of Portugal","ADMIN_NAME":"Kingdom of Portugal","TERRITORIAL_STATUS":"sovereign","TERRITORIAL_STATUS_ZH":"独立政治实体","POLICY_NOTE":"按 ClioPatria 目标年份记录的实际控制几何显示","SOURCE_NAME":"Kingdom of Portugal","WIKIPEDIA_URL":"https://en.wikipedia.org/wiki/Kingdom_of_Portugal","WIKIDATA_URL":"https://www.wikidata.org/wiki/Q45670","SESHAT_URL":"","DATA_SOURCE":"ClioPatria ad28a691","LEADER":"领导人资料待补充","LEADER_SOURCE_URL":""},"geometry":{"type":"MultiPolygon","coordinates":[[[[-24.290111541748047,14.750371932983398],[-24.36359405517578,14.750371932983398],[-24.450305938720703,15.07181167602539],[-24.229759216308594,15.07181167602539],[-24.290111541748047,14.750371932983398]]],[[[-23.4237060546875,15.136098861694336],[-23.413368225097656,14.878947257995605],[-23.78343391418457,14.943235397338867],[-23.786041259765625,15.007523536682129],[-23.725826263427734,15.328963279724121],[-23.578744888305664,15.328963279724121],[-23.4237060546875,15.136098861694336]]],[[[-22.985170364379883,15.200387001037598],[-23.127033233642578,15.07181167602539],[-23.20054817199707,15.07181167602539],[-23.28192138671875,15.26467514038086],[-23.063955307006836,15.328963279724121],[-22.985170364379883,15.200387001037598]]],[[[-24.366777420043945,16.486146926879883],[-24.372970581054688,16.614723205566406],[-24.37609100341797,16.67901039123535],[-24.08133888244629,16.67901039123535],[-24.075172424316406,16.550434112548828],[-24.366777420043945,16.486146926879883]]],[[[-22.982027053833008,16.807586669921875],[-22.837635040283203,16.87187385559082],[-22.83462142944336,16.807586669921875],[-22.82863998413086,16.67901039123535],[-22.976016998291016,16.67901039123535],[-22.982027053833008,16.807586669921875]]],[[[-24.968791961669922,16.743297576904297],[-25.05219268798828,16.9361629486084],[-25.27007293701172,16.87187385559082],[-25.35367202758789,17.06473731994629],[-25.286596298217773,17.193313598632812],[-24.99492835998535,17.257600784301758],[-24.908010482788086,17.000450134277344],[-24.981735229492188,17.000450134277344],[-24.831039428710938,16.9361629486084],[-24.821401596069336,16.743297576904297],[-24.968791961669922,16.743297576904297]]],[[[-25.89920997619629,37.96426773071289],[-25.10663414001465,37.89975357055664],[-25.085397720336914,37.7707405090332],[-25.16351890563965,37.7707405090332],[-25.699617385864258,37.706241607666016],[-25.86661148071289,37.7707405090332],[-25.89920997619629,37.96426773071289]]],[[[-28.84571075439453,38.67427444458008],[-28.27260398864746,38.54513168334961],[-28.19420051574707,38.54513168334961],[-28.080307006835938,38.351463317871094],[-28.393632888793945,38.351463317871094],[-28.80933952331543,38.48057174682617],[-28.84571075439453,38.67427444458008]]],[[[-27.88058853149414,38.54513168334961],[-28.037395477294922,38.54513168334961],[-28.151639938354492,38.738853454589844],[-27.892425537109375,38.60969924926758],[-27.88058853149414,38.54513168334961]]],[[[-27.07640266418457,38.8680305480957],[-27.02972984313965,38.60969924926758],[-27.108158111572266,38.60969924926758],[-27.18658447265625,38.60969924926758],[-27.355144500732422,38.67427444458008],[-27.3904972076416,38.8680305480957],[-27.07640266418457,38.8680305480957]]],[[[40.591583251953125,-14.43619441986084],[40.738487243652344,-14.43619441986084],[40.75394821166992,-14.821921348571777],[40.54671096801758,-15.14336109161377],[40.49232482910156,-15.593376159667969],[40.20638656616211,-15.786240577697754],[40.07329559326172,-16.10767936706543],[39.78731155395508,-16.30054473876953],[39.72226333618164,-16.493408203125],[39.574928283691406,-16.493408203125],[39.509883880615234,-16.68627166748047],[39.217994689941406,-16.750560760498047],[38.937522888183594,-17.07200050354004],[38.49796676635742,-17.136287689208984],[37.84547805786133,-17.3934383392334],[37.63254928588867,-17.586301803588867],[37.41116714477539,-17.586301803588867],[37.12981414794922,-17.90774154663086],[36.83723449707031,-17.972028732299805],[36.8482666015625,-18.22917938232422],[36.34749221801758,-18.614904403686523],[36.28173828125,-18.80776596069336],[35.77215576171875,-19.000627517700195],[34.92058181762695,-19.900644302368164],[34.69834518432617,-19.900644302368164],[34.64946365356445,-20.543508529663086],[34.87448501586914,-20.6077938079834],[35.03561019897461,-20.92922592163086],[34.97163009643555,-21.186368942260742],[35.217830657958984,-21.76494598388672],[35.2418098449707,-22.343524932861328],[35.396060943603516,-22.472097396850586],[35.409889221191406,-22.793533325195312],[35.48434829711914,-22.793533325195312],[35.435550689697266,-23.372121810913086],[35.229515075683594,-23.757850646972656],[35.45935821533203,-23.886428833007812],[35.46856689453125,-24.079296112060547],[35.18551254272461,-24.400745391845703],[35.19186019897461,-24.529325485229492],[34.83102798461914,-24.786487579345703],[33.50403594970703,-25.172237396240234],[32.702903747558594,-25.622283935546875],[32.50092315673828,-26.07233428955078],[32.81102752685547,-26.265213012695312],[32.8427848815918,-26.843847274780273],[32.76766586303711,-26.843847274780273],[32.77128982543945,-26.908138275146484],[32.01644515991211,-26.843847274780273],[31.979326248168945,-26.136627197265625],[31.741628646850586,-25.87945556640625],[31.950843811035156,-25.55799102783203],[31.85214614868164,-25.04365348815918],[31.9016170501709,-24.46503448486328],[31.82691192626953,-24.46503448486328],[31.7285213470459,-23.886428833007812],[31.49466896057129,-23.629274368286133],[31.47768783569336,-23.179258346557617],[31.15446662902832,-22.472097396850586],[31.587352752685547,-22.08637809753418],[31.58287811279297,-21.957805633544922],[32.30568313598633,-21.379228591918945],[32.42918395996094,-20.672080993652344],[32.7166862487793,-20.414936065673828],[32.922786712646484,-19.96493148803711],[32.91575241088867,-19.772069931030273],[32.765296936035156,-19.70778465270996],[32.66090393066406,-18.872053146362305],[32.806453704833984,-18.80776596069336],[32.94252014160156,-18.486328125],[32.988197326660156,-17.71487808227539],[32.914390563964844,-17.71487808227539],[32.89594650268555,-17.20057487487793],[32.822200775146484,-17.20057487487793],[32.882354736328125,-16.814847946166992],[32.35554122924805,-16.493408203125],[31.688365936279297,-16.364831924438477],[31.311996459960938,-16.10767936706543],[30.351057052612305,-15.979104042053223],[30.271799087524414,-15.786240577697754],[30.337955474853516,-15.529088973999023],[30.187198638916016,-15.4005126953125],[30.1030330657959,-15.014784812927246],[31.997604370117188,-14.43619441986084],[32.140907287597656,-14.307619094848633],[32.7982063293457,-14.179043769836426],[32.9414176940918,-14.050468444824219],[33.3140754699707,-14.243330955505371],[33.47053146362305,-14.564769744873047],[34.27464294433594,-14.43619441986084],[34.503135681152344,-14.69334602355957],[34.5200309753418,-15.207649230957031],[34.241172790527344,-15.65766429901123],[34.2592658996582,-16.171968460083008],[34.4182243347168,-16.493408203125],[35.02469253540039,-16.943424224853516],[35.03215026855469,-17.136287689208984],[35.179630279541016,-17.136287689208984],[35.24087142944336,-16.814847946166992],[35.090999603271484,-16.750560760498047],[35.07880783081055,-16.429121017456055],[35.79340744018555,-15.850528717041016],[35.76102828979492,-14.9504976272583],[35.83453369140625,-14.9504976272583],[35.827911376953125,-14.757633209228516],[35.517112731933594,-14.243330955505371],[35.13996887207031,-13.921893119812012],[35.13801193237305,-13.85760498046875],[34.910179138183594,-13.600454330444336],[34.763427734375,-13.600454330444336],[34.653282165527344,-12.250414848327637],[34.86979293823242,-12.12183952331543],[34.931827545166016,-11.67182731628418],[34.93026351928711,-11.607540130615234],[35.37115478515625,-11.67182731628418],[35.659236907958984,-11.478964805603027],[35.87886047363281,-11.478964805603027],[36.030147552490234,-11.67182731628418],[36.399600982666016,-11.800402641296387],[36.98033142089844,-11.607540130615234],[37.27836990356445,-11.800402641296387],[37.850337982177734,-11.286102294921875],[38.512569427490234,-11.414677619934082],[38.726924896240234,-11.22181510925293],[39.52669906616211,-11.028952598571777],[40.317569732666016,-10.514652252197266],[40.39071273803711,-10.514652252197266],[40.53873062133789,-10.578939437866211],[40.48162841796875,-11.157526969909668],[40.33892822265625,-11.286102294921875],[40.45152282714844,-12.571852684020996],[40.524810791015625,-12.571852684020996],[40.526920318603516,-12.636139869689941],[40.508209228515625,-14.179043769836426],[40.655067443847656,-14.179043769836426],[40.591583251953125,-14.43619441986084]]],[[[16.672962188720703,-6.657398223876953],[16.893329620361328,-6.978836059570312],[16.894908905029297,-7.30027437210083],[17.26311683654785,-7.943150520324707],[17.55617332458496,-8.13601303100586],[17.92119789123535,-8.13601303100586],[18.35804557800293,-7.943150520324707],[19.161849975585938,-8.071725845336914],[19.306983947753906,-7.943150520324707],[19.304420471191406,-7.557425022125244],[19.449522018432617,-7.428849697113037],[19.519962310791016,-7.043123722076416],[20.103588104248047,-7.043123722076416],[20.39450454711914,-6.914548873901367],[20.543149948120117,-7.30027437210083],[21.63762092590332,-7.30027437210083],[21.784584045410156,-7.428849697113037],[21.71799659729004,-8.200301170349121],[21.865686416625977,-8.393163681030273],[21.730112075805664,-9.550339698791504],[22.25020408630371,-10.386076927185059],[22.112228393554688,-11.157526969909668],[22.33251190185547,-11.22181510925293],[22.404237747192383,-11.093239784240723],[23.2092227935791,-11.093239784240723],[23.866222381591797,-10.964664459228516],[24.01503562927246,-11.157526969909668],[24.018394470214844,-11.414677619934082],[23.876253128051758,-11.736114501953125],[23.959379196166992,-12.443277359008789],[23.81560707092285,-12.636139869689941],[23.820371627807617,-12.9575777053833],[21.914846420288086,-13.021865844726562],[21.850971221923828,-13.729029655456543],[21.777584075927734,-13.729029655456543],[21.40726661682129,-13.471879005432129],[20.303102493286133,-13.15044116973877],[19.93641471862793,-13.15044116973877],[19.644428253173828,-13.279016494750977],[19.42709732055664,-13.536166191101074],[18.8414249420166,-13.664741516113281],[18.76934051513672,-13.793316841125488],[18.473894119262695,-13.600454330444336],[18.180389404296875,-13.600454330444336],[18.108800888061523,-13.793316841125488],[17.816980361938477,-13.986180305480957],[17.747150421142578,-14.371907234191895],[17.458171844482422,-14.886209487915039],[17.465883255004883,-15.65766429901123],[17.615774154663086,-15.914815902709961],[17.54562759399414,-16.236255645751953],[17.62139129638672,-16.429121017456055],[17.405988693237305,-16.943424224853516],[17.483989715576172,-17.329151153564453],[17.484704971313477,-17.3934383392334],[13.944053649902344,-17.457727432250977],[13.426403045654297,-17.20057487487793],[13.278044700622559,-17.00771141052246],[12.835689544677734,-17.00771141052246],[12.467879295349121,-17.264863967895508],[11.582809448242188,-17.264863967895508],[11.582695960998535,-17.20057487487793],[11.653518676757812,-15.721952438354492],[11.873973846435547,-15.593376159667969],[11.873255729675293,-15.271936416625977],[12.165647506713867,-14.564769744873047],[12.164626121520996,-14.114755630493164],[12.383813858032227,-13.664741516113281],[12.383223533630371,-13.407590866088867],[12.822331428527832,-13.021865844726562],[12.894619941711426,-12.636139869689941],[13.333992004394531,-12.50756549835205],[13.697819709777832,-11.736114501953125],[13.695167541503906,-10.90037727355957],[13.47437572479248,-10.45036506652832],[13.254453659057617,-10.257502555847168],[13.253776550292969,-10.000351905822754],[13.033821105957031,-9.743202209472656],[13.032878875732422,-9.357477188110352],[12.88643741607666,-9.228901863098145],[12.885685920715332,-8.907464027404785],[13.250408172607422,-8.714601516723633],[13.249395370483398,-8.328875541687012],[12.882939338684082,-7.750287532806396],[12.735306739807129,-7.043123722076416],[12.223407745361328,-6.464535236358643],[12.222415924072266,-6.014522075653076],[12.80553913116455,-5.950234413146973],[12.805374145507812,-5.885946750640869],[15.794523239135742,-5.885946750640869],[15.86742877960205,-5.885946750640869],[16.377771377563477,-5.885946750640869],[16.59736442565918,-6.078809261322021],[16.672962188720703,-6.657398223876953]]],[[[12.6556978225708,-4.407330989837646],[12.947854042053223,-4.664481639862061],[12.438632011413574,-4.98591947555542],[12.440226554870605,-5.628796100616455],[12.076172828674316,-5.821659088134766],[12.076030731201172,-5.757371425628662],[12.003129005432129,-5.757371425628662],[12.002988815307617,-5.693083763122559],[12.002846717834473,-5.628796100616455],[12.07516098022461,-5.371645450592041],[11.92880630493164,-5.114494800567627],[11.928659439086914,-5.050207138061523],[12.6556978225708,-4.407330989837646]]],[[[6.299571514129639,0.285663068294525],[6.300692081451416,0.349950581789017],[6.665691375732422,0.414238125085831],[6.661185741424561,0.15708801150322],[6.382774829864502,0.028512962162495],[6.299571514129639,0.285663068294525]]],[[[7.269322872161865,1.699989318847656],[7.342116832733154,1.699989318847656],[7.339029312133789,1.507126569747925],[7.193447589874268,1.507126569747925],[7.269322872161865,1.699989318847656]]],[[[-14.809881210327148,11.343128204345703],[-14.950177192687988,10.957403182983398],[-15.023347854614258,10.957403182983398],[-15.468661308288574,11.343128204345703],[-15.398770332336426,11.535990715026855],[-15.4719820022583,11.535990715026855],[-15.477781295776367,11.857428550720215],[-15.621872901916504,11.728853225708008],[-16.06122589111328,11.728853225708008],[-16.13689613342285,11.857428550720215],[-16.282127380371094,11.793140411376953],[-16.36302947998047,12.178865432739258],[-16.657413482666016,12.24315357208252],[-16.65877342224121,12.307440757751465],[-16.22186279296875,12.436016082763672],[-15.562348365783691,12.436016082763672],[-15.346488952636719,12.628878593444824],[-13.587417602539062,12.628878593444824],[-13.582629203796387,12.37172794342041],[-13.873369216918945,12.24315357208252],[-13.8699312210083,12.050291061401367],[-13.721223831176758,11.92171573638916],[-13.720138549804688,11.857428550720215],[-13.863401412963867,11.664566040039062],[-14.593442916870117,11.535990715026855],[-14.809881210327148,11.343128204345703]]],[[[-22.881837844848633,16.228994369506836],[-22.584453582763672,16.16470718383789],[-22.581636428833008,16.100418090820312],[-22.649662017822266,15.971842765808105],[-22.94409942626953,15.971842765808105],[-22.881837844848633,16.228994369506836]]],[[[-17.170469284057617,32.878753662109375],[-17.09390640258789,32.878753662109375],[-17.017345428466797,32.878753662109375],[-16.78765869140625,32.878753662109375],[-16.691484451293945,32.685909271240234],[-17.067434310913086,32.62162780761719],[-17.170469284057617,32.878753662109375]]],[[[-8.70113754272461,37.12596130371094],[-9.00136661529541,36.9970588684082],[-8.896896362304688,37.5772590637207],[-8.818843841552734,37.5772590637207],[-8.822718620300293,38.48057174682617],[-9.20852279663086,38.416015625],[-9.23299789428711,38.67427444458008],[-9.38370418548584,38.60969924926758],[-9.553065299987793,38.738853454589844],[-9.571974754333496,38.93262481689453],[-9.42748737335205,39.06184005737305],[-9.387048721313477,39.449623107910156],[-9.157164573669434,39.51427459716797],[-9.103915214538574,39.77294921875],[-9.025042533874512,39.77294921875],[-8.925222396850586,40.355369567871094],[-8.846114158630371,40.355369567871094],[-8.872282981872559,40.614410400390625],[-8.72695255279541,40.74397277832031],[-8.921201705932617,41.84651184082031],[-8.928141593933105,41.911441802978516],[-8.469955444335938,42.10627746582031],[-8.150541305541992,42.10627746582031],[-8.137139320373535,41.97637939453125],[-8.216935157775879,41.97637939453125],[-8.11717414855957,41.781593322753906],[-6.700808048248291,41.97637939453125],[-6.516909122467041,41.71668243408203],[-6.271912097930908,41.65177917480469],[-6.254164218902588,41.45711898803711],[-6.927728176116943,41.00318908691406],[-6.868430137634277,40.355369567871094],[-7.014894485473633,40.225894927978516],[-7.00321626663208,40.0964469909668],[-6.839452266693115,40.031734466552734],[-6.895466804504395,39.77294921875],[-7.435848712921143,39.64360046386719],[-7.418391227722168,39.449623107910156],[-7.255166053771973,39.38497543334961],[-6.985427379608154,38.997230529785156],[-7.120340347290039,38.738853454589844],[-7.271727085113525,38.67427444458008],[-7.244168281555176,38.351463317871094],[-6.998411178588867,38.22237777709961],[-6.987714290618896,38.09331130981445],[-7.14418888092041,38.09331130981445],[-7.27909517288208,37.835243225097656],[-7.502705097198486,37.706241607666016],[-7.387404441833496,37.254878997802734],[-7.465344429016113,37.254878997802734],[-7.454815864562988,37.12596130371094],[-7.677903652191162,36.9970588684082],[-8.067157745361328,36.9970588684082],[-8.311661720275879,37.12596130371094],[-8.70113754272461,37.12596130371094]]]]}},{"type":"Feature","properties":{"Name":"Emirate of Nejd","FromYear":1895,"ToYear":1904,"Area":52.53450167630086,"Type":"POLITY","Wikipedia":"Emirate of Nejd","Wikidata":"Q146862","SeshatID":"","Components":"","MemberOf":"","DISPLAY_NAME":"Emirate of Nejd","ADMIN_NAME":"Emirate of Nejd","TERRITORIAL_STATUS":"sovereign","TERRITORIAL_STATUS_ZH":"独立政治实体","POLICY_NOTE":"按 ClioPatria 目标年份记录的实际控制几何显示","SOURCE_NAME":"Emirate of Nejd","WIKIPEDIA_URL":"https://en.wikipedia.org/wiki/Emirate_of_Nejd","WIKIDATA_URL":"https://www.wikidata.org/wiki/Q146862","SESHAT_URL":"","DATA_SOURCE":"ClioPatria ad28a691","LEADER":"领导人资料待补充","LEADER_SOURCE_URL":""},"geometry":{"type":"Polygon","coordinates":[[[40.61197280883789,28.829526901245117],[40.53643798828125,28.829526901245117],[40.53086471557617,28.765243530273438],[40.60638427734375,28.765243530273438],[40.61197280883789,28.829526901245117]]]}},{"type":"Feature","properties":{"Name":"Honduras","FromYear":1895,"ToYear":1978,"Area":114697.99509315907,"Type":"POLITY","Wikipedia":"Honduras","Wikidata":"Q783","SeshatID":"","Components":"","MemberOf":"","DISPLAY_NAME":"Honduras","ADMIN_NAME":"Honduras","TERRITORIAL_STATUS":"sovereign","TERRITORIAL_STATUS_ZH":"独立政治实体","POLICY_NOTE":"按 ClioPatria 目标年份记录的实际控制几何显示","SOURCE_NAME":"Honduras","WIKIPEDIA_URL":"https://en.wikipedia.org/wiki/Honduras","WIKIDATA_URL":"https://www.wikidata.org/wiki/Q783","SESHAT_URL":"","DATA_SOURCE":"ClioPatria ad28a691","LEADER":"领导人资料待补充","LEADER_SOURCE_URL":""},"geometry":{"type":"Polygon","coordinates":[[[-83.9726333618164,15.457538604736328],[-83.82552337646484,15.457538604736328],[-84.01441955566406,15.77897834777832],[-84.53807830810547,15.843266487121582],[-84.62890625,15.971842765808105],[-85.35629272460938,15.907554626464844],[-85.96268463134766,16.036130905151367],[-86.01872253417969,15.907554626464844],[-86.4428482055664,15.77897834777832],[-87.25232696533203,15.77897834777832],[-87.49076843261719,15.907554626464844],[-87.93238830566406,15.907554626464844],[-87.98821258544922,15.77897834777832],[-88.13539123535156,15.77897834777832],[-88.20897674560547,15.77897834777832],[-88.19134521484375,15.650403022766113],[-88.33849334716797,15.650403022766113],[-88.85798645019531,15.136098861694336],[-88.84957122802734,15.07181167602539],[-88.92308807373047,15.07181167602539],[-88.93150329589844,15.136098861694336],[-89.13525390625,15.007523536682129],[-89.0941390991211,14.686083793640137],[-89.28255462646484,14.428933143615723],[-88.89965057373047,14.300357818603516],[-88.4869384765625,13.914630889892578],[-87.74554443359375,13.850343704223633],[-87.64325714111328,13.593193054199219],[-87.71662902832031,13.593193054199219],[-87.68849182128906,13.336042404174805],[-87.6151351928711,13.336042404174805],[-87.46842956542969,13.336042404174805],[-87.4478759765625,13.143178939819336],[-87.28775787353516,13.014603614807129],[-87.2811050415039,12.950316429138184],[-86.99445343017578,13.014603614807129],[-86.8082504272461,13.336042404174805],[-86.66154479980469,13.336042404174805],[-86.6373519897461,13.786055564880371],[-86.27039337158203,13.786055564880371],[-86.14527893066406,13.97891902923584],[-85.69039154052734,13.850343704223633],[-85.09577941894531,14.428933143615723],[-85.1109848022461,14.55750846862793],[-84.9137191772461,14.750371932983398],[-84.31048583984375,14.621796607971191],[-83.54075622558594,14.943235397338867],[-83.09973907470703,14.943235397338867],[-83.1075439453125,15.007523536682129],[-83.367919921875,15.328963279724121],[-83.88270568847656,15.328963279724121],[-84.04618835449219,15.457538604736328],[-83.9726333618164,15.457538604736328]]]}},{"type":"Feature","properties":{"Name":"Sultanate of Kedah","FromYear":1895,"ToYear":1907,"Area":9671.127658547417,"Type":"POLITY","Wikipedia":"Kedah Sultanate","Wikidata":"Q1317579","SeshatID":"","Components":"","MemberOf":"","DISPLAY_NAME":"Sultanate of Kedah","ADMIN_NAME":"Sultanate of Kedah","TERRITORIAL_STATUS":"sovereign","TERRITORIAL_STATUS_ZH":"独立政治实体","POLICY_NOTE":"按 ClioPatria 目标年份记录的实际控制几何显示","SOURCE_NAME":"Sultanate of Kedah","WIKIPEDIA_URL":"https://en.wikipedia.org/wiki/Kedah_Sultanate","WIKIDATA_URL":"https://www.wikidata.org/wiki/Q1317579","SESHAT_URL":"","DATA_SOURCE":"ClioPatria ad28a691","LEADER":"领导人资料待补充","LEADER_SOURCE_URL":""},"geometry":{"type":"Polygon","coordinates":[[[100.2652816772461,5.62153434753418],[100.2840347290039,5.942972660064697],[100.14974212646484,6.135835647583008],[100.15363311767578,6.200123310089111],[100.46517944335938,6.521561145782471],[100.67993927001953,6.457273483276367],[101.09375,6.071547985076904],[100.99797058105469,5.685822010040283],[100.90669250488281,5.364383697509766],[100.67731475830078,5.171521186828613],[100.53154754638672,5.171521186828613],[100.48028564453125,5.557246685028076],[100.26160430908203,5.557246685028076],[100.2652816772461,5.62153434753418]]]}},{"type":"Feature","properties":{"Name":"Emirate of Afghanistan","FromYear":1895,"ToYear":1917,"Area":643906.4319646532,"Type":"POLITY","Wikipedia":"Emirate of Afghanistan","Wikidata":"Q1335260","SeshatID":"af_afghanistan_emirate","Components":"","MemberOf":"","DISPLAY_NAME":"Emirate of Afghanistan","ADMIN_NAME":"Emirate of Afghanistan","TERRITORIAL_STATUS":"sovereign","TERRITORIAL_STATUS_ZH":"独立政治实体","POLICY_NOTE":"按 ClioPatria 目标年份记录的实际控制几何显示","SOURCE_NAME":"Emirate of Afghanistan","WIKIPEDIA_URL":"https://en.wikipedia.org/wiki/Emirate_of_Afghanistan","WIKIDATA_URL":"https://www.wikidata.org/wiki/Q1335260","SESHAT_URL":"https://seshat-db.com/core/polity/af_afghanistan_emirate","DATA_SOURCE":"ClioPatria ad28a691","LEADER":"领导人资料待补充","LEADER_SOURCE_URL":""},"geometry":{"type":"Polygon","coordinates":[[[66.33809661865234,29.986536026000977],[66.43708038330078,30.950578689575195],[66.87832641601562,31.271915435791016],[67.71569061279297,31.271915435791016],[67.81696319580078,31.40045166015625],[67.6646499633789,31.40045166015625],[67.61372375488281,31.528987884521484],[67.93124389648438,31.593257904052734],[68.12230682373047,31.78606605529785],[68.6561279296875,31.78606605529785],[68.78253173828125,31.65752601623535],[69.08743286132812,31.65752601623535],[69.292724609375,31.91460609436035],[69.33792877197266,32.493072509765625],[69.54618072509766,32.75019073486328],[69.53977966308594,33.07160949707031],[70.2580337524414,33.20018768310547],[70.31597137451172,33.45735549926758],[70.17707824707031,33.52165222167969],[70.20632934570312,33.65024948120117],[69.92847442626953,33.77885055541992],[69.98755645751953,34.03607940673828],[70.72654724121094,33.90746307373047],[71.18670654296875,34.22901916503906],[71.1557388305664,34.42197799682617],[71.01707458496094,34.48630142211914],[71.04795837402344,34.614952087402344],[71.51179504394531,34.93662643432617],[71.6846694946289,35.32271194458008],[71.60736846923828,35.32271194458008],[71.65575408935547,35.51579284667969],[71.5172119140625,35.58015823364258],[71.5497055053711,35.708900451660156],[71.22772979736328,35.9664192199707],[71.38785552978516,36.28839111328125],[71.98176574707031,36.48161697387695],[72.37832641601562,36.80373764038086],[74.10740661621094,36.8681755065918],[74.55056762695312,37.06150817871094],[74.58694458007812,37.1904182434082],[74.91697692871094,37.254878997802734],[74.79792022705078,37.38381576538086],[74.09605407714844,37.38381576538086],[73.82582092285156,37.254878997802734],[73.72431945800781,37.44829177856445],[73.33428192138672,37.44829177856445],[72.24005126953125,36.8681755065918],[71.58341979980469,36.73930740356445],[71.41844177246094,36.9970588684082],[71.56851959228516,37.835243225097656],[71.27379608154297,37.89975357055664],[71.3639907836914,38.22237777709961],[71.18379211425781,38.416015625],[70.71366119384766,38.416015625],[70.2146987915039,38.028785705566406],[70.16192626953125,37.835243225097656],[70.26583862304688,37.641746520996094],[70.07515716552734,37.51277160644531],[69.5460205078125,37.5772590637207],[69.3497543334961,37.12596130371094],[69.1160659790039,37.12596130371094],[69.0102767944336,37.3193473815918],[68.7763900756836,37.3193473815918],[68.1487045288086,36.9970588684082],[67.91515350341797,36.9970588684082],[67.74652099609375,37.254878997802734],[67.12300109863281,37.254878997802734],[66.99945068359375,37.38381576538086],[66.51548767089844,37.3193473815918],[65.70548248291016,37.51277160644531],[65.564208984375,37.254878997802734],[64.83184051513672,37.12596130371094],[64.6951675415039,36.5460319519043],[64.29588317871094,36.15959167480469],[63.138858795166016,35.837650299072266],[63.16013717651367,35.58015823364258],[62.963775634765625,35.38706970214844],[62.304466247558594,35.194007873535156],[62.190589904785156,35.38706970214844],[61.80400085449219,35.38706970214844],[61.303009033203125,35.58015823364258],[61.05390167236328,34.743614196777344],[60.783958435058594,34.55062484741211],[60.82268524169922,34.3576545715332],[60.56644058227539,34.22901916503906],[60.531375885009766,33.65024948120117],[60.890625,33.52165222167969],[60.68838119506836,33.26447677612305],[60.61639404296875,32.878753662109375],[60.692955017089844,32.878753662109375],[60.65742874145508,32.685909271240234],[60.88142776489258,32.23596954345703],[60.84385299682617,31.593257904052734],[61.115089416503906,31.40045166015625],[61.72434997558594,31.40045166015625],[61.91905212402344,31.20764923095703],[61.87461853027344,30.950578689575195],[61.38716506958008,30.307893753051758],[60.95616912841797,29.986536026000977],[60.92573928833008,29.79371452331543],[61.001495361328125,29.79371452331543],[62.3036994934082,29.40805435180664],[63.75174331665039,29.472333908081055],[63.76219177246094,29.536611557006836],[63.837886810302734,29.536611557006836],[63.827423095703125,29.472333908081055],[64.11966705322266,29.40805435180664],[64.52979278564453,29.600887298583984],[65.12470245361328,29.536611557006836],[65.99028778076172,29.729440689086914],[66.25102233886719,29.922264099121094],[66.26229095458984,29.986536026000977],[66.33809661865234,29.986536026000977]]]}},{"type":"Feature","properties":{"Name":"Republic of Nicaragua","FromYear":1898,"ToYear":2023,"Area":132579.55811194293,"Type":"POLITY","Wikipedia":"Nicaragua","Wikidata":"Q811","SeshatID":"","Components":"","MemberOf":"","DISPLAY_NAME":"Republic of Nicaragua","ADMIN_NAME":"Republic of Nicaragua","TERRITORIAL_STATUS":"sovereign","TERRITORIAL_STATUS_ZH":"独立政治实体","POLICY_NOTE":"按 ClioPatria 目标年份记录的实际控制几何显示","SOURCE_NAME":"Republic of Nicaragua","WIKIPEDIA_URL":"https://en.wikipedia.org/wiki/Nicaragua","WIKIDATA_URL":"https://www.wikidata.org/wiki/Q811","SESHAT_URL":"","DATA_SOURCE":"ClioPatria ad28a691","LEADER":"领导人资料待补充","LEADER_SOURCE_URL":""},"geometry":{"type":"Polygon","coordinates":[[[-83.43399810791016,13.336042404174805],[-83.39510345458984,12.950316429138184],[-83.51050567626953,12.628878593444824],[-83.65097045898438,12.564591407775879],[-83.603515625,12.050291061401367],[-83.73855590820312,11.92171573638916],[-83.58641815185547,11.857428550720215],[-83.5697021484375,11.664566040039062],[-83.83014678955078,11.278841018676758],[-83.57964324951172,10.893115997314453],[-83.57463073730469,10.828827857971191],[-83.93048858642578,10.7002534866333],[-84.46790313720703,11.021690368652344],[-85.12129211425781,10.957403182983398],[-85.35652160644531,11.15026569366455],[-85.71714782714844,11.085978507995605],[-85.79032897949219,11.085978507995605],[-85.87955474853516,11.278841018676758],[-86.583251953125,11.793140411376953],[-86.92401885986328,12.307440757751465],[-87.54815673828125,12.69316577911377],[-87.66111755371094,13.07889175415039],[-87.44111633300781,13.07889175415039],[-87.35442352294922,12.950316429138184],[-87.2811050415039,12.950316429138184],[-86.99445343017578,13.014603614807129],[-86.8082504272461,13.336042404174805],[-86.66154479980469,13.336042404174805],[-86.6373519897461,13.786055564880371],[-86.27039337158203,13.786055564880371],[-86.14527893066406,13.97891902923584],[-85.69039154052734,13.850343704223633],[-85.09577941894531,14.428933143615723],[-85.1109848022461,14.55750846862793],[-84.9137191772461,14.750371932983398],[-84.31048583984375,14.621796607971191],[-83.54075622558594,14.943235397338867],[-83.09973907470703,14.943235397338867],[-83.09198760986328,14.878947257995605],[-83.30475616455078,14.81466007232666],[-83.09062957763672,14.236069679260254],[-83.4676742553711,13.657480239868164],[-83.44064331054688,13.40032958984375],[-83.43399810791016,13.336042404174805]]]}},{"type":"Feature","properties":{"Name":"Qajar Dynasty","FromYear":1898,"ToYear":1914,"Area":1624363.131812275,"Type":"POLITY","Wikipedia":"Qajar dynasty","Wikidata":"Q189326","SeshatID":"ir_qajar_dyn","Components":"","MemberOf":"","DISPLAY_NAME":"Qajar Dynasty","ADMIN_NAME":"Qajar Dynasty","TERRITORIAL_STATUS":"sovereign","TERRITORIAL_STATUS_ZH":"独立政治实体","POLICY_NOTE":"按 ClioPatria 目标年份记录的实际控制几何显示","SOURCE_NAME":"Qajar Dynasty","WIKIPEDIA_URL":"https://en.wikipedia.org/wiki/Qajar_dynasty","WIKIDATA_URL":"https://www.wikidata.org/wiki/Q189326","SESHAT_URL":"https://seshat-db.com/core/polity/ir_qajar_dyn","DATA_SOURCE":"ClioPatria ad28a691","LEADER":"领导人资料待补充","LEADER_SOURCE_URL":""},"geometry":{"type":"Polygon","coordinates":[[[48.77423858642578,38.416015625],[48.82852554321289,37.835243225097656],[49.08510208129883,37.51277160644531],[49.85409164428711,37.44829177856445],[50.320892333984375,36.9970588684082],[50.56571960449219,37.06150817871094],[50.632293701171875,36.9970588684082],[50.53199768066406,36.8681755065918],[51.26472473144531,36.61045455932617],[52.18585205078125,36.5460319519043],[53.08772277832031,36.80373764038086],[54.033294677734375,36.8681755065918],[54.02912139892578,37.254878997802734],[54.041534423828125,37.3193473815918],[54.61253356933594,37.44829177856445],[54.794071197509766,37.5772590637207],[54.832679748535156,37.7707405090332],[55.1976318359375,38.028785705566406],[56.306182861328125,38.09331130981445],[56.582061767578125,38.28691864013672],[57.19456481933594,38.22237777709961],[57.51633071899414,37.89975357055664],[57.907169342041016,37.89975357055664],[58.39836883544922,37.641746520996094],[59.16501998901367,37.5772590637207],[59.40696334838867,37.254878997802734],[59.92444610595703,37.12596130371094],[60.43560028076172,36.61045455932617],[61.135074615478516,36.61045455932617],[61.19312286376953,36.15959167480469],[61.270694732666016,36.15959167480469],[61.21587371826172,35.902034759521484],[61.343589782714844,35.77327346801758],[61.303009033203125,35.58015823364258],[61.05390167236328,34.743614196777344],[60.783958435058594,34.55062484741211],[60.82268524169922,34.3576545715332],[60.56644058227539,34.22901916503906],[60.531375885009766,33.65024948120117],[60.890625,33.52165222167969],[60.68838119506836,33.26447677612305],[60.61639404296875,32.878753662109375],[60.692955017089844,32.878753662109375],[60.65742874145508,32.685909271240234],[60.88142776489258,32.23596954345703],[60.84385299682617,31.593257904052734],[61.115089416503906,31.40045166015625],[61.72434997558594,31.40045166015625],[61.91905212402344,31.20764923095703],[61.87461853027344,30.950578689575195],[61.38716506958008,30.307893753051758],[60.95616912841797,29.986536026000977],[60.92573928833008,29.79371452331543],[61.001495361328125,29.79371452331543],[60.98139572143555,29.665164947509766],[61.451602935791016,29.279497146606445],[61.48815155029297,29.022375106811523],[61.874298095703125,28.572391510009766],[62.79844284057617,28.186676025390625],[62.82744598388672,27.865236282348633],[62.90277099609375,27.865236282348633],[62.82195281982422,27.2866268157959],[63.33076095581055,27.158044815063477],[63.27887725830078,26.772293090820312],[63.11177062988281,26.643707275390625],[62.42774963378906,26.57941436767578],[61.85404586791992,26.19365882873535],[61.65822219848633,25.164974212646484],[61.58340072631836,25.164974212646484],[61.12736892700195,25.100683212280273],[60.91714859008789,25.229267120361328],[60.617828369140625,25.229267120361328],[60.63211441040039,25.357851028442383],[59.060218811035156,25.357851028442383],[58.78172302246094,25.55072784423828],[57.957984924316406,25.55072784423828],[57.7402229309082,25.615020751953125],[57.67921447753906,25.743606567382812],[57.37953567504883,25.743606567382812],[57.11480712890625,26.06507110595703],[57.05242156982422,26.836584091186523],[56.714656829833984,27.158044815063477],[56.188377380371094,27.158044815063477],[56.098140716552734,27.029460906982422],[56.32361602783203,27.029460906982422],[56.30864334106445,26.900876998901367],[56.06119155883789,26.70800018310547],[55.60341262817383,26.643707275390625],[55.439002990722656,26.515121459960938],[55.28888702392578,26.515121459960938],[55.31023025512695,26.70800018310547],[55.542747497558594,26.772293090820312],[55.242313385009766,26.772293090820312],[54.83156204223633,26.450830459594727],[54.463233947753906,26.515121459960938],[54.25889205932617,26.70800018310547],[53.65812301635742,26.70800018310547],[53.46059036254883,26.96516990661621],[52.736968994140625,27.222335815429688],[52.478694915771484,27.608078002929688],[52.04855728149414,27.800947189331055],[51.5966796875,27.800947189331055],[51.31684494018555,27.993812561035156],[51.331298828125,28.12238883972168],[51.06624984741211,28.44382095336914],[51.028076171875,28.765243530273438],[50.80903244018555,28.829526901245117],[50.9150390625,29.08665657043457],[50.620323181152344,29.150936126708984],[50.65126037597656,29.40805435180664],[50.23628234863281,29.729440689086914],[50.0648078918457,30.179353713989258],[49.585899353027344,29.986536026000977],[48.942848205566406,30.307893753051758],[48.987266540527344,30.050809860229492],[48.67627716064453,29.986536026000977],[48.6004753112793,29.986536026000977],[48.38842010498047,30.115081787109375],[48.41168975830078,30.307893753051758],[48.27554702758789,30.436433792114258],[48.04780960083008,30.436433792114258],[48.103145599365234,30.886310577392578],[47.738956451416016,31.014846801757812],[47.79570007324219,31.464719772338867],[47.98128890991211,31.7217960357666],[47.58243942260742,32.171695709228516],[47.599449157714844,32.30024337768555],[47.31937026977539,32.493072509765625],[46.945579528808594,32.557350158691406],[46.682132720947266,32.878753662109375],[46.231224060058594,32.94303894042969],[46.137794494628906,33.393062591552734],[45.59275817871094,33.90746307373047],[45.43903350830078,33.90746307373047],[45.64531326293945,34.2933349609375],[45.50016784667969,34.3576545715332],[45.535648345947266,34.614952087402344],[45.68980026245117,34.614952087402344],[45.812076568603516,34.93662643432617],[46.1484375,35.12965774536133],[46.059085845947266,35.58015823364258],[46.25180435180664,35.837650299072266],[45.78702163696289,35.837650299072266],[45.350242614746094,36.03080368041992],[45.37849426269531,36.2239875793457],[45.09638595581055,36.417205810546875],[45.056724548339844,36.67487716674805],[44.85211181640625,36.8681755065918],[44.773807525634766,37.38381576538086],[44.627601623535156,37.44829177856445],[44.58888626098633,37.706241607666016],[44.30603790283203,37.89975357055664],[44.45452117919922,38.351463317871094],[44.30800247192383,38.416015625],[44.31191635131836,38.93262481689453],[44.165225982666016,38.997230529785156],[44.128570556640625,39.25570297241211],[44.04990005493164,39.25570297241211],[44.071044921875,39.38497543334961],[44.396663665771484,39.449623107910156],[44.5079345703125,39.64360046386719],[44.75540542602539,39.70827102661133],[45.072628021240234,39.25570297241211],[45.871971130371094,38.8680305480957],[46.668357849121094,38.93262481689453],[47.491329193115234,39.57893371582031],[48.13375473022461,39.64360046386719],[48.333980560302734,39.449623107910156],[48.21947479248047,39.25570297241211],[48.25099563598633,38.997230529785156],[48.082218170166016,38.93262481689453],[48.059085845947266,38.80344009399414],[48.326934814453125,38.54513168334961],[48.78577423095703,38.48057174682617],[48.77423858642578,38.416015625]]]}},{"type":"Feature","properties":{"Name":"Netherlands","FromYear":1898,"ToYear":1904,"Area":1767960.9503375299,"Type":"POLITY","Wikipedia":"Dutch East Indies","Wikidata":"Q188161","SeshatID":"nl_dutch_emp_2","Components":"","MemberOf":"(Netherlands)","DISPLAY_NAME":"Netherlands · Dutch East Indies","ADMIN_NAME":"Netherlands","TERRITORIAL_STATUS":"colony","TERRITORIAL_STATUS_ZH":"殖民地（计入宗主国）","POLICY_NOTE":"殖民地按本项目口径计入宗主国领土","SOURCE_NAME":"Dutch East Indies","WIKIPEDIA_URL":"https://en.wikipedia.org/wiki/Dutch_East_Indies","WIKIDATA_URL":"https://www.wikidata.org/wiki/Q188161","SESHAT_URL":"https://seshat-db.com/core/polity/nl_dutch_emp_2","DATA_SOURCE":"ClioPatria ad28a691","LEADER":"领导人资料待补充","LEADER_SOURCE_URL":""},"geometry":{"type":"MultiPolygon","coordinates":[[[[110.33898162841797,-6.914548873901367],[110.53135681152344,-6.464535236358643],[110.89232635498047,-6.400247573852539],[111.05307006835938,-6.657398223876953],[111.48690795898438,-6.59311056137085],[111.64424133300781,-6.78597354888916],[111.93600463867188,-6.78597354888916],[112.16267395019531,-6.914548873901367],[112.5234603881836,-6.850261211395264],[112.53138732910156,-6.978836059570312],[112.74229431152344,-6.850261211395264],[113.90941619873047,-6.850261211395264],[113.99446105957031,-7.043123722076416],[113.84855651855469,-7.043123722076416],[113.78382110595703,-7.171699047088623],[113.28141021728516,-7.30027437210083],[112.69354248046875,-7.235986709594727],[112.71458435058594,-7.557425022125244],[113.09252166748047,-7.750287532806396],[114.255859375,-7.685999870300293],[114.4107437133789,-7.8145751953125],[114.35135650634766,-8.007437705993652],[114.43360137939453,-8.13601303100586],[115.45567321777344,-8.13601303100586],[115.46038818359375,-8.200301170349121],[114.81758880615234,-8.393163681030273],[114.8272705078125,-8.52173900604248],[114.7542495727539,-8.52173900604248],[114.30169677734375,-8.328875541687012],[114.48686981201172,-8.84317684173584],[114.26774597167969,-8.84317684173584],[114.1798095703125,-8.650314331054688],[113.74161529541016,-8.650314331054688],[113.20647430419922,-8.328875541687012],[112.9874267578125,-8.328875541687012],[112.85083770751953,-8.457450866699219],[112.26666259765625,-8.457450866699219],[111.8922119140625,-8.328875541687012],[110.64639282226562,-8.264588356018066],[109.89408111572266,-7.943150520324707],[108.78215026855469,-7.685999870300293],[108.13792419433594,-7.878862857818604],[107.16431427001953,-7.493137359619141],[106.43457794189453,-7.493137359619141],[106.28465270996094,-7.428849697113037],[106.3343734741211,-7.043123722076416],[105.8854751586914,-6.850261211395264],[105.37486267089844,-6.850261211395264],[105.42984771728516,-6.528822898864746],[105.64512634277344,-6.464535236358643],[105.69756317138672,-6.078809261322021],[105.90641784667969,-5.885946750640869],[106.79126739501953,-6.078809261322021],[106.85420227050781,-5.885946750640869],[107.00001525878906,-5.885946750640869],[107.37120056152344,-6.014522075653076],[107.5272445678711,-6.207384586334229],[108.04115295410156,-6.271672248840332],[108.11407470703125,-6.271672248840332],[108.33635711669922,-6.335959911346436],[108.5806655883789,-6.78597354888916],[109.16799926757812,-6.850261211395264],[110.33898162841797,-6.914548873901367]]],[[[115.1617202758789,-7.043123722076416],[115.07653045654297,-6.850261211395264],[115.29134368896484,-6.78597354888916],[115.37645721435547,-6.978836059570312],[115.23467254638672,-7.043123722076416],[115.1617202758789,-7.043123722076416]]],[[[102.01536560058594,-5.307357788085938],[102.23402404785156,-5.307357788085938],[102.31570434570312,-5.500220775604248],[102.09703063964844,-5.500220775604248],[102.01826477050781,-5.371645450592041],[102.01536560058594,-5.307357788085938]]],[[[100.1135482788086,-3.185865879058838],[100.03096008300781,-2.864427804946899],[99.88532257080078,-2.864427804946899],[99.80693817138672,-2.671565055847168],[99.8743896484375,-2.478702068328857],[99.94719696044922,-2.478702068328857],[100.10189056396484,-2.800140142440796],[100.24752044677734,-2.800140142440796],[100.39888763427734,-2.993003129959106],[100.33404541015625,-3.250153541564941],[100.1135482788086,-3.185865879058838]]],[[[107.45027923583984,-2.607277393341064],[107.5230941772461,-2.607277393341064],[107.52116394042969,-2.542989730834961],[108.03083801269531,-2.542989730834961],[108.18035888671875,-2.671565055847168],[108.12416076660156,-3.185865879058838],[107.46874237060547,-3.185865879058838],[107.45027923583984,-2.607277393341064]]],[[[106.44921112060547,-3.185865879058838],[105.78146362304688,-2.800140142440796],[105.77001953125,-2.414414644241333],[105.61727142333984,-2.157264232635498],[105.10765838623047,-2.157264232635498],[104.95699310302734,-1.964401364326477],[105.24491882324219,-1.83582615852356],[105.23716735839844,-1.514388203620911],[105.60416412353516,-1.642963409423828],[105.60112762451172,-1.514388203620911],[105.96508026123047,-1.514388203620911],[106.20686340332031,-2.414414644241333],[106.72217559814453,-2.607277393341064],[106.72411346435547,-2.671565055847168],[106.5804443359375,-2.735852479934692],[106.58443450927734,-2.864427804946899],[106.80288696289062,-2.864427804946899],[106.80907440185547,-3.05729079246521],[106.44921112060547,-3.185865879058838]]],[[[99.65422821044922,-2.414414644241333],[99.57801818847656,-2.285839319229126],[99.50521087646484,-2.285839319229126],[99.3579330444336,-2.221551656723022],[99.35307312011719,-2.028688907623291],[99.64427185058594,-2.028688907623291],[99.79984283447266,-2.414414644241333],[99.65422821044922,-2.414414644241333]]],[[[108.80706787109375,-1.642963409423828],[108.6614761352539,-1.642963409423828],[108.65835571289062,-1.514388203620911],[108.87672424316406,-1.514388203620911],[108.8798599243164,-1.642963409423828],[108.80706787109375,-1.642963409423828]]],[[[98.83883666992188,-1.83582615852356],[98.46349334716797,-1.321525454521179],[98.46216583251953,-1.257237911224365],[98.45708465576172,-1.00008761882782],[98.81977844238281,-0.935800075531006],[99.11994171142578,-1.385813117027283],[99.2013168334961,-1.771538615226746],[98.83883666992188,-1.83582615852356]]],[[[100.26252746582031,2.600015640258789],[100.3926010131836,2.214290142059326],[100.68128967285156,2.150002479553223],[100.68892669677734,2.342865228652954],[100.90734100341797,2.342865228652954],[101.25869750976562,2.021427392959595],[101.40930938720703,2.150002479553223],[101.69799041748047,2.085714817047119],[101.6856918334961,1.76427698135376],[101.61289978027344,1.76427698135376],[101.68091583251953,1.635701775550842],[102.40647888183594,1.571414232254028],[102.39044952392578,1.121401190757751],[102.82716369628906,1.121401190757751],[103.11170959472656,0.928538501262665],[103.10741424560547,0.799963414669037],[102.96185302734375,0.799963414669037],[102.94943237304688,0.414238125085831],[103.09905242919922,0.542813181877136],[103.3173828125,0.542813181877136],[103.74205017089844,0.15708801150322],[103.75341033935547,-0.035774555057287],[103.39151000976562,-0.164349600672722],[103.61084747314453,-0.228637129068375],[103.61294555664062,-0.35721218585968],[103.32291412353516,-0.421499729156494],[103.32744598388672,-0.67864990234375],[103.32862854003906,-0.742937445640564],[102.82036590576172,-0.807224988937378],[102.6798324584961,-1.064375281333923],[102.46147918701172,-1.064375281333923],[102.31211853027344,-0.871512532234192],[101.87666320800781,-0.935800075531006],[101.80903625488281,-1.192950367927551],[102.1029052734375,-1.321525454521179],[102.6986312866211,-1.900113701820374],[102.9914321899414,-1.964401364326477],[103.22177124023438,-2.414414644241333],[103.36560821533203,-2.350126981735229],[103.43152618408203,-2.092976570129395],[103.86021423339844,-1.771538615226746],[104.4394760131836,-1.642963409423828],[104.44100952148438,-1.707250952720642],[104.52020263671875,-1.964401364326477],[104.81305694580078,-2.028688907623291],[104.81993865966797,-2.285839319229126],[105.47697448730469,-2.350126981735229],[105.63583374023438,-2.800140142440796],[106.00804901123047,-3.05729079246521],[105.94596099853516,-3.378728866577148],[105.73420715332031,-3.57159161567688],[105.89405059814453,-3.957317352294922],[105.75579833984375,-4.150180339813232],[105.85237121582031,-4.728769302368164],[105.77951049804688,-4.728769302368164],[105.68770599365234,-5.885946750640869],[105.39286041259766,-5.821659088134766],[105.23445892333984,-5.564508438110352],[105.17095947265625,-5.757371425628662],[104.80644989013672,-5.757371425628662],[104.5055160522461,-5.564508438110352],[104.59733581542969,-5.950234413146973],[104.302490234375,-5.885946750640869],[104.14104461669922,-5.564508438110352],[103.9952621459961,-5.564508438110352],[103.76461029052734,-5.307357788085938],[103.7587890625,-5.17878246307373],[103.23188781738281,-4.793056964874268],[103.08615112304688,-4.793056964874268],[102.18140411376953,-4.021605014801025],[102.09700012207031,-3.700166940689087],[101.42642211914062,-3.250153541564941],[101.26883697509766,-2.864427804946899],[100.89729309082031,-2.607277393341064],[100.74459838867188,-2.350126981735229],[100.73310089111328,-1.900113701820374],[100.28319549560547,-1.321525454521179],[100.2014389038086,-0.871512532234192],[99.68407440185547,-0.421499729156494],[99.60628509521484,-0.100062072277069],[99.45955657958984,0.028512962162495],[99.2281494140625,0.092800483107567],[99.15918731689453,0.221375524997711],[98.94086456298828,0.221375524997711],[98.95271301269531,0.60710072517395],[98.81124877929688,0.735675871372223],[98.61222076416016,1.314263939857483],[98.62593841552734,1.699989318847656],[97.91728973388672,2.214290142059326],[97.55577087402344,2.27857780456543],[97.50360870361328,2.7928786277771],[97.1475830078125,2.985741376876831],[96.8814926147461,3.564330101013184],[96.59890747070312,3.757192850112915],[96.2376708984375,3.821480512619019],[96.17078399658203,3.950055837631226],[96.17378997802734,4.01434326171875],[97.12690734863281,4.142918586730957],[97.61864471435547,3.757192850112915],[97.76432037353516,3.757192850112915],[98.00421142578125,4.207206249237061],[98.22590637207031,4.271493911743164],[98.22276306152344,4.207206249237061],[98.28938293457031,4.078630924224854],[98.71724700927734,3.885768175125122],[98.71121215820312,3.757192850112915],[99.14227294921875,3.628617763519287],[99.70182037353516,3.114316701889038],[99.77464294433594,3.114316701889038],[99.91471099853516,2.985741376876831],[99.90380096435547,2.728590965270996],[100.11956787109375,2.664303302764893],[100.11426544189453,2.535728216171265],[100.26252746582031,2.600015640258789]]],[[[104.9207992553711,-0.228637129068375],[104.92291259765625,-0.35721218585968],[104.41241455078125,-0.292924642562866],[104.48625946044922,-0.35721218585968],[104.41913604736328,-0.67864990234375],[104.12684631347656,-0.614362359046936],[104.12237548828125,-0.35721218585968],[104.19515228271484,-0.35721218585968],[104.33963775634766,-0.292924642562866],[104.3242416381836,0.15708801150322],[104.54256439208984,0.15708801150322],[104.55391693115234,-0.035774555057287],[104.9207992553711,-0.228637129068375]]],[[[98.44481658935547,-0.292924642562866],[98.44583129882812,-0.35721218585968],[98.37730407714844,-0.614362359046936],[98.15896606445312,-0.614362359046936],[98.20932006835938,0.092800483107567],[98.36795806884766,0.028512962162495],[98.44481658935547,-0.292924642562866]]],[[[117.63225555419922,3.435754776000977],[117.6224594116211,3.242892026901245],[117.32794952392578,3.178604364395142],[117.5432357788086,3.114316701889038],[117.60051727294922,2.7928786277771],[118.0195541381836,2.407152891159058],[118.0081558227539,2.150002479553223],[117.78421020507812,2.021427392959595],[117.77877044677734,1.892852187156677],[118.91033172607422,1.057113647460938],[118.90325164794922,0.864250957965851],[118.24362182617188,0.735675871372223],[117.88662719726562,0.928538501262665],[117.88199615478516,0.799963414669037],[117.661376953125,0.735675871372223],[117.5091323852539,0.542813181877136],[117.36199188232422,-0.035774555057287],[117.36885833740234,-0.421499729156494],[117.5156478881836,-0.485787272453308],[117.44671630859375,-0.67864990234375],[117.5221939086914,-0.807224988937378],[117.16107940673828,-0.935800075531006],[117.02139282226562,-1.192950367927551],[116.65899658203125,-1.257237911224365],[116.6621322631836,-1.385813117027283],[116.44700622558594,-1.514388203620911],[116.45206451416016,-1.707250952720642],[116.30647277832031,-1.707250952720642],[116.38822174072266,-2.028688907623291],[116.31918334960938,-2.157264232635498],[116.53759002685547,-2.157264232635498],[116.54147338867188,-2.285839319229126],[116.46866607666016,-2.285839319229126],[116.47675323486328,-2.542989730834961],[116.2583236694336,-2.542989730834961],[116.33964538574219,-2.800140142440796],[116.12786102294922,-2.993003129959106],[116.23782348632812,-3.957317352294922],[116.09757232666016,-4.085892677307129],[115.94915008544922,-4.021605014801025],[115.93338775634766,-3.635879278182983],[115.7877197265625,-3.635879278182983],[115.72000885009766,-3.76445460319519],[114.92931365966797,-4.021605014801025],[114.86190032958984,-4.150180339813232],[114.50040435791016,-4.214468002319336],[114.39646911621094,-3.443016529083252],[114.18040466308594,-3.507303953170776],[114.17557525634766,-3.378728866577148],[113.88426208496094,-3.378728866577148],[113.81624603271484,-3.507303953170776],[113.5249252319336,-3.507303953170776],[113.44259643554688,-3.250153541564941],[113.07847595214844,-3.250153541564941],[112.99884796142578,-3.05729079246521],[112.64854431152344,-3.443016529083252],[112.06355285644531,-3.378728866577148],[111.8546371459961,-3.635879278182983],[111.70896911621094,-3.635879278182983],[111.61090850830078,-2.928715467453003],[111.10333251953125,-2.993003129959106],[111.03488159179688,-3.121578216552734],[110.45011901855469,-3.05729079246521],[110.44581604003906,-2.928715467453003],[110.08601379394531,-3.05729079246521],[109.98184204101562,-2.028688907623291],[109.7599868774414,-1.900113701820374],[109.75498962402344,-1.707250952720642],[109.89896392822266,-1.642963409423828],[109.89124298095703,-1.321525454521179],[109.7413330078125,-1.128662824630737],[109.52730560302734,-1.321525454521179],[109.3089370727539,-1.321525454521179],[109.37330627441406,-0.935800075531006],[109.08085632324219,-0.871512532234192],[109.22138214111328,-0.614362359046936],[108.92906188964844,-0.550074815750122],[108.97982025146484,0.092800483107567],[108.70087432861328,0.478525668382645],[108.88253021240234,1.507126569747925],[109.10580444335938,1.635701775550842],[109.18868255615234,1.892852187156677],[109.3394546508789,2.021427392959595],[109.40965270996094,1.957139730453491],[109.48245239257812,1.957139730453491],[109.47477722167969,1.76427698135376],[109.61785125732422,1.699989318847656],[109.8896713256836,1.185688734054565],[110.46053314208984,0.864250957965851],[110.8289566040039,0.992826044559479],[111.70236206054688,0.992826044559479],[111.99812316894531,1.121401190757751],[112.08043670654297,1.378551483154297],[112.37899017333984,1.571414232254028],[112.81573486328125,1.571414232254028],[112.95390319824219,1.378551483154297],[113.3130111694336,1.249976277351379],[114.41215515136719,1.442839026451111],[114.79673767089844,1.957139730453491],[114.73482513427734,2.214290142059326],[115.11013793945312,2.471440553665161],[115.05803680419922,2.921453714370728],[115.35546112060547,3.050029039382935],[115.5234603881836,3.50004243850708],[115.5267562866211,3.564330101013184],[115.62692260742188,4.078630924224854],[115.78693389892578,4.335781574249268],[117.1711654663086,4.335781574249268],[117.45167541503906,4.142918586730957],[117.44808959960938,4.078630924224854],[117.51738739013672,4.01434326171875],[117.60098266601562,4.207206249237061],[117.89238739013672,4.207206249237061],[117.88876342773438,4.142918586730957],[117.88160705566406,4.01434326171875],[117.58670043945312,3.950055837631226],[117.7288818359375,3.885768175125122],[117.78795623779297,3.628617763519287],[117.20191955566406,3.564330101013184],[117.63225555419922,3.435754776000977]]],[[[98.5862808227539,0.028512962162495],[98.51350402832031,0.028512962162495],[98.35486602783203,0.092800483107567],[98.43143463134766,0.221375524997711],[98.72062683105469,0.15708801150322],[98.73182678222656,0.028512962162495],[98.5862808227539,0.028512962162495]]],[[[103.3943099975586,0.671388268470764],[103.17597198486328,0.671388268470764],[103.18233489990234,0.864250957965851],[103.40068054199219,0.864250957965851],[103.39641571044922,0.735675871372223],[103.3943099975586,0.671388268470764]]],[[[104.4902572631836,0.799963414669037],[104.34469604492188,0.799963414669037],[104.27623748779297,0.928538501262665],[104.20345306396484,0.928538501262665],[104.13066864013672,0.928538501262665],[104.21234130859375,1.185688734054565],[104.57401275634766,1.121401190757751],[104.4902572631836,0.799963414669037]]],[[[97.78824615478516,0.60710072517395],[97.56790161132812,0.542813181877136],[97.43255615234375,0.864250957965851],[97.14775848388672,1.057113647460938],[97.14990234375,1.121401190757751],[97.00867462158203,1.249976277351379],[97.01533508300781,1.442839026451111],[97.45433807373047,1.507126569747925],[97.80496978759766,1.121401190757751],[97.78824615478516,0.60710072517395]]],[[[104.06228637695312,1.057113647460938],[104.06007385253906,0.992826044559479],[103.76675415039062,0.928538501262665],[103.77337646484375,1.121401190757751],[103.9234619140625,1.249976277351379],[104.06676483154297,1.185688734054565],[104.06228637695312,1.057113647460938]]],[[[96.17497253417969,2.342865228652954],[96.1072006225586,2.471440553665161],[95.67544555664062,2.600015640258789],[95.60780334472656,2.728590965270996],[95.68852233886719,2.921453714370728],[95.76134490966797,2.921453714370728],[95.97713470458984,2.857166290283203],[96.04208374023438,2.664303302764893],[96.40098571777344,2.535728216171265],[96.39338684082031,2.342865228652954],[96.17497253417969,2.342865228652954]]],[[[108.34223937988281,4.078630924224854],[108.3226318359375,3.692905426025391],[108.24979400634766,3.692905426025391],[108.24661254882812,3.628617763519287],[108.10094451904297,3.628617763519287],[108.03771209716797,3.821480512619019],[107.89527893066406,3.885768175125122],[107.98135375976562,4.142918586730957],[108.34223937988281,4.078630924224854]]],[[[123.00040435791016,-10.836090087890625],[123.00707244873047,-10.90037727355957],[122.7210922241211,-10.964664459228516],[122.69458770751953,-10.707514762878418],[123.26028442382812,-10.514652252197266],[123.28642272949219,-10.771801948547363],[123.00040435791016,-10.836090087890625]]],[[[121.8038330078125,-10.578939437866211],[121.65754699707031,-10.578939437866211],[121.71165466308594,-10.386076927185059],[121.85792541503906,-10.386076927185059],[121.87698364257812,-10.578939437866211],[121.8038330078125,-10.578939437866211]]],[[[118.98554229736328,-9.357477188110352],[120.00852966308594,-9.357477188110352],[120.1773452758789,-9.61462688446045],[120.47547149658203,-9.678915023803711],[120.71826934814453,-9.936064720153809],[120.7424087524414,-10.193214416503906],[120.53532409667969,-10.321789741516113],[120.46219635009766,-10.321789741516113],[120.01728820800781,-10.257502555847168],[119.46377563476562,-9.807489395141602],[118.94631958007812,-9.743202209472656],[118.77745056152344,-9.486052513122559],[118.98554229736328,-9.357477188110352]]],[[[123.67955780029297,-9.550339698791504],[123.66786193847656,-9.421764373779297],[123.8870849609375,-9.421764373779297],[123.96015930175781,-9.421764373779297],[124.25831604003906,-9.486052513122559],[124.37552642822266,-9.1646146774292],[124.3698501586914,-9.100326538085938],[124.51596069335938,-9.100326538085938],[124.64523315429688,-8.907464027404785],[124.7182846069336,-8.907464027404785],[124.80252838134766,-9.036039352416992],[125.02169036865234,-9.036039352416992],[125.03881072998047,-9.228901863098145],[124.82539367675781,-9.29318904876709],[124.92195892333984,-9.550339698791504],[124.92792510986328,-9.61462688446045],[124.59284210205078,-9.936064720153809],[124.60526275634766,-10.064640045166016],[124.45903015136719,-10.064640045166016],[124.39846801757812,-10.193214416503906],[124.10598754882812,-10.193214416503906],[124.1123046875,-10.257502555847168],[123.83252716064453,-10.386076927185059],[123.17432403564453,-10.386076927185059],[123.22229766845703,-10.128927230834961],[123.5147705078125,-10.128927230834961],[123.41707611083984,-9.871777534484863],[123.67955780029297,-9.550339698791504]]],[[[117.56505584716797,-8.971752166748047],[117.42951202392578,-9.100326538085938],[116.8503646850586,-9.1646146774292],[116.62064361572266,-9.036039352416992],[116.5999755859375,-8.778888702392578],[116.67301177978516,-8.778888702392578],[116.65288543701172,-8.52173900604248],[116.86209106445312,-8.393163681030273],[117.51925659179688,-8.393163681030273],[117.7634506225586,-8.714601516723633],[118.05047607421875,-8.650314331054688],[117.58247375488281,-8.264588356018066],[117.3683090209961,-8.328875541687012],[117.35379791259766,-8.13601303100586],[118.00604248046875,-8.071725845336914],[118.17147064208984,-8.328875541687012],[118.30770874023438,-8.200301170349121],[118.53654479980469,-8.328875541687012],[118.89667510986328,-8.264588356018066],[119.08328247070312,-8.778888702392578],[118.71808624267578,-8.778888702392578],[118.72330474853516,-8.84317684173584],[118.290283203125,-8.907464027404785],[118.27985382080078,-8.778888702392578],[118.13378143310547,-8.778888702392578],[118.0711441040039,-8.907464027404785],[117.56505584716797,-8.971752166748047]]],[[[116.65288543701172,-8.52173900604248],[116.44882202148438,-8.714601516723633],[116.46932220458984,-8.971752166748047],[115.73368835449219,-8.907464027404785],[115.71847534179688,-8.714601516723633],[115.93757629394531,-8.714601516723633],[115.9275894165039,-8.586026191711426],[115.92264556884766,-8.52173900604248],[115.91285705566406,-8.393163681030273],[116.11746215820312,-8.200301170349121],[116.48250579833984,-8.200301170349121],[116.6381607055664,-8.328875541687012],[116.65288543701172,-8.52173900604248]]],[[[119.36504364013672,-8.650314331054688],[119.2920150756836,-8.650314331054688],[119.20875549316406,-8.52173900604248],[119.27168273925781,-8.393163681030273],[119.417724609375,-8.393163681030273],[119.50596618652344,-8.586026191711426],[119.36504364013672,-8.650314331054688]]],[[[122.65679168701172,-8.714601516723633],[121.93177795410156,-8.778888702392578],[121.72341918945312,-8.907464027404785],[121.27976989746094,-8.84317684173584],[121.29055786132812,-8.971752166748047],[120.77921295166016,-8.971752166748047],[120.62239074707031,-8.84317684173584],[119.75119018554688,-8.907464027404785],[119.66758728027344,-8.778888702392578],[119.45372009277344,-8.84317684173584],[119.4432601928711,-8.714601516723633],[119.65717315673828,-8.650314331054688],[119.71484375,-8.457450866699219],[120.00186157226562,-8.393163681030273],[120.06485748291016,-8.264588356018066],[120.72196197509766,-8.264588356018066],[121.32646942138672,-8.52173900604248],[121.97850036621094,-8.457450866699219],[122.2810287475586,-8.586026191711426],[122.47933959960938,-8.328875541687012],[122.6253662109375,-8.328875541687012],[122.60514831542969,-8.071725845336914],[122.82415008544922,-8.071725845336914],[122.91230010986328,-8.264588356018066],[123.204345703125,-8.264588356018066],[123.21465301513672,-8.393163681030273],[123.27735900878906,-8.264588356018066],[123.78330993652344,-8.200301170349121],[123.72578430175781,-8.393163681030273],[123.51195526123047,-8.457450866699219],[123.52250671386719,-8.586026191711426],[123.1573715209961,-8.586026191711426],[123.15208435058594,-8.52173900604248],[123.00080108642578,-8.457450866699219],[122.93828582763672,-8.586026191711426],[122.79222869873047,-8.586026191711426],[122.7087173461914,-8.457450866699219],[122.65679168701172,-8.714601516723633]]],[[[124.97238159179688,-8.457450866699219],[124.2474594116211,-8.52173900604248],[124.15867614746094,-8.328875541687012],[124.17443084716797,-8.52173900604248],[123.96067810058594,-8.586026191711426],[123.80403900146484,-8.457450866699219],[123.79879760742188,-8.393163681030273],[124.00233459472656,-8.200301170349121],[124.37252807617188,-8.264588356018066],[124.36225891113281,-8.13601303100586],[125.02445220947266,-8.200301170349121],[124.97238159179688,-8.457450866699219]]],[[[126.3960952758789,-8.007437705993652],[125.6661148071289,-8.007437705993652],[125.71415710449219,-7.685999870300293],[126.22013854980469,-7.621712207794189],[126.2931137084961,-7.621712207794189],[126.5071792602539,-7.557425022125244],[126.67288970947266,-7.8145751953125],[126.52690887451172,-7.8145751953125],[126.53699493408203,-7.943150520324707],[126.3960952758789,-8.007437705993652]]],[[[121.82645416259766,-5.050207138061523],[121.89933013916016,-5.050207138061523],[121.98941802978516,-5.371645450592041],[121.7742919921875,-5.435933113098145],[121.68406677246094,-5.114494800567627],[121.82645416259766,-5.050207138061523]]],[[[119.46907806396484,-4.535906314849854],[119.77296447753906,-4.793056964874268],[120.27672576904297,-4.664481639862061],[120.22649383544922,-5.114494800567627],[120.32357025146484,-5.564508438110352],[119.81687927246094,-5.628796100616455],[119.82048034667969,-5.693083763122559],[119.53250885009766,-5.757371425628662],[119.22663879394531,-5.500220775604248],[119.20619201660156,-5.114494800567627],[119.34864807128906,-5.050207138061523],[119.46907806396484,-4.535906314849854]]],[[[122.81444549560547,-4.407330989837646],[123.03301239013672,-4.407330989837646],[123.12165069580078,-4.728769302368164],[122.91288757324219,-4.921631813049316],[123.0863037109375,-5.435933113098145],[122.79834747314453,-5.500220775604248],[122.80934143066406,-5.693083763122559],[122.441162109375,-5.628796100616455],[122.43388366699219,-5.500220775604248],[122.4302978515625,-5.435933113098145],[122.13874053955078,-5.435933113098145],[122.1776123046875,-4.793056964874268],[122.45948028564453,-4.600193977355957],[122.67807006835938,-4.600193977355957],[122.81444549560547,-4.407330989837646]]],[[[127.21454620361328,-3.443016529083252],[127.15277099609375,-3.700166940689087],[126.65150451660156,-3.893029928207397],[126.43009185791016,-3.828742265701294],[126.35725402832031,-3.828742265701294],[125.90629577636719,-3.507303953170776],[125.890625,-3.121578216552734],[126.83479309082031,-3.05729079246521],[127.05834197998047,-3.185865879058838],[127.21454620361328,-3.443016529083252]]],[[[125.9229965209961,-1.964401364326477],[126.01258087158203,-2.478702068328857],[125.79196166992188,-2.414414644241333],[125.70459747314453,-1.964401364326477],[125.55900573730469,-1.964401364326477],[125.4862060546875,-1.964401364326477],[125.26585388183594,-1.900113701820374],[125.26203155517578,-1.771538615226746],[126.13557434082031,-1.771538615226746],[126.06859588623047,-1.964401364326477],[125.9229965209961,-1.964401364326477]]],[[[124.45760345458984,-1.642963409423828],[124.5303955078125,-1.642963409423828],[125.11457824707031,-1.707250952720642],[125.19305419921875,-1.900113701820374],[124.25059509277344,-2.028688907623291],[124.23921966552734,-1.642963409423828],[124.45760345458984,-1.642963409423828]]],[[[127.4822769165039,-0.292924642562866],[127.56169128417969,-0.614362359046936],[127.78144073486328,-0.67864990234375],[127.78585815429688,-0.871512532234192],[127.27638244628906,-0.871512532234192],[127.27057647705078,-0.614362359046936],[127.19506072998047,-0.485787272453308],[127.12364196777344,-0.550074815750122],[127.05085754394531,-0.550074815750122],[126.90530395507812,-0.550074815750122],[126.97160339355469,-0.228637129068375],[127.11715698242188,-0.228637129068375],[127.19244384765625,-0.35721218585968],[127.4822769165039,-0.292924642562866]]],[[[125.1824722290039,1.378551483154297],[125.10968017578125,1.378551483154297],[124.9589614868164,1.249976277351379],[124.60539245605469,1.507126569747925],[124.75902557373047,1.699989318847656],[125.12300109863281,1.699989318847656],[125.1824722290039,1.378551483154297]]],[[[125.43917846679688,3.692905426025391],[125.51200866699219,3.692905426025391],[125.65055084228516,3.564330101013184],[125.63663482666016,3.30717945098877],[125.42158508300781,3.371467113494873],[125.35922241210938,3.564330101013184],[125.43917846679688,3.692905426025391]]],[[[126.6422119140625,4.335781574249268],[126.6461410522461,4.400069236755371],[126.65409088134766,4.528644561767578],[126.8686752319336,4.464356899261475],[126.7686996459961,4.01434326171875],[126.62300872802734,4.01434326171875],[126.6422119140625,4.335781574249268]]],[[[130.9326934814453,-8.13601303100586],[131.00570678710938,-8.13601303100586],[130.94903564453125,-8.328875541687012],[130.5894775390625,-8.393163681030273],[130.8596954345703,-8.13601303100586],[130.9326934814453,-8.13601303100586]]],[[[127.8770751953125,-8.264588356018066],[127.65804290771484,-8.264588356018066],[127.64225769042969,-8.071725845336914],[127.78826141357422,-8.071725845336914],[127.87176513671875,-8.200301170349121],[127.8770751953125,-8.264588356018066]]],[[[129.74359130859375,-7.878862857818604],[129.75930786132812,-8.071725845336914],[129.4620361328125,-8.007437705993652],[129.4413604736328,-7.750287532806396],[129.73841857910156,-7.8145751953125],[129.74359130859375,-7.878862857818604]]],[[[131.21932983398438,-8.071725845336914],[131.00033569335938,-8.071725845336914],[130.9689178466797,-7.685999870300293],[131.16270446777344,-7.364562034606934],[131.15777587890625,-7.30027437210083],[131.36212158203125,-7.10741138458252],[131.58099365234375,-7.10741138458252],[131.5527801513672,-7.685999870300293],[131.2764129638672,-7.878862857818604],[131.21932983398438,-8.071725845336914]]],[[[130.95875549316406,-7.557425022125244],[130.81280517578125,-7.557425022125244],[130.87083435058594,-7.364562034606934],[131.0167694091797,-7.364562034606934],[131.03173828125,-7.557425022125244],[130.95875549316406,-7.557425022125244]]],[[[128.5215301513672,-7.171699047088623],[128.52627563476562,-7.235986709594727],[128.38035583496094,-7.235986709594727],[128.3709259033203,-7.10741138458252],[128.5851287841797,-7.043123722076416],[128.5215301513672,-7.171699047088623]]],[[[134.17750549316406,-5.628796100616455],[134.31927490234375,-5.564508438110352],[134.3113250732422,-5.435933113098145],[134.5299835205078,-5.435933113098145],[134.679931640625,-6.59311056137085],[134.38360595703125,-6.528822898864746],[134.333984375,-6.850261211395264],[133.97402954101562,-6.914548873901367],[133.96925354003906,-6.850261211395264],[133.8730926513672,-6.528822898864746],[133.94601440429688,-6.528822898864746],[133.91937255859375,-6.143096923828125],[134.2067108154297,-6.078809261322021],[134.17750549316406,-5.628796100616455]]],[[[132.67129516601562,-6.014522075653076],[132.66709899902344,-5.950234413146973],[132.5212860107422,-5.950234413146973],[132.50489807128906,-5.693083763122559],[132.94635009765625,-5.757371425628662],[132.81712341308594,-6.014522075653076],[132.67129516601562,-6.014522075653076]]],[[[132.85743713378906,-5.500220775604248],[133.0721893310547,-5.435933113098145],[133.00717163085938,-5.564508438110352],[133.01116943359375,-5.628796100616455],[132.85743713378906,-5.500220775604248]]],[[[134.60635375976562,-2.542989730834961],[134.62135314941406,-2.928715467453003],[134.7696075439453,-2.993003129959106],[134.7776641845703,-3.185865879058838],[135.07733154296875,-3.378728866577148],[135.36581420898438,-3.314441204071045],[135.85665893554688,-2.864427804946899],[135.85153198242188,-2.735852479934692],[136.13536071777344,-2.542989730834961],[136.1964111328125,-2.221551656723022],[136.9927520751953,-2.092976570129395],[136.98207092285156,-1.771538615226746],[137.41085815429688,-1.514388203620911],[137.99319458007812,-1.514388203620911],[139.69569396972656,-2.350126981735229],[140.57179260253906,-2.414414644241333],[140.79769897460938,-2.607277393341064],[140.87051391601562,-2.607277393341064],[140.96484375,-3.121578216552734],[140.8920135498047,-3.121578216552734],[140.91619873046875,-4.98591947555542],[140.9285125732422,-6.271672248840332],[140.7286376953125,-6.528822898864746],[140.75314331054688,-6.850261211395264],[140.90911865234375,-6.978836059570312],[140.95655822753906,-7.557425022125244],[140.8835906982422,-7.557425022125244],[140.95802307128906,-8.393163681030273],[140.885009765625,-8.393163681030273],[140.8870391845703,-9.1646146774292],[140.81398010253906,-9.1646146774292],[140.49609375,-8.907464027404785],[140.3189697265625,-8.586026191711426],[139.85682678222656,-8.328875541687012],[139.83929443359375,-8.13601303100586],[139.03623962402344,-8.13601303100586],[138.9748077392578,-8.264588356018066],[138.75576782226562,-8.264588356018066],[138.846435546875,-8.457450866699219],[138.55435180664062,-8.457450866699219],[138.46954345703125,-8.328875541687012],[138.26226806640625,-8.457450866699219],[137.53204345703125,-8.457450866699219],[137.5088348388672,-8.200301170349121],[137.68875122070312,-7.750287532806396],[138.0269012451172,-7.428849697113037],[138.60540771484375,-7.364562034606934],[138.66796875,-7.235986709594727],[138.65773010253906,-7.10741138458252],[138.43380737304688,-7.043123722076416],[138.5502166748047,-6.657398223876953],[138.2396240234375,-6.400247573852539],[138.1309051513672,-5.885946750640869],[138.0494384765625,-5.757371425628662],[137.90362548828125,-5.757371425628662],[137.88697814941406,-5.500220775604248],[137.74119567871094,-5.500220775604248],[137.57940673828125,-5.243070125579834],[136.98477172851562,-5.050207138061523],[136.9043731689453,-4.921631813049316],[136.54000854492188,-4.921631813049316],[135.78976440429688,-4.535906314849854],[135.0611572265625,-4.535906314849854],[134.76287841796875,-4.407330989837646],[134.53433227539062,-4.214468002319336],[134.52467346191406,-4.021605014801025],[134.01475524902344,-4.021605014801025],[134.0054473876953,-3.828742265701294],[133.56239318847656,-3.700166940689087],[133.55075073242188,-3.443016529083252],[133.21661376953125,-4.085892677307129],[132.78271484375,-4.150180339813232],[132.63070678710938,-4.021605014801025],[132.61257934570312,-3.635879278182983],[132.75534057617188,-3.57159161567688],[132.6739959716797,-3.378728866577148],[132.45274353027344,-3.314441204071045],[132.44729614257812,-3.185865879058838],[132.22093200683594,-2.993003129959106],[131.85427856445312,-2.928715467453003],[131.8492431640625,-2.800140142440796],[131.98997497558594,-2.671565055847168],[132.72055053710938,-2.735852479934692],[132.71568298339844,-2.607277393341064],[132.99986267089844,-2.414414644241333],[133.65982055664062,-2.542989730834961],[133.65512084960938,-2.414414644241333],[133.8007354736328,-2.414414644241333],[133.71888732910156,-2.157264232635498],[132.9247589111328,-2.350126981735229],[132.12164306640625,-2.285839319229126],[131.89883422851562,-2.157264232635498],[131.8116455078125,-1.707250952720642],[131.6622314453125,-1.578675746917725],[131.37106323242188,-1.578675746917725],[131.29457092285156,-1.450100660324097],[130.9324493408203,-1.514388203620911],[130.56137084960938,-1.257237911224365],[130.550048828125,-0.807224988937378],[130.7668914794922,-0.742937445640564],[130.76992797851562,-0.871512532234192],[131.13699340820312,-1.00008761882782],[131.2035675048828,-0.742937445640564],[131.49468994140625,-0.742937445640564],[132.06845092773438,-0.35721218585968],[132.7234344482422,-0.35721218585968],[133.16714477539062,-0.67864990234375],[133.96923828125,-0.742937445640564],[134.05169677734375,-1.128662824630737],[134.12448120117188,-1.128662824630737],[134.2080535888672,-1.514388203620911],[134.00155639648438,-1.900113701820374],[134.16949462890625,-2.542989730834961],[134.24716186523438,-2.671565055847168],[134.3855438232422,-2.478702068328857],[134.60635375976562,-2.542989730834961]]],[[[127.8755111694336,-3.57159161567688],[127.94834899902344,-3.57159161567688],[128.23690795898438,-3.507303953170776],[128.2453155517578,-3.700166940689087],[127.81404876708984,-3.828742265701294],[127.80268096923828,-3.57159161567688],[127.8755111694336,-3.57159161567688]]],[[[128.96246337890625,-3.443016529083252],[128.66574096679688,-3.314441204071045],[128.52822875976562,-3.507303953170776],[128.382568359375,-3.507303953170776],[128.0831298828125,-3.314441204071045],[128.077880859375,-3.185865879058838],[127.9348373413086,-3.250153541564941],[127.8700180053711,-3.443016529083252],[127.72435760498047,-3.443016529083252],[127.71375274658203,-3.185865879058838],[127.7789535522461,-2.993003129959106],[128.28131103515625,-2.800140142440796],[129.664794921875,-2.800140142440796],[129.96353149414062,-2.993003129959106],[130.40045166015625,-2.993003129959106],[130.55125427246094,-3.121578216552734],[130.55923461914062,-3.314441204071045],[130.5619659423828,-3.378728866577148],[130.7860107421875,-3.507303953170776],[130.7306365966797,-3.893029928207397],[129.9148406982422,-3.57159161567688],[129.76084899902344,-3.378728866577148],[128.96246337890625,-3.443016529083252]]],[[[130.06268310546875,-1.642963409423828],[130.2810516357422,-1.642963409423828],[130.35968017578125,-1.83582615852356],[130.28688049316406,-1.83582615852356],[130.22227478027344,-2.092976570129395],[129.85826110839844,-2.092976570129395],[129.63572692871094,-1.964401364326477],[129.70254516601562,-1.771538615226746],[130.06268310546875,-1.642963409423828]]],[[[136.69296264648438,-1.83582615852356],[136.18760681152344,-1.964401364326477],[135.67176818847656,-1.771538615226746],[135.59896850585938,-1.771538615226746],[135.37857055664062,-1.707250952720642],[135.3746337890625,-1.578675746917725],[136.39569091796875,-1.642963409423828],[136.68885803222656,-1.707250952720642],[136.69296264648438,-1.83582615852356]]],[[[127.65157318115234,-1.321525454521179],[127.65330505371094,-1.385813117027283],[128.0207977294922,-1.514388203620911],[128.02825927734375,-1.771538615226746],[127.30030059814453,-1.771538615226746],[127.21831512451172,-1.450100660324097],[127.65157318115234,-1.321525454521179]]],[[[134.70176696777344,-0.935800075531006],[134.8473358154297,-0.935800075531006],[134.85406494140625,-1.192950367927551],[134.63397216796875,-1.128662824630737],[134.70339965820312,-1.00008761882782],[134.70176696777344,-0.935800075531006]]],[[[135.27627563476562,-0.614362359046936],[135.3490447998047,-0.614362359046936],[135.64166259765625,-0.67864990234375],[135.64633178710938,-0.871512532234192],[135.35519409179688,-0.871512532234192],[135.2064971923828,-0.742937445640564],[135.27627563476562,-0.614362359046936]]],[[[130.8339385986328,-0.485787272453308],[130.54283142089844,-0.485787272453308],[130.1749725341797,-0.292924642562866],[130.17124938964844,-0.100062072277069],[130.2440185546875,-0.100062072277069],[130.38812255859375,0.028512962162495],[131.11611938476562,-0.035774555057287],[131.19512939453125,-0.35721218585968],[130.8312530517578,-0.35721218585968],[130.8339385986328,-0.485787272453308]]],[[[128.70578002929688,0.221375524997711],[127.83910369873047,0.414238125085831],[127.92020416259766,-0.35721218585968],[128.14678955078125,-0.742937445640564],[128.2938232421875,-0.807224988937378],[128.29685974121094,-0.935800075531006],[128.15130615234375,-0.935800075531006],[127.85566711425781,-0.742937445640564],[127.85142517089844,-0.550074815750122],[127.48103332519531,-0.228637129068375],[127.54356384277344,0.285663068294525],[127.40021514892578,0.349950581789017],[127.2959976196289,1.442839026451111],[127.53936004638672,2.021427392959595],[127.76659393310547,2.214290142059326],[127.9850082397461,2.214290142059326],[127.82197570800781,1.828564524650574],[127.96475219726562,1.76427698135376],[127.94583129882812,1.314263939857483],[128.24765014648438,1.571414232254028],[128.61434936523438,1.635701775550842],[128.60092163085938,1.314263939857483],[128.67372131347656,1.314263939857483],[128.67111206054688,1.249976277351379],[128.5881805419922,0.992826044559479],[128.21934509277344,0.864250957965851],[128.21218872070312,0.671388268470764],[128.50096130371094,0.60710072517395],[128.70578002929688,0.221375524997711]]],[[[128.573486328125,2.342865228652954],[128.57044982910156,2.27857780456543],[128.4129638671875,2.021427392959595],[128.11886596679688,1.957139730453491],[128.14280700683594,2.471440553665161],[128.51629638671875,2.664303302764893],[128.573486328125,2.342865228652954]]]]}},{"type":"Feature","properties":{"Name":"Cretan State","FromYear":1898,"ToYear":1904,"Area":5498.97315441141,"Type":"POLITY","Wikipedia":"Cretan State","Wikidata":"Q72785","SeshatID":"","Components":"","MemberOf":"","DISPLAY_NAME":"Cretan State","ADMIN_NAME":"Cretan State","TERRITORIAL_STATUS":"sovereign","TERRITORIAL_STATUS_ZH":"独立政治实体","POLICY_NOTE":"按 ClioPatria 目标年份记录的实际控制几何显示","SOURCE_NAME":"Cretan State","WIKIPEDIA_URL":"https://en.wikipedia.org/wiki/Cretan_State","WIKIDATA_URL":"https://www.wikidata.org/wiki/Q72785","SESHAT_URL":"","DATA_SOURCE":"ClioPatria ad28a691","LEADER":"领导人资料待补充","LEADER_SOURCE_URL":""},"geometry":{"type":"Polygon","coordinates":[[[24.52567481994629,35.194007873535156],[24.7574462890625,35.194007873535156],[24.823745727539062,35.00096893310547],[26.140073776245117,35.065311431884766],[26.22533416748047,35.194007873535156],[25.680648803710938,35.12965774536133],[25.69233512878418,35.32271194458008],[24.30097007751465,35.32271194458008],[24.149879455566406,35.38706970214844],[24.156919479370117,35.51579284667969],[23.615402221679688,35.51579284667969],[23.679210662841797,35.258358001708984],[24.44841766357422,35.194007873535156],[24.52567481994629,35.194007873535156]]]}},{"type":"Feature","properties":{"Name":"Portuguese Colonies","FromYear":1898,"ToYear":1907,"Area":24193.564921316534,"Type":"POLITY","Wikipedia":"Portuguese Empire","Wikidata":"Q200464","SeshatID":"","Components":"","MemberOf":"","DISPLAY_NAME":"Portuguese Colonies","ADMIN_NAME":"Portuguese Colonies","TERRITORIAL_STATUS":"sovereign","TERRITORIAL_STATUS_ZH":"独立政治实体","POLICY_NOTE":"按 ClioPatria 目标年份记录的实际控制几何显示","SOURCE_NAME":"Portuguese Colonies","WIKIPEDIA_URL":"https://en.wikipedia.org/wiki/Portuguese_Empire","WIKIDATA_URL":"https://www.wikidata.org/wiki/Q200464","SESHAT_URL":"","DATA_SOURCE":"ClioPatria ad28a691","LEADER":"领导人资料待补充","LEADER_SOURCE_URL":""},"geometry":{"type":"MultiPolygon","coordinates":[[[[123.80821228027344,-9.357477188110352],[123.94285583496094,-9.228901863098145],[124.3024673461914,-9.1646146774292],[124.37552642822266,-9.1646146774292],[124.25831604003906,-9.486052513122559],[123.96015930175781,-9.421764373779297],[123.8870849609375,-9.421764373779297],[123.80821228027344,-9.357477188110352]]],[[[125.2637939453125,-9.29318904876709],[124.99504089355469,-9.550339698791504],[124.92195892333984,-9.550339698791504],[124.82539367675781,-9.29318904876709],[125.03881072998047,-9.228901863098145],[125.02169036865234,-9.036039352416992],[124.80252838134766,-9.036039352416992],[124.7182846069336,-8.907464027404785],[124.71273803710938,-8.84317684173584],[125.19677734375,-8.52173900604248],[126.50582885742188,-8.457450866699219],[126.64117431640625,-8.328875541687012],[127.23064422607422,-8.393163681030273],[127.17391204833984,-8.586026191711426],[126.89839172363281,-8.778888702392578],[126.67927551269531,-8.778888702392578],[126.61746215820312,-8.907464027404785],[125.83672332763672,-9.1646146774292],[125.76366424560547,-9.1646146774292],[125.2637939453125,-9.29318904876709]]],[[[73.8575439453125,15.26467514038086],[73.86363220214844,15.328963279724121],[73.79009246826172,15.328963279724121],[73.79620361328125,15.393251419067383],[73.8023452758789,15.457538604736328],[74.10276794433594,15.52182674407959],[74.51935577392578,15.26467514038086],[74.55064392089844,14.81466007232666],[74.3125991821289,14.621796607971191],[74.23912811279297,14.621796607971191],[73.9189682006836,15.136098861694336],[73.92501068115234,15.200387001037598],[73.93107604980469,15.26467514038086],[73.8575439453125,15.26467514038086]]],[[[73.11994934082031,20.214815139770508],[73.1940689086914,20.214815139770508],[73.1801986694336,20.08624267578125],[72.89068603515625,20.150527954101562],[73.11994934082031,20.214815139770508]]],[[[113.63867950439453,22.143402099609375],[113.56431579589844,22.143402099609375],[113.48994445800781,22.143402099609375],[113.41557312011719,22.143402099609375],[113.4513931274414,22.33626365661621],[113.68661499023438,22.400548934936523],[113.67457580566406,22.33626365661621],[113.6625747680664,22.271976470947266],[113.6506118774414,22.20768928527832],[113.63867950439453,22.143402099609375]]]]}},{"type":"Feature","properties":{"Name":"Sokoto Caliphate","FromYear":1900,"ToYear":1904,"Area":792269.8006399085,"Type":"POLITY","Wikipedia":"Sokoto Caliphate","Wikidata":"Q600524","SeshatID":"","Components":"","MemberOf":"","DISPLAY_NAME":"Sokoto Caliphate","ADMIN_NAME":"Sokoto Caliphate","TERRITORIAL_STATUS":"sovereign","TERRITORIAL_STATUS_ZH":"独立政治实体","POLICY_NOTE":"按 ClioPatria 目标年份记录的实际控制几何显示","SOURCE_NAME":"Sokoto Caliphate","WIKIPEDIA_URL":"https://en.wikipedia.org/wiki/Sokoto_Caliphate","WIKIDATA_URL":"https://www.wikidata.org/wiki/Q600524","SESHAT_URL":"","DATA_SOURCE":"ClioPatria ad28a691","LEADER":"领导人资料待补充","LEADER_SOURCE_URL":""},"geometry":{"type":"Polygon","coordinates":[[[6.497803688049316,13.657480239868164],[6.644145011901855,13.464617729187012],[7.597208976745605,13.271754264831543],[7.817496776580811,13.336042404174805],[7.890347003936768,13.207467079162598],[8.110374450683594,13.207467079162598],[8.256487846374512,13.07889175415039],[8.476785659790039,13.143178939819336],[8.842806816101074,13.014603614807129],[8.915446281433105,12.886029243469238],[9.354960441589355,12.821741104125977],[9.648200988769531,12.821741104125977],[10.091033935546875,13.271754264831543],[10.678731918334961,13.40032958984375],[10.752090454101562,13.40032958984375],[11.851381301879883,13.271754264831543],[12.143057823181152,13.07889175415039],[12.58365249633789,13.143178939819336],[12.806138038635254,13.40032958984375],[13.245640754699707,13.336042404174805],[13.536355972290039,13.07889175415039],[13.824073791503906,12.564591407775879],[13.81625747680664,11.857428550720215],[13.889492988586426,11.857428550720215],[13.806816101074219,11.021690368652344],[14.237383842468262,10.314528465270996],[14.965373039245605,10.057377815246582],[15.036818504333496,9.928803443908691],[16.501651763916016,10.121665954589844],[16.50074005126953,10.057377815246582],[16.423072814941406,9.735940933227539],[16.27507209777832,9.607365608215332],[16.056713104248047,9.671652793884277],[15.834786415100098,9.478790283203125],[15.757265090942383,9.157352447509766],[15.536320686340332,9.028778076171875],[15.605806350708008,8.771627426147461],[15.45973014831543,8.771627426147461],[15.383140563964844,8.514476776123047],[14.72159194946289,8.193038940429688],[14.429560661315918,8.193038940429688],[13.984732627868652,7.678738594055176],[13.983014106750488,7.550163269042969],[12.950459480285645,6.714424133300781],[12.801158905029297,6.457273483276367],[12.581518173217773,6.392985820770264],[11.925185203552246,6.392985820770264],[11.490874290466309,6.650136470794678],[11.493273735046387,6.842999458312988],[11.713706970214844,6.971574783325195],[11.792950630187988,7.485875606536865],[11.648534774780273,7.614450931549072],[11.650806427001953,7.807313442230225],[11.359591484069824,7.871601104736328],[11.289508819580078,8.128751754760742],[10.630377769470215,7.935888767242432],[9.753772735595703,7.871601104736328],[9.60645866394043,7.743025779724121],[9.242182731628418,7.807313442230225],[8.8016939163208,7.550163269042969],[8.509788513183594,7.550163269042969],[7.56402063369751,7.871601104736328],[6.761648654937744,7.935888767242432],[6.76323127746582,8.128751754760742],[6.616705894470215,8.06446361541748],[6.6912522315979,8.25732707977295],[6.472714900970459,8.321614265441895],[6.402090072631836,8.643052101135254],[5.599173069000244,8.707340240478516],[5.159314632415771,8.450189590454102],[5.158020973205566,8.25732707977295],[4.937676906585693,8.06446361541748],[4.937229633331299,8.000176429748535],[4.353244781494141,8.000176429748535],[4.282286167144775,8.321614265441895],[4.064734935760498,8.578764915466309],[4.139853477478027,8.964489936828613],[4.212902069091797,8.964489936828613],[4.580484867095947,9.41450309753418],[4.72630786895752,9.350214958190918],[4.582281112670898,9.800228118896484],[4.584846019744873,10.443102836608887],[4.731811046600342,10.635965347290039],[4.732659339904785,10.893115997314453],[4.586325645446777,10.893115997314453],[4.514196395874023,11.278841018676758],[4.295023441314697,11.47170352935791],[4.295268535614014,11.6002779006958],[4.1488356590271,11.6002779006958],[3.856284618377686,11.857428550720215],[3.709753751754761,11.793140411376953],[3.636523246765137,11.793140411376953],[3.270430326461792,11.92171573638916],[3.123961210250854,12.178865432739258],[2.757538080215454,12.37172794342041],[2.757484197616577,12.436016082763672],[1.510764598846436,12.821741104125977],[1.290214776992798,13.014603614807129],[1.070465207099915,12.950316429138184],[1.070001006126404,13.07889175415039],[0.850006461143494,13.07889175415039],[0.849483549594879,13.207467079162598],[0.555820941925049,13.271754264831543],[0.187375074677111,13.593032977901492],[0.187729686498642,13.528904914855957],[0.114359691739082,13.528904914855957],[0.113998562097549,13.593193054199219],[0.040622930973768,13.593193054199219],[0.04024912416935,13.657480239868164],[0.113466264783765,13.657480239868164],[-0.107711620628834,13.850343704223633],[-0.108545988798141,13.97891902923584],[-0.255805999040604,14.043206214904785],[-0.184196636080742,14.300357818603516],[0.329021722078323,14.428933143615723],[0.991208553314209,14.236069679260254],[1.433067798614502,13.97891902923584],[2.827861070632935,13.97891902923584],[3.634526252746582,14.364645004272461],[3.854864358901978,14.364645004272461],[4.294837951660156,14.750371932983398],[4.515287399291992,14.750371932983398],[4.809035301208496,14.878947257995605],[5.029175281524658,15.136098861694336],[5.323190212249756,15.200387001037598],[5.470456123352051,14.943235397338867],[5.544062614440918,14.043206214904785],[6.057602882385254,13.721768379211426],[6.424422264099121,13.657480239868164],[6.497803688049316,13.657480239868164]],[[0.187191497465355,13.593193054199219],[0.113631252746851,13.657336373088363],[0.113998562097549,13.593193054199219],[0.187191497465355,13.593193054199219]]]}},{"type":"Feature","properties":{"Name":"Swaziland","FromYear":1900,"ToYear":1904,"Area":17047.66023435064,"Type":"POLITY","Wikipedia":"Eswatini","Wikidata":"Q1050","SeshatID":"","Components":"","MemberOf":"","DISPLAY_NAME":"Swaziland","ADMIN_NAME":"Swaziland","TERRITORIAL_STATUS":"sovereign","TERRITORIAL_STATUS_ZH":"独立政治实体","POLICY_NOTE":"按 ClioPatria 目标年份记录的实际控制几何显示","SOURCE_NAME":"Swaziland","WIKIPEDIA_URL":"https://en.wikipedia.org/wiki/Eswatini","WIKIDATA_URL":"https://www.wikidata.org/wiki/Q1050","SESHAT_URL":"","DATA_SOURCE":"ClioPatria ad28a691","LEADER":"领导人资料待补充","LEADER_SOURCE_URL":""},"geometry":{"type":"Polygon","coordinates":[[[31.593713760375977,-27.358179092407227],[31.518491744995117,-27.358179092407227],[31.443267822265625,-27.358179092407227],[30.98501205444336,-27.229597091674805],[30.978174209594727,-27.101015090942383],[30.824466705322266,-27.03672218322754],[30.71690559387207,-26.393798828125],[31.06411361694336,-25.815162658691406],[31.744779586791992,-25.943748474121094],[31.979326248168945,-26.136627197265625],[32.01644515991211,-26.843847274780273],[31.869680404663086,-26.908138275146484],[31.815771102905273,-27.293888092041016],[31.74056053161621,-27.293888092041016],[31.66535186767578,-27.293888092041016],[31.668935775756836,-27.358179092407227],[31.593713760375977,-27.358179092407227]]]}},{"type":"Feature","properties":{"Name":"Empire of Japan","FromYear":1900,"ToYear":1904,"Area":469273.43217469286,"Type":"POLITY","Wikipedia":"Empire of Japan","Wikidata":"Q188712","SeshatID":"jp_japanese_emp","Components":"","MemberOf":"","DISPLAY_NAME":"Empire of Japan","ADMIN_NAME":"Empire of Japan","TERRITORIAL_STATUS":"sovereign","TERRITORIAL_STATUS_ZH":"独立政治实体","POLICY_NOTE":"按 ClioPatria 目标年份记录的实际控制几何显示","SOURCE_NAME":"Empire of Japan","WIKIPEDIA_URL":"https://en.wikipedia.org/wiki/Empire_of_Japan","WIKIDATA_URL":"https://www.wikidata.org/wiki/Q188712","SESHAT_URL":"https://seshat-db.com/core/polity/jp_japanese_emp","DATA_SOURCE":"ClioPatria ad28a691","LEADER":"领导人资料待补充","LEADER_SOURCE_URL":""},"geometry":{"type":"MultiPolygon","coordinates":[[[[120.88876342773438,21.950544357299805],[120.66573333740234,21.950544357299805],[120.59334564208984,22.33626365661621],[120.4445571899414,22.33626365661621],[120.19844818115234,22.59341049194336],[120.1413345336914,23.043420791625977],[120.00564575195312,23.107707977294922],[120.12039184570312,23.30057144165039],[120.1697998046875,23.879167556762695],[120.34734344482422,24.00774574279785],[120.5234375,24.457773208618164],[120.9125747680664,24.843517303466797],[120.95889282226562,25.03639030456543],[121.47096252441406,25.29355812072754],[121.77032470703125,25.29355812072754],[122.00607299804688,25.03639030456543],[121.55017852783203,23.36486053466797],[121.53646850585938,23.30057144165039],[121.38095092773438,22.914846420288086],[121.004150390625,22.529123306274414],[120.88876342773438,21.950544357299805]]],[[[123.91453552246094,24.264904022216797],[123.83985900878906,24.264904022216797],[123.69050598144531,24.264904022216797],[123.72058868408203,24.393482208251953],[123.9598617553711,24.457773208618164],[123.91453552246094,24.264904022216797]]],[[[125.45743560791016,24.779226303100586],[125.4416275024414,24.714935302734375],[125.2173843383789,24.714935302734375],[125.26499938964844,24.907808303833008],[125.41455078125,24.907808303833008],[125.45743560791016,24.779226303100586]]],[[[127.90907287597656,26.386537551879883],[127.81761169433594,26.06507110595703],[127.6496810913086,26.000778198242188],[127.68396759033203,26.386537551879883],[127.87127685546875,26.515121459960938],[127.92787170410156,26.70800018310547],[128.17225646972656,26.772293090820312],[128.1914520263672,26.836584091186523],[128.41680908203125,26.836584091186523],[128.37844848632812,26.70800018310547],[127.90907287597656,26.386537551879883]]],[[[129.7377471923828,28.379535675048828],[129.34979248046875,28.12238883972168],[129.2744140625,28.12238883972168],[129.14501953125,28.186676025390625],[129.1880340576172,28.315250396728516],[129.8036346435547,28.572391510009766],[129.7377471923828,28.379535675048828]]],[[[130.7156219482422,30.436433792114258],[130.6905517578125,30.372163772583008],[130.6159210205078,30.179353713989258],[130.36204528808594,30.307893753051758],[130.43710327148438,30.500701904296875],[130.7156219482422,30.436433792114258]]],[[[129.99337768554688,32.557350158691406],[130.52867126464844,32.557350158691406],[130.3682861328125,32.36451721191406],[130.2918701171875,32.36451721191406],[130.1324920654297,32.171695709228516],[129.930908203125,32.23596954345703],[129.99337768554688,32.557350158691406]]],[[[128.929931640625,32.75019073486328],[128.76983642578125,32.557350158691406],[128.693359375,32.557350158691406],[128.56813049316406,32.62162780761719],[128.65182495117188,32.81447219848633],[128.88145446777344,32.81447219848633],[128.929931640625,32.75019073486328]]],[[[129.7266845703125,33.84315490722656],[129.80352783203125,33.84315490722656],[129.88037109375,33.84315490722656],[129.8212127685547,33.71455001831055],[129.59080505371094,33.71455001831055],[129.7266845703125,33.84315490722656]]],[[[129.33734130859375,34.164703369140625],[129.30746459960938,34.10039138793945],[129.10653686523438,34.164703369140625],[129.1664581298828,34.2933349609375],[129.3973846435547,34.2933349609375],[129.33734130859375,34.164703369140625]]],[[[129.45777893066406,34.42197799682617],[129.4275360107422,34.3576545715332],[129.22671508789062,34.42197799682617],[129.28733825683594,34.55062484741211],[129.4414520263672,34.55062484741211],[129.45777893066406,34.42197799682617]]],[[[117.64249420166016,38.8680305480957],[117.37390899658203,38.80344009399414],[117.34100341796875,38.738853454589844],[117.26253509521484,38.738853454589844],[117.36151123046875,38.93262481689453],[117.70903015136719,38.997230529785156],[117.64249420166016,38.8680305480957]]],[[[117.1922836303711,39.51427459716797],[117.15823364257812,39.449623107910156],[117.12430572509766,39.38497543334961],[117.04558563232422,39.38497543334961],[116.88814544677734,39.38497543334961],[117.05864715576172,39.70827102661133],[117.2264633178711,39.57893371582031],[117.1922836303711,39.51427459716797]]],[[[130.91854858398438,30.757776260375977],[131.1722869873047,30.822044372558594],[131.09532165527344,30.629240036010742],[131.0698699951172,30.564971923828125],[131.01927185058594,30.436433792114258],[130.81674194335938,30.500701904296875],[130.91854858398438,30.757776260375977]]],[[[133.36585998535156,36.2239875793457],[133.33229064941406,36.15959167480469],[133.09957885742188,36.15959167480469],[133.20040893554688,36.3527946472168],[133.4333038330078,36.3527946472168],[133.36585998535156,36.2239875793457]]],[[[141.96331787109375,39.449623107910156],[142.04205322265625,39.449623107910156],[141.8307647705078,38.997230529785156],[141.55166625976562,38.80344009399414],[141.6301727294922,38.80344009399414],[141.50706481933594,38.351463317871094],[141.07606506347656,38.28691864013672],[140.92002868652344,38.028785705566406],[140.9982452392578,38.028785705566406],[140.9209747314453,37.89975357055664],[141.038818359375,37.835243225097656],[140.9622344970703,37.706241607666016],[141.1203155517578,37.5772590637207],[141.0446014404297,37.44829177856445],[141.12530517578125,37.3193473815918],[140.78770446777344,36.8681755065918],[140.6114044189453,36.417205810546875],[140.68905639648438,36.417205810546875],[140.62376403808594,36.15959167480469],[140.74339294433594,36.09519577026367],[140.67269897460938,35.9664192199707],[140.91226196289062,35.837650299072266],[140.5404510498047,35.58015823364258],[140.4115447998047,35.194007873535156],[139.7021484375,34.87228775024414],[140.076171875,35.58015823364258],[139.95594787597656,35.644527435302734],[139.6979522705078,35.45143127441406],[139.78424072265625,35.32271194458008],[139.7162322998047,35.194007873535156],[139.20924377441406,35.258358001708984],[139.14170837402344,35.12965774536133],[139.22894287109375,35.00096893310547],[138.95233154296875,34.614952087402344],[138.6769561767578,34.679283142089844],[138.79920959472656,35.065311431884766],[138.42369079589844,34.93662643432617],[138.25863647460938,34.614952087402344],[137.2241668701172,34.55062484741211],[137.07005310058594,34.55062484741211],[137.2447509765625,34.743614196777344],[136.93629455566406,34.743614196777344],[136.72581481933594,34.93662643432617],[136.59535217285156,34.679283142089844],[136.794189453125,34.614952087402344],[136.97329711914062,34.3576545715332],[136.9092559814453,34.22901916503906],[136.447509765625,34.22901916503906],[135.8116912841797,33.393062591552734],[135.4124755859375,33.52165222167969],[135.35113525390625,33.71455001831055],[135.02882385253906,33.84315490722656],[135.15335083007812,34.10039138793945],[135.01678466796875,34.2933349609375],[135.3428955078125,34.48630142211914],[135.43890380859375,34.679283142089844],[135.20761108398438,34.679283142089844],[134.90834045410156,34.22901916503906],[134.72308349609375,34.164703369140625],[134.7064971923828,33.971771240234375],[134.7833709716797,33.971771240234375],[134.65989685058594,33.71455001831055],[134.368408203125,33.5859489440918],[134.2173614501953,33.26447677612305],[133.9873504638672,33.26447677612305],[133.8473358154297,33.45735549926758],[133.54042053222656,33.45735549926758],[133.16134643554688,33.13589859008789],[133.03335571289062,32.685909271240234],[132.6796875,32.75019073486328],[132.66111755371094,32.878753662109375],[132.43142700195312,32.878753662109375],[132.44229125976562,33.07160949707031],[132.3656768798828,33.07160949707031],[132.45388793945312,33.26447677612305],[132.30055236816406,33.26447677612305],[132.35975646972656,33.393062591552734],[132.02334594726562,33.32876968383789],[132.08258056640625,33.45735549926758],[132.55604553222656,33.65024948120117],[132.8765411376953,34.164703369140625],[133.03042602539062,34.164703369140625],[133.12266540527344,34.03607940673828],[133.50717163085938,34.03607940673828],[133.6311798095703,34.2933349609375],[134.2328338623047,34.42197799682617],[134.20138549804688,34.3576545715332],[134.63189697265625,34.2933349609375],[134.94435119628906,34.614952087402344],[134.46856689453125,34.743614196777344],[133.2462921142578,34.2933349609375],[132.3225555419922,34.2933349609375],[132.18563842773438,33.84315490722656],[131.90847778320312,33.90746307373047],[131.93878173828125,33.971771240234375],[131.0930938720703,33.971771240234375],[131.0971221923828,33.65024948120117],[131.81813049316406,33.71455001831055],[131.63987731933594,33.32876968383789],[132.0884552001953,33.13589859008789],[132.0010223388672,32.94303894042969],[132.0775909423828,32.94303894042969],[131.7806854248047,32.62162780761719],[131.5834197998047,32.171695709228516],[131.5216827392578,31.8503360748291],[131.59796142578125,31.8503360748291],[131.40859985351562,31.40045166015625],[131.1801300048828,31.40045166015625],[131.20314025878906,31.271915435791016],[130.79380798339844,31.014846801757812],[130.64169311523438,31.014846801757812],[130.72006225585938,31.20764923095703],[130.465576171875,31.143381118774414],[130.1374053955078,31.271915435791016],[130.2698211669922,31.593257904052734],[130.09951782226562,31.91460609436035],[130.2088623046875,32.171695709228516],[130.5211181640625,32.36451721191406],[130.56541442871094,32.81447219848633],[130.44082641601562,32.878753662109375],[130.327392578125,32.62162780761719],[130.09791564941406,32.62162780761719],[130.1543426513672,32.75019073486328],[130.0012969970703,32.75019073486328],[129.79196166992188,32.62162780761719],[129.6951904296875,32.75019073486328],[129.75177001953125,32.878753662109375],[129.6270294189453,32.94303894042969],[129.68408203125,33.07160949707031],[129.55947875976562,33.13589859008789],[129.61700439453125,33.26447677612305],[129.54034423828125,33.26447677612305],[129.5981903076172,33.393062591552734],[129.8283233642578,33.393062591552734],[129.91595458984375,33.5859489440918],[130.3292694091797,33.65024948120117],[130.4182586669922,33.84315490722656],[130.86244201660156,33.971771240234375],[130.87612915039062,34.164703369140625],[130.7991943359375,34.164703369140625],[130.9210968017578,34.42197799682617],[131.4140167236328,34.48630142211914],[131.4759063720703,34.614952087402344],[132.56336975097656,35.258358001708984],[132.69252014160156,35.51579284667969],[132.95718383789062,35.58015823364258],[133.46612548828125,35.51579284667969],[135.37876892089844,35.77327346801758],[135.27859497070312,35.58015823364258],[135.7095489501953,35.51579284667969],[136.0757598876953,35.77327346801758],[135.91094970703125,35.902034759521484],[136.00392150878906,36.2239875793457],[136.45286560058594,36.48161697387695],[136.70628356933594,36.80373764038086],[136.57949829101562,36.9970588684082],[136.651123046875,37.12596130371094],[136.57322692871094,37.12596130371094],[136.71775817871094,37.38381576538086],[137.373779296875,37.5772590637207],[137.15460205078125,37.1904182434082],[136.96270751953125,37.12596130371094],[137.12445068359375,36.9970588684082],[137.09519958496094,36.80373764038086],[137.25076293945312,36.80373764038086],[137.62759399414062,37.06150817871094],[138.51141357421875,37.38381576538086],[138.7726287841797,37.835243225097656],[139.31585693359375,38.09331130981445],[139.9501495361328,39.25570297241211],[139.87147521972656,39.25570297241211],[140.0403594970703,39.64360046386719],[139.8927459716797,39.90232849121094],[139.65597534179688,39.90232849121094],[139.99078369140625,40.29063034057617],[139.76853942871094,40.54964065551758],[139.89999389648438,40.74397277832031],[140.18199157714844,40.80876541137695],[140.3364715576172,41.26253128051758],[140.6885986328125,41.19768524169922],[140.91647338867188,41.521995544433594],[141.54078674316406,41.39224624633789],[141.4037322998047,41.19768524169922],[141.4832000732422,41.19768524169922],[141.3817138671875,40.93837356567383],[141.52999877929688,40.80876541137695],[141.4408416748047,40.6791877746582],[141.63412475585938,40.614410400390625],[141.6248779296875,40.4848747253418],[141.78318786621094,40.4848747253418],[141.8096466064453,40.29063034057617],[141.88873291015625,40.29063034057617],[142.06671142578125,39.9670295715332],[141.9744873046875,39.70827102661133],[142.08973693847656,39.64360046386719],[141.96331787109375,39.449623107910156]]],[[[138.14468383789062,37.96426773071289],[138.33529663085938,38.28691864013672],[138.6088104248047,38.351463317871094],[138.49343872070312,38.157840728759766],[138.61172485351562,38.09331130981445],[138.3819122314453,37.835243225097656],[138.34434509277344,37.7707405090332],[138.18809509277344,37.7707405090332],[138.26327514648438,37.89975357055664],[138.14468383789062,37.96426773071289]]],[[[143.79388427734375,44.18956756591797],[144.38902282714844,44.12431716918945],[144.3377685546875,44.05907440185547],[144.499267578125,44.05907440185547],[144.44805908203125,43.99384307861328],[144.85165405273438,43.99384307861328],[145.2422637939453,44.38538360595703],[145.40408325195312,44.38538360595703],[145.3292999267578,44.18956756591797],[145.4101104736328,44.18956756591797],[145.10133361816406,43.79821014404297],[145.40208435058594,43.6678352355957],[145.32980346679688,43.472347259521484],[145.4102783203125,43.472347259521484],[145.38929748535156,43.342071533203125],[145.5501251220703,43.342071533203125],[145.13771057128906,43.016544342041016],[143.9952392578125,42.88639831542969],[143.68736267089844,42.691246032714844],[143.23617553710938,41.97637939453125],[142.83718872070312,41.97637939453125],[142.88470458984375,42.041324615478516],[142.5008087158203,42.17123794555664],[142.5485382080078,42.236209869384766],[142.08460998535156,42.36617660522461],[142.10052490234375,42.496177673339844],[141.94046020507812,42.496177673339844],[141.98854064941406,42.56119155883789],[141.7483673095703,42.56119155883789],[141.79647827148438,42.62621307373047],[141.4281463623047,42.56119155883789],[140.9976043701172,42.30118942260742],[140.69253540039062,42.43117141723633],[140.70762634277344,42.56119155883789],[140.4674530029297,42.56119155883789],[140.32528686523438,42.36617660522461],[140.40524291992188,42.36617660522461],[140.3909454345703,42.236209869384766],[140.8232879638672,42.17123794555664],[140.7762908935547,42.10627746582031],[140.93600463867188,42.10627746582031],[140.8890838623047,42.041324615478516],[141.04872131347656,42.041324615478516],[141.0018768310547,41.97637939453125],[141.16146850585938,41.97637939453125],[141.1147003173828,41.911441802978516],[141.2275390625,41.84651184082031],[141.13453674316406,41.71668243408203],[140.57676696777344,41.71668243408203],[140.31362915039062,41.45711898803711],[139.949951171875,41.39224624633789],[139.9613037109375,41.521995544433594],[139.88169860839844,41.521995544433594],[140.12411499023438,41.97637939453125],[140.01100158691406,42.041324615478516],[140.0576171875,42.10627746582031],[139.8979034423828,42.10627746582031],[139.944580078125,42.17123794555664],[139.78482055664062,42.17123794555664],[139.76548767089844,42.36617660522461],[139.68553161621094,42.36617660522461],[139.96958923339844,42.75628662109375],[140.25787353515625,42.82133865356445],[140.4021453857422,43.016544342041016],[140.2260284423828,43.211830139160156],[140.3719940185547,43.407203674316406],[140.6937713623047,43.407203674316406],[140.64488220214844,43.342071533203125],[140.99803161621094,43.276947021484375],[140.94921875,43.211830139160156],[141.2706298828125,43.211830139160156],[141.3686065673828,43.342071533203125],[141.28819274902344,43.342071533203125],[141.38656616210938,43.472347259521484],[141.27490234375,43.53750228881836],[141.3242950439453,43.6026611328125],[141.24375915527344,43.6026611328125],[141.69276428222656,44.18956756591797],[141.61195373535156,44.18956756591797],[141.77435302734375,44.71194839477539],[141.48306274414062,45.169586181640625],[141.65943908691406,45.496795654296875],[142.03717041015625,45.56227111816406],[141.9852294921875,45.496795654296875],[142.25901794433594,45.431331634521484],[142.2366943359375,45.300437927246094],[142.39939880371094,45.300437927246094],[142.377197265625,45.169586181640625],[142.53976440429688,45.169586181640625],[142.5176544189453,45.03877639770508],[142.6800994873047,45.03877639770508],[142.687744140625,44.842647552490234],[142.84999084472656,44.842647552490234],[142.7985076904297,44.77729415893555],[142.960693359375,44.77729415893555],[142.9388885498047,44.64661407470703],[143.21157836914062,44.58129119873047],[143.1602325439453,44.5159797668457],[143.62416076660156,44.38538360595703],[143.57289123535156,44.32010269165039],[143.84507751464844,44.25482940673828],[143.79388427734375,44.18956756591797]]],[[[146.68502807617188,43.86341094970703],[146.73692321777344,43.92862319946289],[146.97898864746094,43.92862319946289],[146.74276733398438,43.73301696777344],[146.5009765625,43.73301696777344],[146.68502807617188,43.86341094970703]]],[[[145.5338134765625,43.73301696777344],[145.29202270507812,43.73301696777344],[146.0750732421875,44.5159797668457],[146.12754821777344,44.58129119873047],[146.50831604003906,44.45067596435547],[145.73956298828125,43.99384307861328],[145.5338134765625,43.73301696777344]]],[[[148.17510986328125,45.300437927246094],[148.63677978515625,45.56227111816406],[148.9626922607422,45.56227111816406],[148.79893493652344,45.36587905883789],[147.60867309570312,44.908016204833984],[147.12765502929688,44.5159797668457],[146.7794647216797,44.38538360595703],[146.85653686523438,44.58129119873047],[146.90939331054688,44.64661407470703],[147.44444274902344,45.10417556762695],[147.7957763671875,45.23500442504883],[147.87646484375,45.431331634521484],[148.17510986328125,45.300437927246094]]],[[[141.32049560546875,45.169586181640625],[141.26927185058594,45.10417556762695],[141.0255126953125,45.10417556762695],[141.17916870117188,45.300437927246094],[141.3418731689453,45.300437927246094],[141.32049560546875,45.169586181640625]]],[[[149.8945770263672,46.08650588989258],[150.30816650390625,46.283294677734375],[150.55368041992188,46.283294677734375],[150.49732971191406,46.21768569946289],[149.80625915527344,45.693260192871094],[149.3700714111328,45.56227111816406],[149.50894165039062,45.82429504394531],[149.8945770263672,46.08650588989258]]],[[[151.9566650390625,47.13737487792969],[152.0389404296875,47.13737487792969],[152.34446716308594,47.20316696166992],[151.83023071289062,46.808616638183594],[151.58392333984375,46.808616638183594],[151.9566650390625,47.13737487792969]]],[[[154.89608764648438,49.64793395996094],[154.73495483398438,49.316287994384766],[154.41970825195312,49.2500114440918],[154.81243896484375,49.64793395996094],[154.89608764648438,49.64793395996094]]],[[[155.1659393310547,50.2459831237793],[155.08193969726562,50.2459831237793],[155.2189483642578,50.37908172607422],[155.54017639160156,50.445655822753906],[155.74871826171875,50.64549255371094],[155.8187255859375,50.71213912963867],[156.5366668701172,50.912200927734375],[155.83790588378906,50.2459831237793],[155.1299591064453,50.04647445678711],[155.1659393310547,50.2459831237793]]]]}},{"type":"Feature","properties":{"Name":"Italian Africa","FromYear":1900,"ToYear":1911,"Area":587265.8115111644,"Type":"POLITY","Wikipedia":"Italian Empire","Wikidata":"Q926295","SeshatID":"","Components":"","MemberOf":"","DISPLAY_NAME":"Italian Africa","ADMIN_NAME":"Italian Africa","TERRITORIAL_STATUS":"sovereign","TERRITORIAL_STATUS_ZH":"独立政治实体","POLICY_NOTE":"按 ClioPatria 目标年份记录的实际控制几何显示","SOURCE_NAME":"Italian Africa","WIKIPEDIA_URL":"https://en.wikipedia.org/wiki/Italian_Empire","WIKIDATA_URL":"https://www.wikidata.org/wiki/Q926295","SESHAT_URL":"","DATA_SOURCE":"ClioPatria ad28a691","LEADER":"领导人资料待补充","LEADER_SOURCE_URL":""},"geometry":{"type":"MultiPolygon","coordinates":[[[[50.94806671142578,10.314528465270996],[50.831058502197266,9.285927772521973],[50.371917724609375,8.771627426147461],[50.203346252441406,8.193038940429688],[49.82863235473633,7.935888767242432],[49.81439971923828,7.550163269042969],[49.203407287597656,6.778711795806885],[48.87750244140625,5.750109672546387],[48.72964096069336,5.685822010040283],[48.648597717285156,5.428671360015869],[48.12063980102539,4.850082874298096],[47.88682174682617,4.335781574249268],[47.063690185546875,3.564330101013184],[47.060157775878906,3.435754776000977],[46.689056396484375,3.178604364395142],[46.68561553955078,3.050029039382935],[45.86627197265625,2.342865228652954],[45.72066116333008,2.342865228652954],[45.49577713012695,2.085714817047119],[44.38966751098633,1.507126569747925],[43.27535629272461,0.542813181877136],[43.27243423461914,0.414238125085831],[42.902767181396484,0.15708801150322],[42.91486740112305,0.028512962162495],[42.12020492553711,-0.742937445640564],[42.12131118774414,-0.871512532234192],[41.8313102722168,-1.00008761882782],[41.833641052246094,-1.257237911224365],[41.54615783691406,-1.642963409423828],[41.473365783691406,-1.642963409423828],[40.88401794433594,-0.871512532234192],[40.928016662597656,2.857166290283203],[41.30010986328125,3.178604364395142],[41.75687789916992,3.950055837631226],[42.12790298461914,4.207206249237061],[42.7852897644043,4.271493911743164],[43.45695877075195,4.850082874298096],[44.768619537353516,4.850082874298096],[45.063812255859375,4.978658199310303],[45.36857604980469,5.428671360015869],[45.59110641479492,5.557246685028076],[45.595001220703125,5.685822010040283],[46.1942024230957,6.200123310089111],[46.198280334472656,6.328698635101318],[47.324310302734375,7.293012619018555],[47.328739166259766,7.421587944030762],[47.85315704345703,7.807313442230225],[47.85776901245117,7.935888767242432],[48.2345085144043,8.25732707977295],[48.24168014526367,8.450189590454102],[48.69451904296875,8.835914611816406],[49.06222915649414,8.900202751159668],[49.44538116455078,9.350214958190918],[49.437564849853516,10.893115997314453],[49.23823547363281,11.343128204345703],[49.311431884765625,11.343128204345703],[49.686336517333984,11.535990715026855],[50.275062561035156,11.6002779006958],[50.58653259277344,11.986002922058105],[51.242557525634766,11.92171573638916],[51.30320358276367,11.664566040039062],[51.135318756103516,11.214552879333496],[51.176048278808594,10.507390975952148],[51.02119445800781,10.314528465270996],[50.94806671142578,10.314528465270996]]],[[[39.53190612792969,15.586114883422852],[39.743446350097656,15.393251419067383],[39.73439025878906,15.200387001037598],[39.807918548583984,15.200387001037598],[39.82310485839844,15.52182674407959],[39.97023010253906,15.52182674407959],[40.310516357421875,14.943235397338867],[40.68106460571289,15.007523536682129],[40.81596755981445,14.750371932983398],[41.32428741455078,14.621796607971191],[41.5267333984375,14.236069679260254],[41.6706428527832,14.171781539916992],[41.664764404296875,14.043206214904785],[42.378360748291016,13.593193054199219],[42.43741226196289,13.271754264831543],[42.5841064453125,13.271754264831543],[42.86052703857422,12.886029243469238],[43.15378952026367,12.886029243469238],[43.221492767333984,12.757453918457031],[43.21870422363281,12.69316577911377],[42.99604415893555,12.628878593444824],[42.76530075073242,12.37172794342041],[42.4015998840332,12.436016082763672],[42.18980407714844,12.628878593444824],[42.195220947265625,12.757453918457031],[41.274925231933594,13.528904914855957],[41.280540466308594,13.657480239868164],[40.28696823120117,14.428933143615723],[39.187992095947266,14.493220329284668],[39.04669952392578,14.621796607971191],[38.744476318359375,14.428933143615723],[38.52411651611328,14.428933143615723],[37.952884674072266,14.81466007232666],[37.63210678100586,14.171781539916992],[37.414432525634766,14.236069679260254],[37.34888458251953,14.428933143615723],[37.04985809326172,14.300357818603516],[36.60921859741211,14.300357818603516],[36.49644470214844,15.136098861694336],[36.651676177978516,15.328963279724121],[36.90909957885742,16.16470718383789],[37.06218719482422,16.293283462524414],[37.0120735168457,16.807586669921875],[37.168453216552734,17.000450134277344],[37.38962936401367,17.000450134277344],[37.54316329956055,17.129026412963867],[37.70293045043945,17.38617706298828],[38.530277252197266,17.707616806030273],[38.690711975097656,17.964767456054688],[38.76455307006836,17.964767456054688],[39.40629959106445,16.036130905151367],[39.403194427490234,15.971842765808105],[39.53190612792969,15.586114883422852]]],[[[39.98891830444336,15.907554626464844],[40.13612365722656,15.907554626464844],[40.338035583496094,15.52182674407959],[39.97331619262695,15.586114883422852],[39.979522705078125,15.714691162109375],[39.982643127441406,15.77897834777832],[39.98891830444336,15.907554626464844]]]]}},{"type":"Feature","properties":{"Name":"Russian Empire","FromYear":1900,"ToYear":1904,"Area":23074979.9043066,"Type":"POLITY","Wikipedia":"Russian Empire","Wikidata":"Q34266","SeshatID":"ru_romanov_dyn_2","Components":"","MemberOf":"","DISPLAY_NAME":"Russian Empire","ADMIN_NAME":"Russian Empire","TERRITORIAL_STATUS":"sovereign","TERRITORIAL_STATUS_ZH":"独立政治实体","POLICY_NOTE":"按 ClioPatria 目标年份记录的实际控制几何显示","SOURCE_NAME":"Russian Empire","WIKIPEDIA_URL":"https://en.wikipedia.org/wiki/Russian_Empire","WIKIDATA_URL":"https://www.wikidata.org/wiki/Q34266","SESHAT_URL":"https://seshat-db.com/core/polity/ru_romanov_dyn_2","DATA_SOURCE":"ClioPatria ad28a691","LEADER":"领导人资料待补充","LEADER_SOURCE_URL":""},"geometry":{"type":"MultiPolygon","coordinates":[[[[36.37263107299805,45.10417556762695],[35.87525939941406,45.03877639770508],[35.732418060302734,45.169586181640625],[35.40727996826172,45.169586181640625],[35.297096252441406,44.973392486572266],[34.376285552978516,44.77729415893555],[33.92564392089844,44.45067596435547],[33.52096176147461,44.45067596435547],[33.46652603149414,44.64661407470703],[33.54755401611328,44.64661407470703],[33.61005401611328,45.10417556762695],[32.92236328125,45.431331634521484],[32.59671401977539,45.431331634521484],[33.03901290893555,45.693260192871094],[33.70957565307617,45.82429504394531],[33.73704528808594,46.02093505859375],[34.15492630004883,46.08650588989258],[34.544586181640625,45.95537567138672],[34.74187088012695,45.62776184082031],[34.82337951660156,45.62776184082031],[34.98639678955078,45.62776184082031],[35.01994323730469,45.300437927246094],[36.42308807373047,45.431331634521484],[36.37263107299805,45.10417556762695]]],[[[29.57703399658203,45.36587905883789],[29.58445930480957,45.431331634521484],[29.66587257385254,45.431331634521484],[29.658414840698242,45.36587905883789],[29.57703399658203,45.36587905883789]]],[[[53.16569900512695,45.95537567138672],[53.08402633666992,45.95537567138672],[53.100955963134766,46.02093505859375],[53.18265914916992,46.02093505859375],[53.16569900512695,45.95537567138672]]],[[[22.252349853515625,58.66725540161133],[23.23394203186035,58.59769821166992],[23.119043350219727,58.38920593261719],[22.287872314453125,58.180992126464844],[22.078466415405273,57.903804779052734],[21.899707794189453,57.903804779052734],[22.01906394958496,58.180992126464844],[21.929460525512695,58.180992126464844],[21.847291946411133,58.2503662109375],[21.877241134643555,58.528167724609375],[22.146902084350586,58.528167724609375],[22.252349853515625,58.66725540161133]]],[[[22.201353073120117,59.015533447265625],[22.488330841064453,59.15507125854492],[22.841659545898438,59.08528518676758],[22.898815155029297,58.80647277832031],[22.710458755493164,58.73685073852539],[22.620399475097656,58.73685073852539],[22.350223541259766,58.73685073852539],[22.36603355407715,58.876129150390625],[22.185684204101562,58.876129150390625],[22.201353073120117,59.015533447265625]]],[[[19.951000213623047,60.065250396728516],[19.683900833129883,60.135501861572266],[19.696849822998047,60.276100158691406],[19.703351974487305,60.34645080566406],[19.71640968322754,60.48725891113281],[20.167306900024414,60.416839599609375],[20.146883010864258,60.20578384399414],[19.951000213623047,60.065250396728516]]],[[[35.4595832824707,65.22367095947266],[35.555599212646484,65.22367095947266],[35.65161895751953,65.22367095947266],[36.13170623779297,65.22367095947266],[36.09128952026367,65.07727813720703],[35.49639892578125,65.004150390625],[35.4595832824707,65.22367095947266]]],[[[48.61397171020508,69.5640869140625],[49.52073669433594,69.5640869140625],[49.48503494262695,69.487548828125],[50.31840515136719,69.33467864990234],[50.210609436035156,69.10584259033203],[50.01017761230469,69.10584259033203],[49.70427703857422,68.87757110595703],[48.83641815185547,68.7257080078125],[48.73664093017578,68.7257080078125],[48.3375244140625,68.7257080078125],[48.37113952636719,68.8016128540039],[48.10503005981445,68.87757110595703],[48.242610931396484,69.41107940673828],[48.61397171020508,69.5640869140625]]],[[[78.56703186035156,72.84458923339844],[78.46212005615234,72.84458923339844],[78.609130859375,73.00454711914062],[79.17945098876953,73.1648941040039],[79.66053009033203,73.00454711914062],[79.58567810058594,72.92451477050781],[79.51129913330078,72.84458923339844],[79.3638916015625,72.68501281738281],[78.73570251464844,72.68501281738281],[78.80852508544922,72.76475524902344],[78.49409484863281,72.76475524902344],[78.56703186035156,72.84458923339844]]],[[[74.71952819824219,73.2452163696289],[74.64879608154297,73.1648941040039],[74.75415802001953,73.1648941040039],[74.58014678955078,72.84458923339844],[74.0191650390625,72.92451477050781],[74.08811950683594,73.00454711914062],[73.98297882080078,73.00454711914062],[74.1219711303711,73.1648941040039],[74.4030990600586,73.2452163696289],[74.71952819824219,73.2452163696289]]],[[[75.53680419921875,73.56752014160156],[75.61048126220703,73.64835357666016],[76.03469848632812,73.64835357666016],[75.70802307128906,73.40616607666016],[75.39090728759766,73.40616607666016],[75.53680419921875,73.56752014160156]]],[[[64.48810577392578,75.78911590576172],[64.41603088378906,75.70527648925781],[63.651329040527344,75.70527648925781],[63.29273223876953,75.53797912597656],[62.420989990234375,75.53797912597656],[61.67510986328125,75.28799438476562],[61.240867614746094,75.28799438476562],[60.958534240722656,75.20491790771484],[60.82958984375,75.03912353515625],[60.505104064941406,75.03912353515625],[60.147029876708984,74.70895385742188],[59.22560501098633,74.62670135498047],[58.999141693115234,74.46253967285156],[58.78461456298828,74.46253967285156],[58.61021423339844,74.2171401977539],[58.396427154541016,74.2171401977539],[57.90266799926758,73.8103256225586],[57.421539306640625,73.56752014160156],[57.20966339111328,73.56752014160156],[56.945796966552734,73.32563781738281],[56.73461151123047,73.32563781738281],[56.36997985839844,73.08467102050781],[55.948974609375,73.08467102050781],[55.8989372253418,73.00454711914062],[56.319496154785156,73.00454711914062],[56.2194938659668,72.84458923339844],[55.750732421875,72.76475524902344],[55.605289459228516,72.52581787109375],[55.50080871582031,72.52581787109375],[55.40553283691406,72.36699676513672],[55.566646575927734,72.2877197265625],[55.4260368347168,72.05043029785156],[55.52988052368164,72.05043029785156],[55.48344802856445,71.97151184082031],[55.587188720703125,71.97151184082031],[55.656005859375,71.73527526855469],[55.86287307739258,71.73527526855469],[55.81695556640625,71.65669250488281],[55.9202880859375,71.65669250488281],[55.87451934814453,71.57820129394531],[55.97774887084961,71.57820129394531],[55.932125091552734,71.49979400634766],[56.035255432128906,71.49979400634766],[56.10518264770508,71.26505279541016],[56.47113037109375,71.18696594238281],[56.425987243652344,71.10896301269531],[56.73388671875,71.10896301269531],[56.68867874145508,71.0310287475586],[57.6223258972168,70.87539672851562],[57.48642349243164,70.64251708984375],[56.46590805053711,70.64251708984375],[56.51003646850586,70.7200698852539],[56.40789031982422,70.7200698852539],[56.32002639770508,70.5650405883789],[55.912200927734375,70.5650405883789],[55.955650329589844,70.64251708984375],[55.28426742553711,70.7200698852539],[55.09654998779297,70.5650405883789],[54.79068374633789,70.5650405883789],[54.83308029174805,70.64251708984375],[54.42487335205078,70.64251708984375],[54.46709060668945,70.7200698852539],[53.85420608520508,70.7200698852539],[53.89604187011719,70.79769897460938],[53.48706817626953,70.79769897460938],[53.59465789794922,71.18696594238281],[53.38919448852539,71.18696594238281],[53.37129592895508,71.34321594238281],[53.165435791015625,71.34321594238281],[53.250755310058594,71.49979400634766],[53.00192642211914,71.42146301269531],[52.95957565307617,71.34321594238281],[53.18373489379883,71.18696594238281],[53.09996032714844,71.0310287475586],[52.853511810302734,70.95317840576172],[52.83384323120117,71.10896301269531],[52.628578186035156,71.10896301269531],[52.67007827758789,71.18696594238281],[52.19763946533203,71.26505279541016],[52.42572021484375,71.49979400634766],[51.497554779052734,71.49979400634766],[51.415225982666016,71.73527526855469],[51.31179428100586,71.73527526855469],[51.353458404541016,71.81393432617188],[51.24992370605469,71.81393432617188],[51.565372467041016,72.20853424072266],[52.1897087097168,72.20853424072266],[52.14620590209961,72.12944030761719],[52.25015640258789,72.12944030761719],[52.7703857421875,72.68501281738281],[52.246891021728516,72.68501281738281],[52.337528228759766,72.84458923339844],[53.06016540527344,73.00454711914062],[53.250099182128906,73.32563781738281],[54.14402770996094,73.40616607666016],[54.24342346191406,73.56752014160156],[53.657310485839844,73.64835357666016],[53.70151901245117,73.89147186279297],[54.49802017211914,73.97272491455078],[55.02938461303711,74.298828125],[55.24341583251953,74.298828125],[55.625999450683594,74.70895385742188],[56.113460540771484,74.79132080078125],[56.28678894042969,75.03912353515625],[55.74597930908203,75.03912353515625],[56.089473724365234,75.3711929321289],[56.19816970825195,75.3711929321289],[56.13852310180664,75.28799438476562],[56.46420669555664,75.28799438476562],[56.40461349487305,75.20491790771484],[56.72989273071289,75.20491790771484],[56.91124725341797,75.45452117919922],[57.56423568725586,75.45452117919922],[57.68906784057617,75.6215591430664],[57.90727615356445,75.6215591430664],[58.143890380859375,75.78911590576172],[58.5814208984375,75.78911590576172],[59.32687759399414,76.04146575927734],[60.2053337097168,76.04146575927734],[60.452430725097656,76.21038818359375],[60.93330001831055,76.1258544921875],[61.25392532348633,76.37987518310547],[63.057289123535156,76.29505920410156],[63.13047790527344,76.37987518310547],[64.23432922363281,76.37987518310547],[65.34791564941406,76.63520812988281],[65.90205383300781,76.63520812988281],[66.25065612792969,76.89189147949219],[66.96963500976562,77.06378936767578],[68.75502014160156,77.06378936767578],[68.6710205078125,76.9777603149414],[69.14395141601562,76.89189147949219],[68.9770736694336,76.72061920166016],[69.08805084228516,76.72061920166016],[69.03369140625,76.5499496459961],[67.82874298095703,76.21038818359375],[67.7186508178711,76.21038818359375],[66.38843536376953,75.95721435546875],[65.8401107788086,75.95721435546875],[65.76544952392578,75.87310028076172],[64.48810577392578,75.78911590576172]]],[[[84.54669952392578,74.38063049316406],[84.42078399658203,74.46253967285156],[84.5097885131836,74.54456329345703],[84.9219970703125,74.62670135498047],[84.65383911132812,74.38063049316406],[84.54669952392578,74.38063049316406]]],[[[86.10467529296875,74.62670135498047],[85.7821273803711,74.62670135498047],[86.05934143066406,74.8738021850586],[86.59884643554688,74.8738021850586],[86.21218872070312,74.62670135498047],[86.10467529296875,74.62670135498047]]],[[[85.41193389892578,74.8738021850586],[85.51983642578125,74.8738021850586],[85.62773895263672,74.8738021850586],[85.44327545166016,74.70895385742188],[85.1203384399414,74.70895385742188],[85.41193389892578,74.8738021850586]]],[[[82.19303894042969,75.28799438476562],[81.75879669189453,75.28799438476562],[81.9423599243164,75.45452117919922],[82.03514862060547,75.53797912597656],[82.36205291748047,75.53797912597656],[82.26885223388672,75.45452117919922],[82.377685546875,75.45452117919922],[82.19303894042969,75.28799438476562]]],[[[97.01876831054688,76.37987518310547],[97.1375503540039,76.46484375],[97.35861206054688,76.46484375],[97.00373077392578,76.21038818359375],[96.5571517944336,76.1258544921875],[97.01876831054688,76.37987518310547]]],[[[97.84268951416016,76.8061752319336],[97.70993041992188,76.63520812988281],[97.58914947509766,76.5499496459961],[97.36779022216797,76.5499496459961],[97.48827362060547,76.63520812988281],[97.37744140625,76.63520812988281],[97.62042999267578,76.8061752319336],[97.84268951416016,76.8061752319336]]],[[[95.52639770507812,76.9777603149414],[96.0033950805664,77.23632049560547],[96.91109466552734,77.32283020019531],[96.41786193847656,76.9777603149414],[95.63783264160156,76.9777603149414],[95.52639770507812,76.9777603149414]]],[[[89.6233139038086,77.14997863769531],[89.5115737915039,77.14997863769531],[89.17635345458984,77.14997863769531],[89.51825714111328,77.40950012207031],[89.96709442138672,77.40950012207031],[89.6233139038086,77.14997863769531]]],[[[117.79876708984375,39.320335388183594],[117.7200698852539,39.320335388183594],[117.57378387451172,39.19107437133789],[117.33784484863281,39.19107437133789],[117.40528869628906,39.320335388183594],[117.32659149169922,39.320335388183594],[117.36046600341797,39.38497543334961],[117.39447021484375,39.449623107910156],[117.42859649658203,39.51427459716797],[117.6649169921875,39.51427459716797],[117.79876708984375,39.320335388183594]]],[[[117.3840560913086,39.57893371582031],[117.30525970458984,39.57893371582031],[117.33958435058594,39.64360046386719],[117.41841125488281,39.64360046386719],[117.49723052978516,39.64360046386719],[117.46285247802734,39.57893371582031],[117.42859649658203,39.51427459716797],[117.3498306274414,39.51427459716797],[117.3840560913086,39.57893371582031]]],[[[144.46795654296875,48.852684020996094],[144.384765625,48.852684020996094],[144.58677673339844,48.98506164550781],[144.6700439453125,48.98506164550781],[144.61048889160156,48.91886520385742],[144.741455078125,48.786521911621094],[144.62351989746094,48.654239654541016],[144.45736694335938,48.654239654541016],[144.46795654296875,48.852684020996094]]],[[[143.33486938476562,52.653533935546875],[143.43621826171875,52.586299896240234],[143.0911102294922,52.250450134277344],[143.19317626953125,52.18334197998047],[143.07427978515625,51.98215103149414],[143.2444305419922,51.98215103149414],[143.19430541992188,51.84812545776367],[143.36428833007812,51.84812545776367],[143.2298126220703,51.71418380737305],[143.39962768554688,51.71418380737305],[143.3507080078125,51.580322265625],[143.5203399658203,51.580322265625],[143.40574645996094,51.37968063354492],[143.57513427734375,51.37968063354492],[143.509033203125,51.31283950805664],[143.5936737060547,51.31283950805664],[143.52777099609375,51.24601745605469],[143.6123809814453,51.24601745605469],[143.54664611816406,51.17921447753906],[143.63121032714844,51.17921447753906],[143.565673828125,51.112430572509766],[143.65020751953125,51.112430572509766],[143.58485412597656,51.04566955566406],[143.66934204101562,51.04566955566406],[143.60418701171875,50.97892379760742],[143.68861389160156,50.97892379760742],[143.70301818847656,50.64549255371094],[143.87149047851562,50.64549255371094],[143.80743408203125,50.578861236572266],[143.89163208007812,50.578861236572266],[143.8277587890625,50.51224899291992],[143.9119110107422,50.51224899291992],[143.84823608398438,50.445655822753906],[143.93235778808594,50.445655822753906],[143.86888122558594,50.37908172607422],[143.95294189453125,50.37908172607422],[143.88966369628906,50.312522888183594],[143.97369384765625,50.312522888183594],[143.9105987548828,50.2459831237793],[143.99459838867188,50.2459831237793],[143.93170166015625,50.17946243286133],[144.01565551757812,50.17946243286133],[143.95294189453125,50.11296081542969],[144.036865234375,50.11296081542969],[143.97434997558594,50.04647445678711],[144.0582275390625,50.04647445678711],[143.99591064453125,49.98000717163086],[144.07974243164062,49.98000717163086],[144.0176239013672,49.91355895996094],[144.10142517089844,49.91355895996094],[144.0395050048828,49.84712600708008],[144.12326049804688,49.84712600708008],[144.0615234375,49.78071212768555],[144.14524841308594,49.78071212768555],[144.0836944580078,49.71431350708008],[144.16737365722656,49.71431350708008],[144.10601806640625,49.64793395996094],[144.18966674804688,49.64793395996094],[144.2429656982422,49.2500114440918],[144.4330291748047,49.18375015258789],[144.14666748046875,49.051273345947266],[144.20635986328125,49.11750411987305],[143.93275451660156,49.18375015258789],[143.99270629882812,49.2500114440918],[143.36183166503906,49.38258361816406],[142.9562530517578,49.11750411987305],[143.0395965576172,49.11750411987305],[142.8872833251953,48.852684020996094],[142.97048950195312,48.852684020996094],[142.6482391357422,48.38986587524414],[142.73117065429688,48.38986587524414],[142.49972534179688,47.92780685424805],[142.58241271972656,47.92780685424805],[142.63351440429688,47.598209381103516],[142.7985382080078,47.598209381103516],[142.74302673339844,47.53233337402344],[142.90797424316406,47.53233337402344],[142.87966918945312,47.4006233215332],[143.04449462890625,47.4006233215332],[143.0995330810547,46.87434005737305],[143.51022338867188,46.87434005737305],[143.48350524902344,46.74290466308594],[143.6490936279297,46.54585266113281],[143.54127502441406,46.414546966552734],[143.62318420410156,46.414546966552734],[143.4622802734375,46.21768569946289],[143.29867553710938,46.21768569946289],[143.37747192382812,46.414546966552734],[143.18544006347656,46.480194091796875],[143.23924255371094,46.54585266113281],[142.66546630859375,46.54585266113281],[142.69094848632812,46.677207946777344],[142.52688598632812,46.677207946777344],[142.0535430908203,45.889827728271484],[141.8902587890625,45.889827728271484],[141.7394256591797,46.414546966552734],[141.65753173828125,46.414546966552734],[142.00173950195312,47.13737487792969],[141.808349609375,47.4006233215332],[141.89089965820312,47.598209381103516],[141.80838012695312,47.598209381103516],[142.08627319335938,47.92780685424805],[142.0035858154297,47.92780685424805],[142.14590454101562,48.191749572753906],[142.0107421875,48.323814392089844],[142.0676727294922,48.38986587524414],[141.90179443359375,48.38986587524414],[141.8310089111328,48.786521911621094],[141.7478485107422,48.786521911621094],[141.99072265625,49.2500114440918],[141.9073028564453,49.2500114440918],[142.00209045410156,49.44889450073242],[141.91856384277344,49.44889450073242],[142.0902557373047,49.91355895996094],[141.9613037109375,50.04647445678711],[142.0846710205078,50.17946243286133],[141.93515014648438,50.37908172607422],[141.95513916015625,50.578861236572266],[141.87094116210938,50.578861236572266],[142.148681640625,51.04566955566406],[142.00485229492188,51.24601745605469],[142.0315399169922,51.44654083251953],[141.75819396972656,51.51342010498047],[141.80517578125,51.64724349975586],[141.6354522705078,51.64724349975586],[141.6829833984375,51.78114318847656],[141.51309204101562,51.78114318847656],[141.54293823242188,51.98215103149414],[141.45787048339844,51.98215103149414],[141.64187622070312,52.250450134277344],[141.53912353515625,52.31757736206055],[141.84823608398438,52.78806686401367],[141.73019409179688,52.92268753051758],[141.78404235839844,53.057395935058594],[141.69825744628906,53.057395935058594],[141.75270080566406,53.192195892333984],[141.6668243408203,53.192195892333984],[141.80783081054688,53.32708740234375],[141.72186279296875,53.32708740234375],[142.0924530029297,53.597137451171875],[142.36541748046875,53.52959060668945],[142.29396057128906,53.462066650390625],[142.53762817382812,53.52959060668945],[142.4370880126953,53.597137451171875],[142.65338134765625,53.799922943115234],[142.5394744873047,53.93522644042969],[142.61228942871094,54.00291442871094],[142.4394073486328,54.00291442871094],[142.49896240234375,54.138362884521484],[142.31253051757812,54.20612335205078],[142.69412231445312,54.47740173339844],[142.86767578125,54.47740173339844],[142.8062286376953,54.341712951660156],[143.07896423339844,54.27390670776367],[142.88504028320312,53.93522644042969],[143.0712890625,53.86756134033203],[143.04017639160156,53.597137451171875],[143.21249389648438,53.597137451171875],[143.14039611816406,53.52959060668945],[143.24066162109375,53.462066650390625],[143.0260772705078,53.25962829589844],[143.1120147705078,53.25962829589844],[143.05580139160156,53.124786376953125],[143.14163208007812,53.124786376953125],[143.0860137939453,52.99003219604492],[143.34324645996094,52.99003219604492],[143.30352783203125,52.78806686401367],[143.47474670410156,52.78806686401367],[143.33486938476562,52.653533935546875]]],[[[167.68699645996094,54.545284271240234],[167.77548217773438,54.613189697265625],[167.2574462890625,54.74907684326172],[167.4376220703125,54.95309066772461],[167.87074279785156,54.88506317138672],[167.78138732910156,54.817054748535156],[167.95542907714844,54.817054748535156],[167.86624145507812,54.74907684326172],[168.03807067871094,54.681121826171875],[167.68699645996094,54.545284271240234]]],[[[137.96275329589844,55.089229583740234],[138.1513671875,55.021148681640625],[137.63052368164062,54.613189697265625],[137.73260498046875,54.545284271240234],[137.58987426757812,54.4095458984375],[137.4164276123047,54.4095458984375],[137.5436553955078,54.613189697265625],[137.3546142578125,54.681121826171875],[137.41134643554688,54.817054748535156],[137.15028381347656,54.817054748535156],[137.22227478027344,54.88506317138672],[137.1352081298828,54.88506317138672],[137.49790954589844,55.225467681884766],[138.02182006835938,55.225467681884766],[137.96275329589844,55.089229583740234]]],[[[137.17779541015625,55.089229583740234],[137.1053466796875,55.021148681640625],[136.87399291992188,54.88506317138672],[136.52572631835938,54.88506317138672],[136.90135192871094,55.15733337402344],[137.25042724609375,55.15733337402344],[137.17779541015625,55.089229583740234]]],[[[165.9704132080078,55.430015563964844],[166.32028198242188,55.430015563964844],[166.2234344482422,55.15733337402344],[166.39797973632812,55.15733337402344],[166.30868530273438,55.089229583740234],[166.48312377929688,55.089229583740234],[166.3939666748047,55.021148681640625],[166.5683135986328,55.021148681640625],[166.47930908203125,54.95309066772461],[166.65354919433594,54.95309066772461],[166.564697265625,54.88506317138672],[166.73715209960938,54.817054748535156],[166.3865509033203,54.681121826171875],[166.47470092773438,54.74907684326172],[166.2137908935547,54.74907684326172],[166.3020477294922,54.817054748535156],[166.0422821044922,54.88506317138672],[165.95521545410156,54.88506317138672],[166.04530334472656,55.021148681640625],[165.78536987304688,55.089229583740234],[165.87628173828125,55.225467681884766],[165.70362854003906,55.29362487792969],[165.9704132080078,55.430015563964844]]],[[[47.09792709350586,45.10417556762695],[47.04105758666992,44.842647552490234],[46.688507080078125,44.71194839477539],[46.63267517089844,44.45067596435547],[47.00926971435547,44.32010269165039],[47.34308624267578,43.99384307861328],[47.33984375,43.6026611328125],[47.459136962890625,43.407203674316406],[47.376399993896484,43.016544342041016],[47.656158447265625,42.82133865356445],[47.68162155151367,42.56119155883789],[47.9608268737793,42.36617660522461],[47.933658599853516,42.236209869384766],[49.08600997924805,41.26253128051758],[49.059226989746094,41.132843017578125],[49.270748138427734,41.00318908691406],[49.2441520690918,40.873565673828125],[49.50836181640625,40.614410400390625],[50.04951477050781,40.54964065551758],[50.2603759765625,40.42012023925781],[49.6933479309082,40.355369567871094],[49.40445327758789,40.0964469909668],[49.26664352416992,39.38497543334961],[49.151405334472656,39.19107437133789],[48.91546630859375,39.19107437133789],[48.801002502441406,38.997230529785156],[48.7973518371582,38.54513168334961],[48.78577423095703,38.48057174682617],[48.326934814453125,38.54513168334961],[48.059085845947266,38.80344009399414],[48.082218170166016,38.93262481689453],[48.25099563598633,38.997230529785156],[48.21947479248047,39.25570297241211],[48.333980560302734,39.449623107910156],[48.13375473022461,39.64360046386719],[47.491329193115234,39.57893371582031],[46.668357849121094,38.93262481689453],[45.871971130371094,38.8680305480957],[45.072628021240234,39.25570297241211],[44.75540542602539,39.70827102661133],[44.5079345703125,39.64360046386719],[43.7197151184082,39.64360046386719],[43.33614730834961,39.70827102661133],[43.357357025146484,39.8376350402832],[43.210174560546875,39.90232849121094],[42.6577033996582,39.90232849121094],[42.452247619628906,40.0964469909668],[42.473331451416016,40.225894927978516],[42.188720703125,40.42012023925781],[42.15217208862305,40.6791877746582],[41.70857620239258,40.873565673828125],[41.75155258178711,41.132843017578125],[41.534793853759766,41.26253128051758],[41.567359924316406,41.45711898803711],[41.57828140258789,41.521995544433594],[41.81525421142578,41.97637939453125],[41.73545837402344,41.97637939453125],[41.75791549682617,42.10627746582031],[41.598209381103516,42.10627746582031],[41.700584411621094,42.236209869384766],[41.48331832885742,42.36617660522461],[41.608699798583984,42.62621307373047],[41.3337516784668,42.88639831542969],[41.173343658447266,42.88639831542969],[41.11582565307617,43.016544342041016],[40.81732177734375,43.146724700927734],[40.41570281982422,43.146724700927734],[40.219173431396484,43.407203674316406],[39.75851058959961,43.53750228881836],[39.06172180175781,44.18956756591797],[38.21527862548828,44.45067596435547],[38.014862060546875,44.71194839477539],[37.52848815917969,44.71194839477539],[37.25600814819336,45.03877639770508],[36.778892517089844,45.10417556762695],[36.74873733520508,45.431331634521484],[36.911563873291016,45.431331634521484],[36.972293853759766,45.300437927246094],[37.704429626464844,45.300437927246094],[37.747013092041016,45.56227111816406],[37.59468460083008,45.62776184082031],[37.7577018737793,45.62776184082031],[37.89311981201172,45.95537567138672],[38.334564208984375,46.1520881652832],[38.36785888671875,46.348915100097656],[37.89856719970703,46.480194091796875],[37.83858108520508,46.61152267456055],[38.494598388671875,46.61152267456055],[38.62202453613281,46.87434005737305],[38.78630065917969,46.87434005737305],[38.89152145385742,47.005828857421875],[39.12647247314453,46.94007873535156],[39.26741409301758,47.26897048950195],[39.1968879699707,47.33478927612305],[38.6794548034668,47.20316696166992],[37.51609802246094,47.13737487792969],[37.16523361206055,47.005828857421875],[37.2257080078125,46.87434005737305],[36.90787887573242,46.94007873535156],[36.80437088012695,46.808616638183594],[35.634639739990234,46.677207946777344],[35.24697494506836,46.283294677734375],[34.75596237182617,46.283294677734375],[34.736690521240234,46.1520881652832],[34.0825309753418,46.1520881652832],[34.019439697265625,46.283294677734375],[33.610260009765625,46.283294677734375],[33.59191131591797,46.1520881652832],[32.946651458740234,46.21768569946289],[32.84713363647461,46.08650588989258],[32.683658599853516,46.08650588989258],[32.0639533996582,46.348915100097656],[31.81834602355957,46.348915100097656],[31.835351943969727,46.480194091796875],[32.16309356689453,46.480194091796875],[32.18914794921875,46.677207946777344],[32.03373336791992,46.74290466308594],[31.787527084350586,46.74290466308594],[31.606428146362305,46.61152267456055],[30.87657928466797,46.677207946777344],[30.297666549682617,45.95537567138672],[30.044963836669922,45.889827728271484],[29.85890007019043,45.693260192871094],[29.614274978637695,45.693260192871094],[29.591896057128906,45.496795654296875],[29.58445930480957,45.431331634521484],[29.095985412597656,45.431331634521484],[28.667741775512695,45.23500442504883],[28.34939956665039,45.300437927246094],[28.125896453857422,45.496795654296875],[28.153430938720703,45.75876998901367],[28.071857452392578,45.75876998901367],[28.24434471130371,46.61152267456055],[28.094419479370117,46.74290466308594],[28.108566284179688,46.87434005737305],[27.431140899658203,47.46647262573242],[27.23225212097168,47.92780685424805],[26.853185653686523,48.257774353027344],[26.26645278930664,48.191749572753906],[26.140729904174805,48.5881233215332],[25.904876708984375,48.72037124633789],[25.924989700317383,48.91886520385742],[25.841760635375977,48.91886520385742],[25.854578018188477,49.84712600708008],[25.701093673706055,49.98000717163086],[25.722383499145508,50.17946243286133],[25.29567527770996,50.11296081542969],[25.07135772705078,50.37908172607422],[24.566909790039062,50.37908172607422],[24.341148376464844,50.64549255371094],[24.00420570373535,50.64549255371094],[23.764331817626953,50.77880859375],[23.00547981262207,50.77880859375],[22.656435012817383,50.64549255371094],[22.15102195739746,50.64549255371094],[21.988101959228516,50.71213912963867],[21.99927520751953,50.84549331665039],[21.74620246887207,50.84549331665039],[21.735273361206055,50.71213912963867],[21.477136611938477,50.64549255371094],[21.02581787109375,50.2459831237793],[20.51714324951172,50.17946243286133],[20.33548927307129,49.98000717163086],[19.84113311767578,50.11296081542969],[19.165773391723633,50.04647445678711],[19.081897735595703,50.04647445678711],[19.18613052368164,50.37908172607422],[19.022031784057617,50.445655822753906],[19.030193328857422,50.578861236572266],[18.86180305480957,50.578861236572266],[18.548505783081055,50.97892379760742],[18.29518699645996,50.97892379760742],[17.891399383544922,51.31283950805664],[17.90643310546875,51.580322265625],[17.666772842407227,51.84812545776367],[17.67803382873535,52.0491943359375],[18.022464752197266,52.11625671386719],[18.298656463623047,52.4518928527832],[18.640182495117188,52.4518928527832],[19.180551528930664,52.85536575317383],[19.60880470275879,52.85536575317383],[19.972116470336914,53.124786376953125],[20.395845413208008,53.057395935058594],[20.66997718811035,53.25962829589844],[20.927749633789062,53.25962829589844],[21.28936767578125,53.462066650390625],[21.80574607849121,53.462066650390625],[22.521047592163086,53.732303619384766],[22.482206344604492,54.20612335205078],[22.66232681274414,54.27390670776367],[22.71874237060547,54.817054748535156],[22.812959671020508,54.88506317138672],[22.573020935058594,55.089229583740234],[22.398584365844727,55.089229583740234],[22.412668228149414,55.225467681884766],[21.640066146850586,55.36180877685547],[21.235198974609375,55.70311737060547],[21.248220443725586,55.83982467651367],[20.991283416748047,55.90821838378906],[20.9976863861084,55.97663879394531],[20.8409423828125,56.182064056396484],[21.000686645507812,56.937416076660156],[21.280134201049805,57.07511901855469],[21.307584762573242,57.35087585449219],[21.602821350097656,57.62710189819336],[22.51758575439453,57.8345832824707],[23.57867431640625,57.00625228881836],[23.9417724609375,57.07511901855469],[24.23385238647461,57.28189468383789],[24.268098831176758,58.2503662109375],[23.819801330566406,58.2503662109375],[23.666316986083984,58.45867156982422],[23.405317306518555,58.528167724609375],[23.409774780273438,59.294734954833984],[23.961997985839844,59.36461639404297],[24.161630630493164,59.504478454589844],[25.350799560546875,59.574459075927734],[25.370975494384766,59.714515686035156],[26.45072364807129,59.64447021484375],[26.79198455810547,59.504478454589844],[27.88040542602539,59.504478454589844],[27.927438735961914,59.78459548950195],[28.291200637817383,59.78459548950195],[28.406457901000977,59.92485809326172],[28.849285125732422,59.85470962524414],[29.069183349609375,60.065250396728516],[29.772369384765625,59.92485809326172],[29.75929069519043,59.85470962524414],[30.136613845825195,59.92485809326172],[30.16336441040039,60.065250396728516],[29.967727661132812,59.99503707885742],[29.99431037902832,60.135501861572266],[29.65558433532715,60.276100158691406],[28.990642547607422,60.135501861572266],[28.650575637817383,60.276100158691406],[28.492643356323242,60.416839599609375],[28.54265594482422,60.69873809814453],[27.772703170776367,60.48725891113281],[27.05181121826172,60.557716369628906],[26.75438690185547,60.416839599609375],[26.399471282958984,60.48725891113281],[25.818273544311523,60.276100158691406],[24.611000061035156,60.135501861572266],[24.50045394897461,59.99503707885742],[24.054182052612305,60.065250396728516],[23.20724868774414,59.85470962524414],[23.02524757385254,59.85470962524414],[23.05118179321289,60.065250396728516],[22.31354331970215,59.99503707885742],[22.363000869750977,60.416839599609375],[21.90556526184082,60.416839599609375],[21.379648208618164,60.628211975097656],[21.40285301208496,60.83990478515625],[21.234464645385742,60.9812126159668],[21.249881744384766,61.12267303466797],[21.441972732543945,61.193458557128906],[21.49768829345703,61.69001388549805],[21.235559463500977,61.832237243652344],[21.190174102783203,62.259857177734375],[21.291358947753906,62.331268310546875],[21.198148727416992,62.331268310546875],[21.21416664123535,62.474212646484375],[20.949846267700195,62.61732482910156],[21.067264556884766,62.83230972290039],[21.262784957885742,62.904052734375],[21.27918243408203,63.047672271728516],[21.475318908691406,63.11954879760742],[21.500577926635742,63.33543014526367],[21.962575912475586,63.263427734375],[22.159679412841797,63.33543014526367],[22.366201400756836,63.479576110839844],[22.3845157623291,63.623897552490234],[22.781234741210938,63.768394470214844],[22.80032730102539,63.91307830810547],[23.283843994140625,63.98548889160156],[23.303813934326172,64.13044738769531],[23.493669509887695,64.13044738769531],[23.82017707824707,64.4209213256836],[24.010604858398438,64.4209213256836],[24.54205894470215,64.78507995605469],[24.564443588256836,64.93107604980469],[25.234498977661133,64.93107604980469],[25.233224868774414,65.51705932617188],[24.944276809692383,65.51705932617188],[24.956022262573242,65.59053039550781],[24.666847229003906,65.59053039550781],[24.49690818786621,65.73763275146484],[24.121912002563477,65.8112564086914],[24.025293350219727,65.8112564086914],[24.05880355834961,66.0324478149414],[23.70433235168457,66.25411987304688],[23.902938842773438,66.92203521728516],[23.545406341552734,67.14566802978516],[23.689157485961914,67.44463348388672],[23.4054012298584,67.51952362060547],[23.58470916748047,68.04534912109375],[23.40987205505371,68.19611358642578],[23.211511611938477,68.19611358642578],[23.223005294799805,68.27159118652344],[23.02447509765625,68.27159118652344],[23.035846710205078,68.34712219238281],[21.874967575073242,68.57408905029297],[21.507225036621094,68.8016128540039],[21.11773109436035,68.87757110595703],[20.937543869018555,69.0296859741211],[20.95743751525879,69.18205261230469],[21.770601272583008,69.25833129882812],[22.217212677001953,68.87757110595703],[22.417118072509766,68.87757110595703],[22.406017303466797,68.8016128540039],[22.79408073425293,68.7257080078125],[22.782730102539062,68.64987182617188],[24.403335571289062,68.8016128540039],[24.390546798706055,68.7257080078125],[24.863161087036133,68.57408905029297],[25.429479598999023,68.95359802246094],[25.629560470581055,68.95359802246094],[25.657630920410156,69.10584259033203],[25.757848739624023,69.10584259033203],[25.858652114868164,69.64068603515625],[26.524911880493164,69.9477310180664],[28.161184310913086,70.024658203125],[28.144235610961914,69.9477310180664],[28.531824111938477,69.8708724975586],[28.514657974243164,69.79407501220703],[29.204097747802734,69.71734619140625],[29.269622802734375,69.5640869140625],[28.798139572143555,69.25833129882812],[28.76433563232422,69.10584259033203],[29.165199279785156,69.10584259033203],[29.317562103271484,69.33467864990234],[29.938522338867188,69.41107940673828],[30.194869995117188,69.64068603515625],[30.68014907836914,69.5640869140625],[30.919960021972656,69.71734619140625],[30.958600997924805,69.8708724975586],[31.059717178344727,69.8708724975586],[31.545385360717773,69.79407501220703],[31.90928077697754,70.024658203125],[32.31447982788086,70.024658203125],[32.475337982177734,69.8708724975586],[32.980918884277344,69.8708724975586],[32.95972442626953,69.79407501220703],[33.06074905395508,69.79407501220703],[32.89668655395508,69.5640869140625],[33.47982406616211,69.487548828125],[33.43734359741211,69.33467864990234],[34.46426010131836,69.41107940673828],[34.442169189453125,69.33467864990234],[34.84409713745117,69.33467864990234],[34.82174301147461,69.25833129882812],[36.12685775756836,69.25833129882812],[36.10344314575195,69.18205261230469],[36.30405044555664,69.18205261230469],[36.28055191040039,69.10584259033203],[37.96049880981445,68.7257080078125],[38.01121139526367,68.57408905029297],[38.21042251586914,68.57408905029297],[38.18586349487305,68.49837493896484],[38.38490295410156,68.49837493896484],[38.36026382446289,68.42272186279297],[38.931819915771484,68.34712219238281],[38.906864166259766,68.27159118652344],[39.477081298828125,68.19611358642578],[39.451805114746094,68.1207046508789],[39.97298049926758,68.19611358642578],[39.94728469848633,68.1207046508789],[40.145477294921875,68.1207046508789],[40.26614761352539,67.89481353759766],[40.66152572631836,67.89481353759766],[40.63554382324219,67.81964111328125],[41.004371643066406,67.74452209472656],[41.02471923828125,67.51952362060547],[41.12314987182617,67.51952362060547],[41.07123565673828,67.36980438232422],[41.3399772644043,67.29503631591797],[41.288124084472656,67.14566802978516],[41.38615036010742,67.14566802978516],[41.03715515136719,66.69890594482422],[39.79555892944336,66.18017578125],[38.70561981201172,66.10628509521484],[38.68277359008789,66.0324478149414],[38.00484085083008,66.0324478149414],[38.02715301513672,66.10628509521484],[37.44560623168945,66.10628509521484],[37.46752166748047,66.18017578125],[36.42164611816406,66.25411987304688],[36.44285583496094,66.32811737060547],[35.56844711303711,66.32811737060547],[35.58902359008789,66.40216064453125],[35.20008850097656,66.40216064453125],[35.220420837402344,66.47626495361328],[34.92848587036133,66.47626495361328],[34.94865036010742,66.55042266845703],[34.26691818237305,66.55042266845703],[34.11125946044922,66.69890594482422],[33.7210693359375,66.69890594482422],[33.740413665771484,66.77322387695312],[33.05702209472656,66.77322387695312],[32.741058349609375,67.0710678100586],[32.545166015625,67.0710678100586],[32.508087158203125,66.92203521728516],[32.88046646118164,66.84760284423828],[33.0008430480957,66.55042266845703],[33.68257522583008,66.55042266845703],[33.62532043457031,66.32811737060547],[34.382991790771484,66.25411987304688],[34.36347961425781,66.18017578125],[34.55747985839844,66.18017578125],[34.866214752197266,65.88493347167969],[34.67220687866211,65.51705932617188],[34.441368103027344,65.3702621459961],[34.78746032714844,65.22367095947266],[34.73003005981445,65.004150390625],[34.90244674682617,64.93107604980469],[34.845245361328125,64.71215057373047],[34.94075012207031,64.71215057373047],[34.9791145324707,64.49365234375],[35.817100524902344,64.4209213256836],[35.96824264526367,64.27558898925781],[36.253456115722656,64.27558898925781],[36.553855895996094,63.98548889160156],[37.3864631652832,63.91307830810547],[37.880855560302734,63.98548889160156],[37.89069366455078,64.34822845458984],[37.530948638916016,64.4209213256836],[37.12955856323242,64.34822845458984],[36.9801139831543,64.49365234375],[36.78954315185547,64.49365234375],[36.73489761352539,64.63926696777344],[36.544036865234375,64.63926696777344],[36.318058013916016,64.8580551147461],[36.358558654785156,65.004150390625],[36.64594650268555,65.004150390625],[36.687129974365234,65.15044403076172],[36.920738220214844,65.29694366455078],[37.209014892578125,65.29694366455078],[37.187896728515625,65.22367095947266],[37.475948333740234,65.22367095947266],[37.454673767089844,65.15044403076172],[38.15700149536133,64.93107604980469],[38.20941162109375,64.78507995605469],[38.90058135986328,64.8580551147461],[38.87844467163086,64.78507995605469],[39.42938995361328,64.71215057373047],[39.40694808959961,64.63926696777344],[40.193416595458984,64.71215057373047],[40.23966598510742,64.8580551147461],[40.07144546508789,64.93107604980469],[40.11780548095703,65.07727813720703],[39.92606735229492,65.07727813720703],[39.87638473510742,65.22367095947266],[39.68435287475586,65.22367095947266],[39.538185119628906,65.3702621459961],[39.60750961303711,65.59053039550781],[40.25718307495117,65.8112564086914],[40.401878356933594,65.95866394042969],[41.444580078125,66.18017578125],[41.96076583862305,66.55042266845703],[43.4919548034668,66.47626495361328],[43.464988708496094,66.40216064453125],[43.659454345703125,66.40216064453125],[43.605472564697266,66.25411987304688],[43.966617584228516,66.18017578125],[44.13097381591797,66.6246337890625],[44.35377883911133,66.69890594482422],[44.38174057006836,66.77322387695312],[44.284114837646484,66.77322387695312],[44.36833190917969,66.99652099609375],[44.102760314941406,67.0710678100586],[44.13087844848633,67.14566802978516],[43.73877716064453,67.14566802978516],[43.69647979736328,67.29503631591797],[43.59829330444336,67.29503631591797],[43.83753967285156,67.66946411132812],[43.93613815307617,67.66946411132812],[44.167903900146484,68.27159118652344],[43.729759216308594,68.42272186279297],[43.75901412963867,68.49837493896484],[43.460453033447266,68.49837493896484],[43.44834899902344,68.7257080078125],[44.216636657714844,68.64987182617188],[44.18680953979492,68.57408905029297],[45.612335205078125,68.64987182617188],[45.581302642822266,68.57408905029297],[45.88011932373047,68.57408905029297],[45.91733169555664,68.42272186279297],[46.1161994934082,68.42272186279297],[46.08501052856445,68.34712219238281],[46.45099639892578,68.27159118652344],[46.48761749267578,68.1207046508789],[46.68581008911133,68.1207046508789],[46.660003662109375,67.81964111328125],[45.34624099731445,67.74452209472656],[45.286834716796875,67.5944595336914],[45.08980941772461,67.5944595336914],[44.932804107666016,67.44463348388672],[45.198524475097656,67.36980438232422],[45.16929244995117,67.29503631591797],[45.56204605102539,67.29503631591797],[45.806949615478516,66.92203521728516],[47.37152099609375,66.92203521728516],[47.597896575927734,66.99652099609375],[47.62880325317383,67.0710678100586],[47.53085708618164,67.0710678100586],[47.816524505615234,67.51952362060547],[47.71809387207031,67.51952362060547],[47.78139114379883,67.66946411132812],[48.70132064819336,67.74452209472656],[48.70079040527344,67.97005462646484],[49.29436111450195,67.97005462646484],[50.82497787475586,68.49837493896484],[51.52162170410156,68.49837493896484],[51.892967224121094,68.64987182617188],[52.25493240356445,68.57408905029297],[52.465641021728516,68.8016128540039],[53.27893829345703,69.0296859741211],[54.04103469848633,68.95359802246094],[53.78712844848633,68.64987182617188],[53.9482421875,68.57408905029297],[53.872135162353516,68.42272186279297],[53.30027389526367,68.27159118652344],[54.72844696044922,68.34712219238281],[54.68998336791992,68.27159118652344],[54.789249420166016,68.27159118652344],[55.04391098022461,68.57408905029297],[55.621395111083984,68.7257080078125],[57.176673889160156,68.64987182617188],[57.842567443847656,68.95359802246094],[58.200279235839844,68.87757110595703],[58.38547134399414,69.0296859741211],[59.086368560791016,69.0296859741211],[59.043052673339844,68.95359802246094],[59.399715423583984,68.87757110595703],[59.127777099609375,68.57408905029297],[59.22738265991211,68.57408905029297],[59.24163055419922,68.42272186279297],[59.73880386352539,68.42272186279297],[59.76868438720703,68.64987182617188],[59.95558166503906,68.8016128540039],[60.69910430908203,68.87757110595703],[60.833534240722656,69.10584259033203],[60.733314514160156,69.10584259033203],[60.77838897705078,69.18205261230469],[60.477474212646484,69.18205261230469],[60.41181564331055,69.41107940673828],[60.05451202392578,69.487548828125],[60.089622497558594,69.71734619140625],[59.48402404785156,69.71734619140625],[59.52910232543945,69.79407501220703],[59.32705307006836,69.79407501220703],[59.372135162353516,69.8708724975586],[59.06878662109375,69.8708724975586],[59.11377716064453,69.9477310180664],[58.765438079833984,69.8708724975586],[58.81015396118164,69.9477310180664],[58.44985580444336,70.024658203125],[58.437992095947266,70.17870330810547],[58.33650588989258,70.17870330810547],[58.61920928955078,70.48763275146484],[59.072845458984375,70.5650405883789],[59.02665328979492,70.48763275146484],[59.332237243652344,70.48763275146484],[59.28596878051758,70.41029357910156],[59.489501953125,70.41029357910156],[59.44325256347656,70.3330307006836],[59.74827194213867,70.3330307006836],[59.70194625854492,70.2558364868164],[59.90510177612305,70.2558364868164],[59.85879135131836,70.17870330810547],[60.163246154785156,70.17870330810547],[60.116851806640625,70.10164642333984],[60.475852966308594,70.024658203125],[60.539344787597656,69.79407501220703],[60.83430862426758,69.9477310180664],[61.239139556884766,69.9477310180664],[61.19221878051758,69.8708724975586],[62.00114440917969,69.8708724975586],[61.95368194580078,69.79407501220703],[63.925079345703125,69.71734619140625],[63.87618637084961,69.64068603515625],[64.4320068359375,69.5640869140625],[64.38296508789062,69.487548828125],[64.78561401367188,69.487548828125],[64.73640441894531,69.41107940673828],[64.93755340576172,69.41107940673828],[64.88836669921875,69.33467864990234],[65.39077758789062,69.33467864990234],[65.34133911132812,69.25833129882812],[66.24520874023438,69.10584259033203],[66.19547271728516,69.0296859741211],[67.2959976196289,68.87757110595703],[67.24578857421875,68.8016128540039],[67.74408721923828,68.64987182617188],[67.69393157958984,68.57408905029297],[67.99275207519531,68.57408905029297],[67.94252014160156,68.49837493896484],[68.14156341552734,68.49837493896484],[68.09134674072266,68.42272186279297],[68.29022216796875,68.42272186279297],[68.24002075195312,68.34712219238281],[68.48780822753906,68.27159118652344],[68.53964233398438,68.49837493896484],[68.63916778564453,68.49837493896484],[68.94705200195312,68.95359802246094],[68.59539031982422,68.87757110595703],[68.64693450927734,68.95359802246094],[68.34680938720703,68.95359802246094],[68.39828491210938,69.0296859741211],[68.04910278320312,69.10584259033203],[68.00332641601562,69.33467864990234],[67.90283966064453,69.33467864990234],[68.00678253173828,69.487548828125],[66.59893035888672,69.64068603515625],[66.80875396728516,70.10164642333984],[67.1657485961914,70.17870330810547],[67.015625,70.2558364868164],[67.12200927734375,70.41029357910156],[67.0202407836914,70.41029357910156],[67.18770599365234,70.79769897460938],[66.5742416381836,70.79769897460938],[66.63455200195312,71.0310287475586],[66.53201293945312,71.0310287475586],[67.01390838623047,71.42146301269531],[67.68890380859375,71.49979400634766],[68.33336639404297,71.81393432617188],[69.01949310302734,72.84458923339844],[69.35682678222656,73.00454711914062],[69.67224884033203,73.00454711914062],[69.9609146118164,73.48678588867188],[70.13400268554688,73.56752014160156],[71.29931640625,73.56752014160156],[71.16267395019531,73.40616607666016],[71.41179656982422,73.32563781738281],[71.10520935058594,73.08467102050781],[70.05269622802734,73.08467102050781],[69.71299743652344,72.92451477050781],[71.7750473022461,73.00454711914062],[71.70853424072266,72.92451477050781],[72.44373321533203,72.92451477050781],[72.37686920166016,72.84458923339844],[72.93927001953125,72.76475524902344],[72.8448486328125,72.52581787109375],[72.94933319091797,72.52581787109375],[72.81827545166016,72.36699676513672],[72.92253875732422,72.36699676513672],[72.6645278930664,72.05043029785156],[72.56068420410156,72.05043029785156],[72.24671173095703,71.65669250488281],[71.8140869140625,71.49979400634766],[72.06233978271484,71.42146301269531],[72.00151824951172,71.34321594238281],[72.20738220214844,71.34321594238281],[72.14666748046875,71.26505279541016],[72.55799102783203,71.26505279541016],[72.4971923828125,71.18696594238281],[72.70265197753906,71.18696594238281],[72.64196014404297,71.10896301269531],[72.88916778564453,71.0310287475586],[72.69210815429688,70.64251708984375],[72.8369369506836,70.5650405883789],[72.50088500976562,70.2558364868164],[72.60246276855469,70.2558364868164],[72.54447937011719,70.17870330810547],[72.64596557617188,70.17870330810547],[72.58812713623047,70.10164642333984],[72.77680969238281,69.9477310180664],[72.6053237915039,69.71734619140625],[72.70625305175781,69.71734619140625],[72.59290313720703,69.5640869140625],[72.69364929199219,69.5640869140625],[72.58101654052734,69.41107940673828],[72.68158721923828,69.41107940673828],[72.4586181640625,69.10584259033203],[72.55883026123047,69.10584259033203],[72.5035400390625,69.0296859741211],[73.6259536743164,68.64987182617188],[73.09920501708984,68.19611358642578],[73.24353790283203,68.1207046508789],[73.02936553955078,67.81964111328125],[73.12812805175781,67.81964111328125],[73.07498168945312,67.74452209472656],[72.72624206542969,67.66946411132812],[72.41897583007812,67.36980438232422],[72.02140045166016,67.22032165527344],[71.86856842041016,66.99652099609375],[71.52460479736328,66.92203521728516],[71.47441101074219,66.84760284423828],[71.61963653564453,66.77322387695312],[71.51976776123047,66.6246337890625],[71.03241729736328,66.6246337890625],[70.39883422851562,66.40216064453125],[72.09921264648438,66.32811737060547],[72.29635620117188,66.47626495361328],[72.19904327392578,66.47626495361328],[72.29951477050781,66.6246337890625],[73.4803237915039,66.92203521728516],[73.99942016601562,67.51952362060547],[74.65384674072266,67.74452209472656],[74.76298522949219,67.89481353759766],[74.53178405761719,68.1207046508789],[74.58690643310547,68.19611358642578],[74.3885498046875,68.19611358642578],[74.39971160888672,68.34712219238281],[74.20101165771484,68.34712219238281],[74.32379913330078,68.64987182617188],[74.59256744384766,68.87757110595703],[76.46726989746094,69.10584259033203],[76.40853881835938,69.0296859741211],[76.75020599365234,68.95359802246094],[76.73304748535156,68.8016128540039],[77.07389068603516,68.7257080078125],[77.0155029296875,68.64987182617188],[77.31458282470703,68.64987182617188],[77.25614929199219,68.57408905029297],[77.39698028564453,68.49837493896484],[77.24919128417969,68.04534912109375],[77.87696075439453,68.34712219238281],[77.69554138183594,68.49837493896484],[77.75418090820312,68.57408905029297],[77.65457153320312,68.57408905029297],[77.71334838867188,68.64987182617188],[77.61365509033203,68.64987182617188],[77.67256927490234,68.7257080078125],[77.57279205322266,68.7257080078125],[77.59115600585938,68.87757110595703],[76.5674819946289,69.10584259033203],[76.62652587890625,69.18205261230469],[75.48107147216797,69.25833129882812],[74.96401977539062,69.10584259033203],[73.66120910644531,69.10584259033203],[73.78787994384766,69.41107940673828],[73.41278839111328,69.71734619140625],[73.7198257446289,70.2558364868164],[74.04214477539062,70.41029357910156],[74.22288513183594,70.64251708984375],[73.97723388671875,70.7200698852539],[73.99675750732422,70.87539672851562],[73.79207611083984,70.87539672851562],[73.8531494140625,70.95317840576172],[73.64827728271484,70.95317840576172],[73.66828918457031,71.10896301269531],[73.46302032470703,71.10896301269531],[73.52450561523438,71.18696594238281],[73.31903839111328,71.18696594238281],[73.38063049316406,71.26505279541016],[72.8865737915039,71.42146301269531],[73.44659423828125,71.73527526855469],[73.63835906982422,71.97151184082031],[74.42991638183594,72.05043029785156],[74.87391662597656,72.20853424072266],[75.00789642333984,72.36699676513672],[74.83000946044922,72.52581787109375],[74.8980712890625,72.6053695678711],[74.7934799194336,72.6053695678711],[74.82581329345703,72.76475524902344],[74.72100830078125,72.76475524902344],[74.8593978881836,72.92451477050781],[75.38453674316406,72.92451477050781],[75.3145751953125,72.84458923339844],[75.66427612304688,72.76475524902344],[75.59473419189453,72.68501281738281],[75.69943237304688,72.68501281738281],[75.63020324707031,72.6053695678711],[75.77034759521484,72.52581787109375],[75.27027893066406,71.81393432617188],[75.37381744384766,71.81393432617188],[75.30840301513672,71.73527526855469],[75.4883041381836,71.57820129394531],[75.398193359375,71.34321594238281],[77.18534088134766,71.26505279541016],[77.25092315673828,71.34321594238281],[76.94213104248047,71.34321594238281],[77.00774383544922,71.42146301269531],[76.59562683105469,71.42146301269531],[76.66117858886719,71.49979400634766],[76.1455307006836,71.49979400634766],[76.17332458496094,71.65669250488281],[75.96665954589844,71.65669250488281],[75.9577865600586,71.8926773071289],[75.85414123535156,71.8926773071289],[76.09146118164062,72.05043029785156],[76.6786117553711,72.12944030761719],[77.23377227783203,72.05043029785156],[77.37126159667969,72.20853424072266],[76.71146392822266,72.2877197265625],[76.84984588623047,72.44635772705078],[77.47931671142578,72.68501281738281],[78.31690216064453,72.68501281738281],[78.24495697021484,72.6053695678711],[78.45413970947266,72.6053695678711],[78.31109619140625,72.44635772705078],[79.66796875,72.44635772705078],[79.59568786621094,72.36699676513672],[80.01275634765625,72.36699676513672],[79.94047546386719,72.2877197265625],[80.56544494628906,72.2877197265625],[80.4929428100586,72.20853424072266],[80.80510711669922,72.20853424072266],[80.7645492553711,72.05043029785156],[81.07608795166016,72.05043029785156],[81.00406646728516,71.97151184082031],[81.45064544677734,71.8926773071289],[81.37890625,71.81393432617188],[82.5177993774414,71.81393432617188],[82.5602035522461,71.97151184082031],[82.21839141845703,72.05043029785156],[82.26189422607422,72.20853424072266],[82.05377960205078,72.20853424072266],[82.12786865234375,72.2877197265625],[80.74263763427734,72.36699676513672],[80.81608581542969,72.44635772705078],[80.4720458984375,72.52581787109375],[80.66539764404297,72.84458923339844],[80.53093719482422,72.92451477050781],[80.60678100585938,73.00454711914062],[80.50164794921875,73.00454711914062],[80.54918670654297,73.1648941040039],[80.12773132324219,73.1648941040039],[80.28146362304688,73.32563781738281],[80.17587280273438,73.32563781738281],[80.59501647949219,73.64835357666016],[80.8870620727539,73.72928619384766],[83.9660415649414,73.72928619384766],[84.0499496459961,73.8103256225586],[85.53800201416016,73.8103256225586],[85.9239501953125,73.97272491455078],[86.90105438232422,73.89147186279297],[87.06066131591797,74.13555908203125],[86.74034881591797,74.13555908203125],[86.82989501953125,74.2171401977539],[86.72300720214844,74.2171401977539],[86.99512481689453,74.46253967285156],[86.6161117553711,74.2171401977539],[86.08164978027344,74.2171401977539],[86.17096710205078,74.298828125],[86.06395721435547,74.298828125],[86.33541870117188,74.54456329345703],[86.84263610839844,74.70895385742188],[87.31751251220703,75.12195587158203],[88.17362976074219,75.20491790771484],[89.00907135009766,75.53797912597656],[89.88080596923828,75.53797912597656],[90.0882797241211,75.70527648925781],[91.07147216796875,75.70527648925781],[91.17756652832031,75.78911590576172],[92.59954833984375,75.78911590576172],[93.14869689941406,76.1258544921875],[93.7009048461914,76.21038818359375],[93.14630889892578,75.87310028076172],[93.58440399169922,75.87310028076172],[94.14128112792969,76.21038818359375],[95.68260192871094,76.21038818359375],[95.9149169921875,76.37987518310547],[96.7979965209961,76.37987518310547],[96.2220230102539,76.04146575927734],[97.6495132446289,76.04146575927734],[98.33387756347656,76.29505920410156],[99.10555267333984,76.29505920410156],[99.22647857666016,76.37987518310547],[98.89531707763672,76.37987518310547],[99.0166015625,76.46484375],[98.90606689453125,76.46484375],[99.15070343017578,76.63520812988281],[99.37236022949219,76.63520812988281],[99.24935150146484,76.5499496459961],[100.79887390136719,76.5499496459961],[101.16084289550781,76.72061920166016],[101.04986572265625,76.72061920166016],[101.17656707763672,76.8061752319336],[100.95430755615234,76.8061752319336],[101.08149719238281,76.89189147949219],[100.97021484375,76.89189147949219],[101.48629760742188,77.23632049560547],[102.9377670288086,77.67052459716797],[105.10496520996094,77.75786590576172],[104.96610260009766,77.67052459716797],[106.29086303710938,77.58334350585938],[105.9873046875,77.32283020019531],[105.15528106689453,77.14997863769531],[106.07402801513672,77.23632049560547],[105.80172729492188,77.06378936767578],[107.50183868408203,77.14997863769531],[107.36393737792969,77.06378936767578],[107.58711242675781,77.06378936767578],[107.1536865234375,76.72061920166016],[106.6649169921875,76.5499496459961],[107.90618133544922,76.63520812988281],[108.17769622802734,76.8061752319336],[109.62237548828125,76.8061752319336],[109.76139068603516,76.89189147949219],[110.31779479980469,76.89189147949219],[110.17802429199219,76.8061752319336],[112.06721496582031,76.8061752319336],[111.9257583618164,76.72061920166016],[112.36967468261719,76.72061920166016],[112.19892120361328,76.5499496459961],[112.86299896240234,76.5499496459961],[112.72259521484375,76.46484375],[113.02464294433594,76.37987518310547],[112.88546752929688,76.29505920410156],[113.29768371582031,76.21038818359375],[113.65714263916016,76.29505920410156],[113.51787567138672,76.21038818359375],[113.7380599975586,76.21038818359375],[113.59942626953125,76.1258544921875],[113.7093734741211,76.1258544921875],[113.57152557373047,76.04146575927734],[113.7911376953125,76.04146575927734],[113.6539306640625,75.95721435546875],[114.09259033203125,75.95721435546875],[113.92923736572266,75.78911590576172],[114.03861999511719,75.78911590576172],[113.76908874511719,75.6215591430664],[113.87818908691406,75.6215591430664],[113.72098541259766,75.45452117919922],[113.82981872558594,75.45452117919922],[113.30802917480469,75.12195587158203],[111.81595611572266,74.70895385742188],[110.49813842773438,74.54456329345703],[110.0459213256836,74.38063049316406],[109.91873168945312,74.2171401977539],[109.4743423461914,74.05409240722656],[108.72106170654297,73.97272491455078],[108.06300354003906,73.64835357666016],[107.42667388916016,73.64835357666016],[106.57369232177734,73.32563781738281],[106.15132904052734,73.32563781738281],[105.52774047851562,72.92451477050781],[105.94547271728516,73.00454711914062],[106.15178680419922,73.2452163696289],[107.83942413330078,73.2452163696289],[108.15972900390625,73.40616607666016],[110.39618682861328,73.64835357666016],[110.72867584228516,73.8103256225586],[109.33564758300781,73.64835357666016],[109.67981719970703,73.97272491455078],[110.12310028076172,74.13555908203125],[110.65695190429688,74.13555908203125],[110.54084014892578,74.05409240722656],[111.06468963623047,73.97272491455078],[111.29757690429688,74.13555908203125],[111.61788177490234,74.13555908203125],[111.73590850830078,74.2171401977539],[111.41522979736328,74.2171401977539],[112.12361907958984,74.62670135498047],[113.3062973022461,74.62670135498047],[113.1828842163086,74.54456329345703],[113.61244201660156,74.54456329345703],[112.89913177490234,74.13555908203125],[111.72465515136719,74.13555908203125],[111.48148345947266,73.89147186279297],[112.004150390625,73.8103256225586],[111.8891372680664,73.72928619384766],[112.52616882324219,73.72928619384766],[112.99376678466797,74.05409240722656],[113.20706939697266,74.05409240722656],[113.08872985839844,73.97272491455078],[113.40831756591797,73.97272491455078],[113.2904281616211,73.89147186279297],[113.59849548339844,73.8103256225586],[113.35638427734375,73.56752014160156],[114.437255859375,73.72928619384766],[117.09153747558594,73.72928619384766],[116.9715347290039,73.64835357666016],[117.2896957397461,73.64835357666016],[117.4100570678711,73.72928619384766],[118.89645385742188,73.72928619384766],[118.39991760253906,73.32563781738281],[118.80906677246094,73.2452163696289],[118.6910171508789,73.1648941040039],[120.28575134277344,73.2452163696289],[120.15247344970703,73.08467102050781],[120.67872619628906,73.08467102050781],[120.55989837646484,73.00454711914062],[122.78376007080078,73.08467102050781],[122.6626968383789,73.00454711914062],[123.083251953125,73.00454711914062],[123.32704162597656,73.1648941040039],[123.22167205810547,73.1648941040039],[123.36270141601562,73.32563781738281],[123.15151977539062,73.32563781738281],[123.27566528320312,73.40616607666016],[123.06425476074219,73.40616607666016],[123.31448364257812,73.56752014160156],[123.20854949951172,73.56752014160156],[123.46183013916016,73.72928619384766],[124.014892578125,73.8103256225586],[125.37291717529297,73.72928619384766],[125.24374389648438,73.64835357666016],[126.00994873046875,73.72928619384766],[125.85697937011719,73.56752014160156],[126.51639556884766,73.64835357666016],[126.25778198242188,73.48678588867188],[126.7868881225586,73.48678588867188],[127.04666137695312,73.64835357666016],[128.0816650390625,73.56752014160156],[127.95092010498047,73.48678588867188],[128.4552459716797,73.40616607666016],[128.32550048828125,73.32563781738281],[128.95904541015625,73.32563781738281],[128.80596923828125,73.1648941040039],[129.1220703125,73.1648941040039],[128.7390594482422,72.92451477050781],[129.05413818359375,72.92451477050781],[128.9276885986328,72.84458923339844],[129.2212371826172,72.76475524902344],[128.74281311035156,72.52581787109375],[129.47418212890625,72.52581787109375],[129.33148193359375,72.36699676513672],[129.644287109375,72.36699676513672],[129.15695190429688,72.05043029785156],[129.36463928222656,72.05043029785156],[129.24427795410156,71.97151184082031],[129.45175170898438,71.97151184082031],[129.3318328857422,71.8926773071289],[129.4354705810547,71.8926773071289],[128.87254333496094,71.65669250488281],[129.38919067382812,71.65669250488281],[129.27137756347656,71.57820129394531],[129.4778289794922,71.57820129394531],[129.36041259765625,71.49979400634766],[129.4635467529297,71.49979400634766],[129.34661865234375,71.42146301269531],[129.55267333984375,71.42146301269531],[129.43614196777344,71.34321594238281],[130.0399932861328,71.26505279541016],[129.92391967773438,71.18696594238281],[130.2321014404297,71.18696594238281],[130.1162872314453,71.10896301269531],[130.32156372070312,71.10896301269531],[130.2061004638672,71.0310287475586],[130.61624145507812,71.0310287475586],[130.50094604492188,70.95317840576172],[131.1025848388672,70.87539672851562],[130.98768615722656,70.79769897460938],[131.19216918945312,70.79769897460938],[131.89093017578125,71.26505279541016],[131.78810119628906,71.26505279541016],[131.93865966796875,71.49979400634766],[131.8355255126953,71.49979400634766],[132.4602813720703,71.97151184082031],[132.87525939941406,71.97151184082031],[132.75192260742188,71.8926773071289],[132.95919799804688,71.8926773071289],[132.8363037109375,71.81393432617188],[133.14691162109375,71.81393432617188],[133.02438354492188,71.73527526855469],[133.2312469482422,71.73527526855469],[133.10914611816406,71.65669250488281],[133.6070556640625,71.57820129394531],[133.485595703125,71.49979400634766],[134.72315979003906,71.49979400634766],[135.71365356445312,71.73527526855469],[136.33425903320312,71.73527526855469],[136.20909118652344,71.65669250488281],[137.01365661621094,71.57820129394531],[136.8888702392578,71.49979400634766],[137.24241638183594,71.65669250488281],[138.48239135742188,71.65669250488281],[138.60980224609375,71.73527526855469],[139.02352905273438,71.73527526855469],[138.89572143554688,71.65669250488281],[139.10238647460938,71.65669250488281],[138.97503662109375,71.57820129394531],[139.69764709472656,71.57820129394531],[139.82571411132812,71.65669250488281],[139.5406951904297,71.73527526855469],[139.66969299316406,71.81393432617188],[139.3590850830078,71.81393432617188],[139.5147705078125,71.97151184082031],[139.41102600097656,71.97151184082031],[139.8048553466797,72.20853424072266],[139.0491485595703,72.12944030761719],[139.18051147460938,72.20853424072266],[138.972412109375,72.20853424072266],[139.1042938232422,72.2877197265625],[139.00013732910156,72.2877197265625],[139.639404296875,72.6053695678711],[140.23585510253906,72.52581787109375],[140.68531799316406,72.6053695678711],[140.82212829589844,72.68501281738281],[140.61273193359375,72.68501281738281],[140.7501220703125,72.76475524902344],[140.64532470703125,72.76475524902344],[140.92236328125,72.92451477050781],[141.3424835205078,72.92451477050781],[141.20309448242188,72.84458923339844],[146.05706787109375,72.68501281738281],[145.91482543945312,72.6053695678711],[146.81822204589844,72.52581787109375],[146.63995361328125,72.36699676513672],[146.84848022460938,72.36699676513672],[146.5336151123047,72.12944030761719],[147.4071807861328,72.44635772705078],[149.62461853027344,72.2877197265625],[149.4820556640625,72.20853424072266],[149.89828491210938,72.20853424072266],[149.75608825683594,72.12944030761719],[150.0679473876953,72.12944030761719],[149.9262237548828,72.05043029785156],[150.1339111328125,72.05043029785156],[149.9927520751953,71.97151184082031],[150.0964813232422,71.97151184082031],[149.81622314453125,71.81393432617188],[148.95315551757812,71.73527526855469],[150.09092712402344,71.73527526855469],[149.91746520996094,71.57820129394531],[150.74330139160156,71.57820129394531],[150.57064819335938,71.42146301269531],[151.8070068359375,71.42146301269531],[151.6688995361328,71.34321594238281],[152.0806121826172,71.34321594238281],[151.9427947998047,71.26505279541016],[152.21656799316406,71.18696594238281],[152.0127716064453,70.95317840576172],[152.6273956298828,70.95317840576172],[152.49168395996094,70.87539672851562],[153.20806884765625,70.87539672851562],[155.50396728515625,71.18696594238281],[157.25039672851562,71.18696594238281],[157.10870361328125,71.10896301269531],[158.2376708984375,71.10896301269531],[158.09556579589844,71.0310287475586],[159.3882598876953,70.95317840576172],[159.2461395263672,70.87539672851562],[159.65548706054688,70.87539672851562],[159.51364135742188,70.79769897460938],[159.82037353515625,70.79769897460938],[159.67886352539062,70.7200698852539],[160.1503143310547,70.64251708984375],[159.97119140625,70.48763275146484],[160.17491149902344,70.48763275146484],[159.92349243164062,70.17870330810547],[160.12646484375,70.17870330810547],[159.78009033203125,69.8708724975586],[161.022705078125,69.71734619140625],[160.88644409179688,69.64068603515625],[164.39227294921875,69.79407501220703],[164.2525634765625,69.71734619140625],[166.89659118652344,69.5640869140625],[168.20126342773438,70.10164642333984],[169.0124053955078,70.10164642333984],[168.8667449951172,70.024658203125],[169.63253784179688,69.9477310180664],[169.4434814453125,69.79407501220703],[169.5445098876953,69.79407501220703],[169.11312866210938,69.5640869140625],[168.34878540039062,69.64068603515625],[168.20635986328125,69.5640869140625],[168.40786743164062,69.5640869140625],[168.26583862304688,69.487548828125],[168.3665008544922,69.487548828125],[168.22491455078125,69.41107940673828],[168.42605590820312,69.41107940673828],[168.28485107421875,69.33467864990234],[169.34890747070312,69.25833129882812],[169.2077178955078,69.18205261230469],[169.50863647460938,69.18205261230469],[169.3677215576172,69.10584259033203],[169.6278533935547,69.0296859741211],[169.44793701171875,68.87757110595703],[170.4474639892578,68.87757110595703],[170.8709716796875,69.10584259033203],[170.770751953125,69.10584259033203],[170.9552001953125,69.25833129882812],[170.65402221679688,69.25833129882812],[170.7969207763672,69.33467864990234],[170.53807067871094,69.41107940673828],[170.6817169189453,69.487548828125],[170.4803924560547,69.487548828125],[170.62440490722656,69.5640869140625],[169.96224975585938,69.64068603515625],[170.4983673095703,69.8708724975586],[170.39724731445312,69.8708724975586],[170.5434112548828,69.9477310180664],[170.3409881591797,69.9477310180664],[170.6809539794922,70.17870330810547],[171.7972869873047,70.17870330810547],[171.64862060546875,70.10164642333984],[172.86532592773438,70.10164642333984],[172.7161407470703,70.024658203125],[173.121337890625,70.024658203125],[172.97238159179688,69.9477310180664],[173.1748046875,69.9477310180664],[173.02626037597656,69.8708724975586],[176.31224060058594,69.9477310180664],[176.1608428955078,69.8708724975586],[177.8279571533203,69.64068603515625],[177.67703247070312,69.5640869140625],[178.8860626220703,69.5640869140625],[178.73464965820312,69.487548828125],[178.98611450195312,69.41107940673828],[178.83551025390625,69.33467864990234],[179.5388946533203,69.33467864990234],[179.3882598876953,69.25833129882812],[179.78982543945312,69.25833129882812],[179.639404296875,69.18205261230469],[180,69.10584259033203],[180,65.07727813720703],[178.73532104492188,64.63926696777344],[177.52679443359375,64.71215057373047],[177.33596801757812,64.49365234375],[177.5902862548828,64.4209213256836],[177.46380615234375,64.34822845458984],[177.84437561035156,64.34822845458984],[177.7179718017578,64.27558898925781],[178.44720458984375,64.4209213256836],[178.32008361816406,64.34822845458984],[178.51036071777344,64.34822845458984],[178.3834686279297,64.27558898925781],[178.5736083984375,64.27558898925781],[178.44692993164062,64.20299530029297],[178.7003173828125,64.13044738769531],[178.54296875,63.98548889160156],[178.8909454345703,63.91307830810547],[178.57955932617188,63.623897552490234],[179.0214385986328,63.55171203613281],[178.8970489501953,63.479576110839844],[179.14993286132812,63.4074821472168],[179.02597045898438,63.33543014526367],[179.40260314941406,63.33543014526367],[179.27871704101562,63.263427734375],[179.46690368652344,63.263427734375],[179.25575256347656,62.9758415222168],[179.6957550048828,62.904052734375],[179.57321166992188,62.83230972290039],[179.7605743408203,62.83230972290039],[179.51625061035156,62.68894577026367],[179.6097869873047,62.68894577026367],[179.00460815429688,62.331268310546875],[178.56529235839844,62.4027214050293],[178.6855926513672,62.474212646484375],[178.1255340576172,62.474212646484375],[178.24575805664062,62.54574966430664],[177.05764770507812,62.61732482910156],[174.55413818359375,61.832237243652344],[173.58316040039062,61.69001388549805],[173.12901306152344,61.40604019165039],[172.8519287109375,61.40604019165039],[172.4230194091797,61.193458557128906],[172.070556640625,60.91054153442383],[171.48287963867188,60.76930236816406],[171.15518188476562,60.557716369628906],[170.68035888671875,60.48725891113281],[170.52369689941406,60.20578384399414],[170.61500549316406,60.20578384399414],[170.27923583984375,59.92485809326172],[170.0060577392578,59.92485809326172],[170.11219787597656,59.99503707885742],[169.85391235351562,60.065250396728516],[169.9604034423828,60.135501861572266],[169.7779083251953,60.135501861572266],[169.8845672607422,60.20578384399414],[169.70196533203125,60.20578384399414],[169.8087921142578,60.276100158691406],[169.62606811523438,60.276100158691406],[169.7330780029297,60.34645080566406],[169.5502166748047,60.34645080566406],[169.6573944091797,60.416839599609375],[169.47442626953125,60.416839599609375],[169.58177185058594,60.48725891113281],[168.95652770996094,60.557716369628906],[169.06398010253906,60.628211975097656],[168.42227172851562,60.628211975097656],[166.99029541015625,60.34645080566406],[166.06607055664062,59.78459548950195],[165.88418579101562,59.78459548950195],[166.01174926757812,59.99503707885742],[165.92062377929688,59.99503707885742],[166.12820434570312,60.135501861572266],[166.03697204589844,60.135501861572266],[166.1944580078125,60.48725891113281],[165.41070556640625,60.20578384399414],[164.79290771484375,59.78459548950195],[164.4513397216797,59.92485809326172],[164.56536865234375,60.065250396728516],[163.64259338378906,59.99503707885742],[163.21714782714844,59.574459075927734],[163.39866638183594,59.574459075927734],[163.27935791015625,59.36461639404297],[163.3699493408203,59.36461639404297],[163.170654296875,59.22488784790039],[163.26112365722656,59.22488784790039],[162.3843231201172,58.66725540161133],[162.47433471679688,58.66725540161133],[162.1837158203125,58.45867156982422],[162.27354431152344,58.45867156982422],[162.0810089111328,58.31977081298828],[162.1707305908203,58.31977081298828],[161.97914123535156,58.180992126464844],[162.06874084472656,58.180992126464844],[161.9675750732422,58.042335510253906],[162.23033142089844,57.97305679321289],[162.1353759765625,57.903804779052734],[162.40350341796875,57.903804779052734],[162.59400939941406,58.042335510253906],[162.86248779296875,58.042335510253906],[162.76693725585938,57.97305679321289],[163.1246795654297,57.97305679321289],[163.02915954589844,57.903804779052734],[163.3805389404297,57.8345832824707],[162.71458435058594,57.28189468383789],[162.89234924316406,57.28189468383789],[162.7989959716797,57.21294021606445],[162.8878173828125,57.21294021606445],[162.7788543701172,56.86860656738281],[163.30630493164062,56.799827575683594],[163.21409606933594,56.731075286865234],[163.39100646972656,56.731075286865234],[163.29547119140625,56.59365463256836],[163.47216796875,56.59365463256836],[163.3804473876953,56.524986267089844],[163.46873474121094,56.524986267089844],[163.37722778320312,56.45634460449219],[163.46234130859375,56.387733459472656],[163.0092315673828,56.04508590698242],[162.56959533691406,56.04508590698242],[162.65945434570312,56.11355972290039],[162.48348999023438,56.11355972290039],[162.57566833496094,56.25059127807617],[162.48757934570312,56.25059127807617],[162.75953674316406,56.45634460449219],[162.58303833007812,56.45634460449219],[161.9527130126953,55.97663879394531],[162.04058837890625,55.97663879394531],[161.77330017089844,55.70311737060547],[161.8609619140625,55.70311737060547],[161.77273559570312,55.63479995727539],[161.8603515625,55.63479995727539],[161.77232360839844,55.56651306152344],[161.85989379882812,55.56651306152344],[161.7723388671875,55.225467681884766],[161.9469757080078,55.225467681884766],[161.8600311279297,55.15733337402344],[162.03457641601562,55.15733337402344],[161.94776916503906,55.089229583740234],[162.12220764160156,55.089229583740234],[162.03553771972656,55.021148681640625],[162.2098846435547,55.021148681640625],[162.1233673095703,54.95309066772461],[162.2112274169922,54.88506317138672],[161.69801330566406,54.47740173339844],[160.7410430908203,54.545284271240234],[160.0619659423828,54.20612335205078],[159.89620971679688,54.07062530517578],[159.986572265625,54.00291442871094],[159.8264923095703,53.799922943115234],[159.9127960205078,53.799922943115234],[159.85081481933594,53.462066650390625],[160.02294921875,53.462066650390625],[159.94215393066406,53.39456558227539],[160.1141815185547,53.39456558227539],[160.03355407714844,53.32708740234375],[160.125,53.25962829589844],[159.96478271484375,53.124786376953125],[159.707275390625,53.124786376953125],[159.78713989257812,53.192195892333984],[159.52354431152344,53.25962829589844],[158.77664184570312,52.99003219604492],[158.4711151123047,52.653533935546875],[158.55662536621094,52.653533935546875],[158.4871826171875,52.51908493041992],[158.58921813964844,52.38472366333008],[158.2175750732422,51.98215103149414],[158.30264282226562,51.98215103149414],[156.77682495117188,50.97892379760742],[156.60794067382812,50.97892379760742],[156.66671752929688,51.112430572509766],[156.49766540527344,51.112430572509766],[156.55711364746094,51.24601745605469],[156.3878936767578,51.24601745605469],[156.41250610351562,51.580322265625],[156.32769775390625,51.580322265625],[156.40101623535156,51.64724349975586],[156.31614685058594,51.64724349975586],[156.38966369628906,51.71418380737305],[156.3047637939453,51.71418380737305],[156.3784942626953,51.78114318847656],[156.29354858398438,51.78114318847656],[156.3674774169922,51.84812545776367],[156.28248596191406,51.84812545776367],[156.35662841796875,51.91512680053711],[156.27159118652344,51.91512680053711],[156.34593200683594,51.98215103149414],[156.26084899902344,51.98215103149414],[156.33538818359375,52.0491943359375],[156.25027465820312,52.0491943359375],[156.3250274658203,52.11625671386719],[156.2398681640625,52.11625671386719],[156.31480407714844,52.18334197998047],[156.22959899902344,52.18334197998047],[156.30474853515625,52.250450134277344],[156.21949768066406,52.250450134277344],[156.29486083984375,52.31757736206055],[156.20956420898438,52.31757736206055],[156.2851104736328,52.38472366333008],[156.11444091796875,52.38472366333008],[156.17135620117188,52.586299896240234],[156.0004119873047,52.586299896240234],[156.07667541503906,52.653533935546875],[155.9056396484375,52.653533935546875],[155.9471893310547,52.99003219604492],[155.8614501953125,52.99003219604492],[155.9388427734375,53.057395935058594],[155.85305786132812,53.057395935058594],[155.93064880371094,53.124786376953125],[155.84481811523438,53.124786376953125],[155.922607421875,53.192195892333984],[155.83673095703125,53.192195892333984],[155.9147186279297,53.25962829589844],[155.82879638671875,53.25962829589844],[155.90696716308594,53.32708740234375],[155.8209991455078,53.32708740234375],[155.8993682861328,53.39456558227539],[155.8133544921875,53.39456558227539],[155.8919219970703,53.462066650390625],[155.8058624267578,53.462066650390625],[155.88461303710938,53.52959060668945],[155.7985076904297,53.52959060668945],[155.87745666503906,53.597137451171875],[155.79129028320312,53.597137451171875],[155.8704376220703,53.664710998535156],[155.78424072265625,53.664710998535156],[155.86355590820312,53.732303619384766],[155.77731323242188,53.732303619384766],[155.85682678222656,53.799922943115234],[155.77053833007812,53.799922943115234],[155.85025024414062,53.86756134033203],[155.67755126953125,53.86756134033203],[155.7328338623047,54.20612335205078],[155.64625549316406,54.20612335205078],[155.72705078125,54.27390670776367],[155.5537872314453,54.27390670776367],[155.61325073242188,54.613189697265625],[155.52638244628906,54.613189697265625],[155.6082305908203,54.681121826171875],[155.43438720703125,54.681121826171875],[155.49790954589844,55.021148681640625],[155.41073608398438,55.021148681640625],[155.49362182617188,55.089229583740234],[155.40640258789062,55.089229583740234],[155.4894561767578,55.15733337402344],[155.40219116210938,55.15733337402344],[155.48544311523438,55.225467681884766],[155.3981170654297,55.225467681884766],[155.48153686523438,55.29362487792969],[155.3941650390625,55.29362487792969],[155.56161499023438,55.430015563964844],[155.47064208984375,55.498252868652344],[155.55484008789062,55.56651306152344],[155.46726989746094,55.56651306152344],[155.548583984375,55.70311737060547],[155.46092224121094,55.70311737060547],[155.63064575195312,55.83982467651367],[155.5402069091797,55.90821838378906],[155.62554931640625,55.97663879394531],[155.5376739501953,55.97663879394531],[155.6232147216797,56.04508590698242],[155.5352783203125,56.04508590698242],[155.7069549560547,56.182064056396484],[155.61697387695312,56.25059127807617],[155.7032928466797,56.319149017333984],[155.6151580810547,56.319149017333984],[155.78842163085938,56.45634460449219],[155.69882202148438,56.524986267089844],[156.84922790527344,57.35087585449219],[156.7602996826172,57.35087585449219],[156.94064331054688,57.488929748535156],[156.76254272460938,57.488929748535156],[156.85450744628906,57.62710189819336],[156.67774963378906,57.696231842041016],[156.8620147705078,57.903804779052734],[157.3958740234375,57.8345832824707],[157.67202758789062,58.042335510253906],[158.39501953125,58.180992126464844],[159.22915649414062,58.59769821166992],[159.6112518310547,58.876129150390625],[159.5269775390625,58.94581604003906],[160.50228881835938,59.64447021484375],[160.87393188476562,59.714515686035156],[161.5660858154297,60.135501861572266],[161.99412536621094,60.557716369628906],[162.6585693359375,60.69873809814453],[163.0622100830078,60.91054153442383],[163.33798217773438,60.91054153442383],[163.23353576660156,60.83990478515625],[163.3253936767578,60.83990478515625],[163.62667846679688,60.9812126159668],[163.35072326660156,60.9812126159668],[163.8784637451172,61.335140228271484],[163.78616333007812,61.335140228271484],[163.89251708984375,61.40604019165039],[163.6154327392578,61.40604019165039],[163.7361602783203,61.547950744628906],[163.6436767578125,61.547950744628906],[163.8578338623047,61.69001388549805],[163.7652130126953,61.69001388549805],[163.98045349121094,61.832237243652344],[163.8876953125,61.832237243652344],[164.01112365722656,61.97461700439453],[163.8253631591797,61.97461700439453],[163.949462890625,62.117156982421875],[163.85646057128906,62.117156982421875],[164.2005615234375,62.4027214050293],[164.6077880859375,62.54574966430664],[164.51437377929688,62.54574966430664],[164.62510681152344,62.61732482910156],[164.4381561279297,62.61732482910156],[164.549072265625,62.68894577026367],[163.30003356933594,62.54574966430664],[163.1904754638672,62.474212646484375],[163.47052001953125,62.474212646484375],[163.14308166503906,62.259857177734375],[163.23623657226562,62.259857177734375],[163.06753540039062,61.90340805053711],[163.42393493652344,61.832237243652344],[162.9962158203125,61.547950744628906],[162.7324676513672,61.618961334228516],[162.8389892578125,61.69001388549805],[162.26968383789062,61.618961334228516],[160.74266052246094,60.76930236816406],[160.1717529296875,60.628211975097656],[159.9884033203125,60.628211975097656],[160.23402404785156,61.05192565917969],[159.6713409423828,60.9812126159668],[159.8172149658203,61.335140228271484],[159.7248992919922,61.335140228271484],[160.24557495117188,61.69001388549805],[160.1529541015625,61.69001388549805],[160.28302001953125,61.90340805053711],[159.68984985351562,61.69001388549805],[159.31935119628906,61.69001388549805],[159.42372131347656,61.7611083984375],[159.15736389160156,61.832237243652344],[159.2620391845703,61.90340805053711],[158.9835968017578,61.90340805053711],[157.09642028808594,61.69001388549805],[155.48977661132812,60.557716369628906],[154.83067321777344,60.34645080566406],[154.53536987304688,60.065250396728516],[154.6265411376953,60.065250396728516],[154.2480926513672,59.85470962524414],[154.42141723632812,59.714515686035156],[154.13734436035156,59.504478454589844],[154.96221923828125,59.64447021484375],[154.8671112060547,59.574459075927734],[155.22152709960938,59.434532165527344],[155.12295532226562,59.294734954833984],[155.21348571777344,59.294734954833984],[154.9347686767578,59.15507125854492],[154.39547729492188,59.22488784790039],[154.20863342285156,59.08528518676758],[153.7568817138672,59.08528518676758],[153.84988403320312,59.15507125854492],[153.40036010742188,59.22488784790039],[153.0341033935547,59.08528518676758],[152.8481903076172,58.876129150390625],[152.48886108398438,58.94581604003906],[152.58065795898438,59.015533447265625],[152.21949768066406,59.015533447265625],[152.03662109375,58.876129150390625],[151.2250518798828,58.876129150390625],[151.3158416748047,58.94581604003906],[151.04571533203125,59.015533447265625],[151.22808837890625,59.15507125854492],[152.0451202392578,59.294734954833984],[151.59249877929688,59.294734954833984],[151.68467712402344,59.36461639404297],[151.32559204101562,59.504478454589844],[151.41818237304688,59.574459075927734],[150.32786560058594,59.504478454589844],[150.4197998046875,59.574459075927734],[149.4239501953125,59.78459548950195],[149.1503448486328,59.714515686035156],[148.96734619140625,59.504478454589844],[148.7859344482422,59.504478454589844],[148.6952667236328,59.434532165527344],[148.96719360351562,59.434532165527344],[148.6056671142578,59.22488784790039],[148.3342742919922,59.22488784790039],[148.4241485595703,59.294734954833984],[148.2430877685547,59.294734954833984],[148.33309936523438,59.36461639404297],[146.43084716796875,59.36461639404297],[146.2556915283203,59.15507125854492],[145.80364990234375,59.15507125854492],[145.89169311523438,59.22488784790039],[145.70840454101562,59.294734954833984],[145.7967529296875,59.36461639404297],[145.52500915527344,59.36461639404297],[145.61341857910156,59.434532165527344],[145.06956481933594,59.434532165527344],[143.07925415039062,59.36461639404297],[142.0166778564453,59.015533447265625],[141.76815795898438,58.73685073852539],[140.90098571777344,58.38920593261719],[140.3434295654297,57.7653923034668],[139.99501037597656,57.696231842041016],[139.5063018798828,57.35087585449219],[138.66893005371094,57.00625228881836],[138.0637969970703,56.387733459472656],[137.4349822998047,55.97663879394531],[135.20361328125,54.95309066772461],[135.2907257080078,54.95309066772461],[135.23583984375,54.817054748535156],[135.40988159179688,54.817054748535156],[135.33908081054688,54.74907684326172],[135.6869659423828,54.74907684326172],[135.6161651611328,54.681121826171875],[136.9199981689453,54.681121826171875],[136.84866333007812,54.613189697265625],[136.95118713378906,54.545284271240234],[136.809326171875,54.4095458984375],[136.9120635986328,54.341712951660156],[136.6818084716797,53.86756134033203],[137.0271759033203,53.86756134033203],[137.15016174316406,54.07062530517578],[136.97718811035156,54.07062530517578],[137.2587890625,54.341712951660156],[137.6921844482422,54.341712951660156],[137.32313537597656,54.07062530517578],[137.85813903808594,54.00291442871094],[137.2677001953125,53.597137451171875],[138.09605407714844,53.732303619384766],[138.37677001953125,54.00291442871094],[138.6204376220703,54.07062530517578],[138.51837158203125,54.138362884521484],[138.73233032226562,54.341712951660156],[140.0325164794922,54.341712951660156],[139.96026611328125,54.27390670776367],[140.13352966308594,54.27390670776367],[140.07598876953125,54.138362884521484],[140.2490692138672,54.138362884521484],[140.20689392089844,53.93522644042969],[140.58224487304688,53.799922943115234],[140.5110626220703,53.732303619384766],[140.76980590820312,53.732303619384766],[140.69869995117188,53.664710998535156],[140.87110900878906,53.664710998535156],[140.80010986328125,53.597137451171875],[140.98765563964844,53.52959060668945],[140.91696166992188,53.462066650390625],[141.46395874023438,53.32708740234375],[141.1139678955078,52.99003219604492],[141.3017120361328,52.92268753051758],[141.23243713378906,52.85536575317383],[141.3512420654297,52.720787048339844],[141.1456756591797,52.51908493041992],[141.23109436035156,52.51908493041992],[141.19793701171875,52.31757736206055],[141.55662536621094,52.250450134277344],[141.3546142578125,52.0491943359375],[141.45787048339844,51.98215103149414],[140.95657348632812,51.64724349975586],[140.82566833496094,51.51342010498047],[140.93002319335938,51.44654083251953],[140.65115356445312,51.24601745605469],[140.77642822265625,51.112430572509766],[140.48045349121094,50.71213912963867],[140.56472778320312,50.71213912963867],[140.4396209716797,50.578861236572266],[140.54571533203125,50.51224899291992],[140.42181396484375,50.37908172607422],[140.50588989257812,50.37908172607422],[140.48951721191406,50.17946243286133],[140.74139404296875,50.17946243286133],[140.43783569335938,49.84712600708008],[140.5929718017578,49.64793395996094],[140.38092041015625,49.316287994384766],[140.46437072753906,49.316287994384766],[140.2825469970703,48.91886520385742],[140.36578369140625,48.91886520385742],[140.19395446777344,48.72037124633789],[140.27706909179688,48.72037124633789],[140.16339111328125,48.5881233215332],[140.24642944335938,48.5881233215332],[140.02110290527344,48.323814392089844],[139.35755920410156,47.92780685424805],[138.8994903564453,47.26897048950195],[138.62857055664062,47.13737487792969],[138.41775512695312,46.87434005737305],[138.49989318847656,46.87434005737305],[138.34307861328125,46.677207946777344],[138.42510986328125,46.677207946777344],[137.8590850830078,45.95537567138672],[136.71914672851562,45.10417556762695],[136.1484375,44.45067596435547],[135.986572265625,44.45067596435547],[135.1095733642578,43.472347259521484],[134.22183227539062,43.016544342041016],[133.2723388671875,42.691246032714844],[132.95187377929688,42.691246032714844],[132.99696350097656,42.75628662109375],[132.5611114501953,42.82133865356445],[132.60623168945312,42.88639831542969],[132.20521545410156,42.88639831542969],[132.27102661132812,43.211830139160156],[132.0999298095703,43.08163070678711],[131.77874755859375,43.08163070678711],[131.9146728515625,43.276947021484375],[131.75390625,43.276947021484375],[131.22511291503906,42.62621307373047],[130.90475463867188,42.62621307373047],[130.7727508544922,42.43117141723633],[130.6927490234375,42.43117141723633],[130.49652099609375,42.496177673339844],[130.54042053222656,42.56119155883789],[130.3002471923828,42.56119155883789],[130.20010375976562,42.88639831542969],[129.84327697753906,42.95146560668945],[129.69625854492188,42.496177673339844],[129.16644287109375,42.30118942260742],[128.8355255126953,42.041324615478516],[128.0749053955078,41.97637939453125],[127.9908447265625,41.84651184082031],[128.15032958984375,41.84651184082031],[128.10841369628906,41.781593322753906],[128.26783752441406,41.781593322753906],[128.3435821533203,41.65177917480469],[128.0981903076172,41.39224624633789],[127.34373474121094,41.45711898803711],[127.38482666015625,41.521995544433594],[127.1075439453125,41.586883544921875],[127.07218170166016,41.781593322753906],[126.83304595947266,41.781593322753906],[126.10708618164062,41.00318908691406],[124.56999206542969,40.29063034057617],[124.26568603515625,39.90232849121094],[124.22863006591797,39.8376350402832],[123.59744262695312,39.8376350402832],[122.93595886230469,39.64360046386719],[122.17044830322266,39.25570297241211],[121.95193481445312,38.997230529785156],[121.71622467041016,38.997230529785156],[121.42170715332031,38.738853454589844],[121.02933502197266,38.738853454589844],[121.20073699951172,39.06184005737305],[121.51512908935547,39.06184005737305],[121.69013214111328,39.38497543334961],[121.2965316772461,39.38497543334961],[121.20963287353516,39.51427459716797],[121.28069305419922,39.64360046386719],[121.43833923339844,39.64360046386719],[121.50332641601562,39.90232849121094],[121.7764663696289,39.9670295715332],[122.11848449707031,40.29063034057617],[122.23056030273438,40.4848747253418],[122.10609436035156,40.6791877746582],[121.82695770263672,40.74397277832031],[121.82366180419922,40.873565673828125],[121.1097640991211,40.873565673828125],[120.9967269897461,40.6791877746582],[120.64734649658203,40.4848747253418],[120.50029754638672,40.225894927978516],[119.88165283203125,39.9670295715332],[119.80270385742188,39.9670295715332],[119.587890625,40.29063034057617],[119.42972564697266,40.29063034057617],[119.38078308105469,40.4848747253418],[118.57698059082031,40.74397277832031],[118.72042846679688,41.132843017578125],[118.64099884033203,41.132843017578125],[118.94744873046875,41.521995544433594],[119.9356918334961,41.97637939453125],[120.17340087890625,42.236209869384766],[120.89398956298828,42.62621307373047],[121.29442596435547,42.62621307373047],[121.57717895507812,42.82133865356445],[121.9390640258789,42.88639831542969],[122.14350891113281,43.08163070678711],[122.70556640625,43.08163070678711],[123.27984619140625,43.472347259521484],[123.08084869384766,43.53750228881836],[123.25148010253906,43.79821014404297],[123.13304901123047,43.86341094970703],[123.21896362304688,43.99384307861328],[123.10604858398438,44.18956756591797],[122.94441986083984,44.18956756591797],[122.79977416992188,44.58129119873047],[122.63777923583984,44.58129119873047],[122.6436996459961,44.71194839477539],[122.34608459472656,44.38538360595703],[122.06039428710938,44.32010269165039],[122.14643096923828,44.45067596435547],[122.02763366699219,44.5159797668457],[122.07078552246094,44.58129119873047],[121.67095184326172,44.71194839477539],[121.67630004882812,44.842647552490234],[121.59516906738281,44.842647552490234],[121.77464294433594,45.23500442504883],[121.6556396484375,45.300437927246094],[121.74947357177734,45.56227111816406],[121.55545043945312,45.75876998901367],[121.73253631591797,46.02093505859375],[122.38616943359375,46.02093505859375],[122.73815155029297,46.414546966552734],[122.50118255615234,46.54585266113281],[122.6379623413086,46.74290466308594],[122.93008422851562,46.808616638183594],[123.27938079833984,47.07159423828125],[123.16140747070312,47.13737487792969],[123.20803833007812,47.20316696166992],[123.04342651367188,47.20316696166992],[122.85791778564453,46.94007873535156],[122.52924346923828,46.94007873535156],[122.50323486328125,47.13737487792969],[122.18435668945312,47.26897048950195],[122.27734375,47.4006233215332],[123.78755950927734,48.455936431884766],[124.08587646484375,48.52202224731445],[124.07017517089844,48.38986587524414],[124.23605346679688,48.38986587524414],[124.73687744140625,49.051273345947266],[126.6475601196289,49.78071212768555],[127.30615997314453,50.37908172607422],[127.19352722167969,50.445655822753906],[127.30517578125,50.578861236572266],[127.1648178100586,50.71213912963867],[127.19348907470703,50.84549331665039],[127.02477264404297,50.84549331665039],[127.0265121459961,51.04566955566406],[126.85755157470703,51.04566955566406],[126.77974700927734,51.44654083251953],[126.69501495361328,51.44654083251953],[126.75310516357422,51.51342010498047],[126.6683349609375,51.51342010498047],[126.72657775878906,51.580322265625],[126.64176177978516,51.580322265625],[126.7001724243164,51.64724349975586],[126.61531066894531,51.64724349975586],[126.67387390136719,51.71418380737305],[126.5889663696289,51.71418380737305],[126.64768981933594,51.78114318847656],[126.562744140625,51.78114318847656],[126.62161254882812,51.84812545776367],[126.4516372680664,51.84812545776367],[126.40771484375,52.18334197998047],[126.322509765625,52.18334197998047],[126.38225555419922,52.250450134277344],[126.29701232910156,52.250450134277344],[126.3569107055664,52.31757736206055],[126.27162170410156,52.31757736206055],[126.33167266845703,52.38472366333008],[126.246337890625,52.38472366333008],[126.3065414428711,52.4518928527832],[126.02523803710938,52.51908493041992],[126.06075286865234,52.653533935546875],[125.88972473144531,52.653533935546875],[125.90101623535156,52.85536575317383],[125.61939239501953,52.92268753051758],[125.65613555908203,53.057395935058594],[125.48456573486328,53.057395935058594],[125.54598236083984,53.124786376953125],[124.68766021728516,53.124786376953125],[124.74880981445312,53.192195892333984],[124.4052963256836,53.192195892333984],[124.4664535522461,53.25962829589844],[124.18391418457031,53.32708740234375],[124.2452621459961,53.39456558227539],[123.79042053222656,53.462066650390625],[123.85186004638672,53.52959060668945],[123.1629867553711,53.52959060668945],[121.08898162841797,53.32708740234375],[120.42314910888672,53.057395935058594],[119.90364074707031,52.653533935546875],[120.53005981445312,52.586299896240234],[120.5005874633789,52.4518928527832],[120.6705551147461,52.250450134277344],[120.55712127685547,52.11625671386719],[120.6709213256836,52.0491943359375],[120.19185638427734,51.78114318847656],[119.64573669433594,51.112430572509766],[119.73025512695312,51.112430572509766],[119.15091705322266,50.37908172607422],[119.3327407836914,50.17946243286133],[119.01231384277344,49.98000717163086],[118.5428695678711,49.91355895996094],[117.82736206054688,49.51522445678711],[116.68476867675781,49.78071212768555],[116.73384094238281,49.84712600708008],[116.4478988647461,49.91355895996094],[116.49718475341797,49.98000717163086],[115.3585205078125,49.91355895996094],[115.40729522705078,49.98000717163086],[115.00191497802734,50.11296081542969],[115.05101013183594,50.17946243286133],[114.79914093017578,50.17946243286133],[114.84830474853516,50.2459831237793],[114.00835418701172,50.2459831237793],[113.26355743408203,49.91355895996094],[112.72975158691406,49.51522445678711],[111.2176284790039,49.38258361816406],[110.74810791015625,49.18375015258789],[109.74756622314453,49.18375015258789],[109.7921371459961,49.2500114440918],[109.37506103515625,49.2500114440918],[109.41960144042969,49.316287994384766],[108.37891387939453,49.38258361816406],[108.42328643798828,49.44889450073242],[108.21710968017578,49.51522445678711],[108.26168823242188,49.58156967163086],[107.97184753417969,49.64793395996094],[107.90045166015625,49.91355895996094],[107.73284912109375,49.91355895996094],[107.778076171875,49.98000717163086],[107.27505493164062,49.98000717163086],[107.32022094726562,50.04647445678711],[106.78478240966797,50.2459831237793],[106.83031463623047,50.312522888183594],[106.41014099121094,50.312522888183594],[106.45564270019531,50.37908172607422],[104.90313720703125,50.445655822753906],[104.05284118652344,50.17946243286133],[103.2972412109375,50.17946243286133],[103.34098052978516,50.2459831237793],[103.1729965209961,50.2459831237793],[103.2168197631836,50.312522888183594],[102.88067626953125,50.312522888183594],[102.92450714111328,50.37908172607422],[102.75635528564453,50.37908172607422],[102.8002700805664,50.445655822753906],[102.2992172241211,50.578861236572266],[102.30332946777344,50.71213912963867],[102.21905517578125,50.71213912963867],[102.30792999267578,50.84549331665039],[102.06499481201172,51.112430572509766],[102.15538024902344,51.24601745605469],[101.99232482910156,51.37968063354492],[102.03794860839844,51.44654083251953],[101.86848449707031,51.44654083251953],[101.91417694091797,51.51342010498047],[101.27536010742188,51.44654083251953],[101.32075500488281,51.51342010498047],[100.94223022460938,51.580322265625],[100.98772430419922,51.64724349975586],[100.73314666748047,51.64724349975586],[100.77867889404297,51.71418380737305],[100.09945678710938,51.71418380737305],[100.1447982788086,51.78114318847656],[99.68035888671875,51.84812545776367],[99.72575378417969,51.91512680053711],[99.38562774658203,51.91512680053711],[99.43099212646484,51.98215103149414],[99.2608413696289,51.98215103149414],[99.3062744140625,52.0491943359375],[98.80116271972656,52.18334197998047],[98.76768493652344,52.38472366333008],[98.68234252929688,52.38472366333008],[98.78131866455078,52.653533935546875],[98.69580841064453,52.653533935546875],[98.8354721069336,52.85536575317383],[98.71092987060547,52.92268753051758],[98.75784301757812,52.99003219604492],[97.81468963623047,52.99003219604492],[97.86124420166016,53.057395935058594],[97.39295196533203,53.124786376953125],[97.43952178955078,53.192195892333984],[97.01728057861328,53.32708740234375],[97.06401062011719,53.39456558227539],[96.80596160888672,53.39456558227539],[96.85269165039062,53.462066650390625],[96.42964935302734,53.597137451171875],[96.1114501953125,53.25962829589844],[94.51556396484375,53.057395935058594],[93.86016845703125,52.31757736206055],[93.13627624511719,51.84812545776367],[92.71295928955078,51.71418380737305],[91.10346221923828,51.580322265625],[91.1440200805664,51.64724349975586],[90.7197265625,51.64724349975586],[90.76020812988281,51.71418380737305],[90.59040069580078,51.71418380737305],[90.63094329833984,51.78114318847656],[90.2911605834961,51.78114318847656],[89.75177764892578,51.44654083251953],[89.28882598876953,51.37968063354492],[89.08718872070312,51.17921447753906],[89.25631713867188,51.17921447753906],[89.39368438720703,50.97892379760742],[89.95314025878906,50.77880859375],[90.09091186523438,50.578861236572266],[89.97700500488281,50.37908172607422],[89.5657958984375,50.2459831237793],[89.45447540283203,50.04647445678711],[89.63236236572266,49.91355895996094],[89.60647583007812,49.71431350708008],[88.9966049194336,49.51522445678711],[88.32806396484375,49.51522445678711],[87.90239715576172,49.18375015258789],[87.41675567626953,49.051273345947266],[87.06861114501953,49.18375015258789],[86.75032806396484,49.051273345947266],[86.64897918701172,48.852684020996094],[86.78173828125,48.786521911621094],[86.59848022460938,48.5881233215332],[85.63751220703125,48.323814392089844],[85.46395874023438,47.79592514038086],[85.61689758300781,47.598209381103516],[85.55406188964844,47.46647262573242],[85.73870849609375,47.33478927612305],[85.67636108398438,47.20316696166992],[85.14179229736328,46.94007873535156],[83.90924072265625,46.94007873535156],[83.93936920166016,47.005828857421875],[83.61055755615234,47.005828857421875],[83.50623321533203,47.13737487792969],[83.34169006347656,47.13737487792969],[83.37178039550781,47.20316696166992],[83.04255676269531,47.20316696166992],[82.31475830078125,45.56227111816406],[82.71826171875,45.36587905883789],[82.55207824707031,45.169586181640625],[81.90180206298828,45.169586181640625],[81.79508209228516,45.300437927246094],[81.38834381103516,45.300437927246094],[79.95085144042969,44.973392486572266],[79.97791290283203,44.842647552490234],[80.41033935546875,44.71194839477539],[80.30226135253906,44.45067596435547],[80.38319396972656,44.45067596435547],[80.35716247558594,43.99384307861328],[80.73538970947266,43.53750228881836],[80.68252563476562,43.407203674316406],[80.79065704345703,43.276947021484375],[80.63168334960938,43.08163070678711],[80.47109985351562,43.08163070678711],[80.47344207763672,42.88639831542969],[80.28723907470703,42.82133865356445],[80.14240264892578,42.041324615478516],[78.77457427978516,41.586883544921875],[78.02827453613281,41.06801223754883],[76.89373016357422,41.00318908691406],[76.45368957519531,40.42012023925781],[76.27342987060547,40.355369567871094],[75.77702331542969,40.29063034057617],[75.64057159423828,40.355369567871094],[75.6489486694336,40.614410400390625],[75.49051666259766,40.614410400390625],[75.18754577636719,40.42012023925781],[74.89260864257812,40.4848747253418],[74.46929931640625,40.16116714477539],[73.93253326416016,39.9670295715332],[73.88824462890625,39.57893371582031],[73.7104263305664,39.51427459716797],[73.61043548583984,39.19107437133789],[73.78703308105469,38.997230529785156],[73.76799774169922,38.67427444458008],[73.96465301513672,38.54513168334961],[74.1602554321289,38.67427444458008],[74.47406005859375,38.67427444458008],[74.86648559570312,38.416015625],[74.78929138183594,38.157840728759766],[74.8675537109375,38.157840728759766],[74.86949920654297,37.89975357055664],[75.0284423828125,37.641746520996094],[74.9724349975586,37.44829177856445],[75.0504379272461,37.44829177856445],[74.91697692871094,37.254878997802734],[74.79792022705078,37.38381576538086],[74.09605407714844,37.38381576538086],[73.82582092285156,37.254878997802734],[73.72431945800781,37.44829177856445],[73.33428192138672,37.44829177856445],[72.24005126953125,36.8681755065918],[71.58341979980469,36.73930740356445],[71.41844177246094,36.9970588684082],[71.56851959228516,37.835243225097656],[71.27379608154297,37.89975357055664],[71.3639907836914,38.22237777709961],[71.18379211425781,38.416015625],[70.71366119384766,38.416015625],[70.2146987915039,38.028785705566406],[70.16192626953125,37.835243225097656],[70.26583862304688,37.641746520996094],[70.07515716552734,37.51277160644531],[69.5460205078125,37.5772590637207],[69.3497543334961,37.12596130371094],[69.1160659790039,37.12596130371094],[69.0102767944336,37.3193473815918],[68.7763900756836,37.3193473815918],[68.1487045288086,36.9970588684082],[67.91515350341797,36.9970588684082],[67.74652099609375,37.254878997802734],[67.12300109863281,37.254878997802734],[66.99945068359375,37.38381576538086],[66.51548767089844,37.3193473815918],[65.70548248291016,37.51277160644531],[65.564208984375,37.254878997802734],[64.83184051513672,37.12596130371094],[64.6951675415039,36.5460319519043],[64.29588317871094,36.15959167480469],[63.138858795166016,35.837650299072266],[63.16013717651367,35.58015823364258],[62.963775634765625,35.38706970214844],[62.304466247558594,35.194007873535156],[62.190589904785156,35.38706970214844],[61.80400085449219,35.38706970214844],[61.303009033203125,35.58015823364258],[61.343589782714844,35.77327346801758],[61.21587371826172,35.902034759521484],[61.270694732666016,36.15959167480469],[61.19312286376953,36.15959167480469],[61.135074615478516,36.61045455932617],[60.43560028076172,36.61045455932617],[59.92444610595703,37.12596130371094],[59.40696334838867,37.254878997802734],[59.16501998901367,37.5772590637207],[58.39836883544922,37.641746520996094],[57.907169342041016,37.89975357055664],[57.51633071899414,37.89975357055664],[57.19456481933594,38.22237777709961],[56.582061767578125,38.28691864013672],[56.306182861328125,38.09331130981445],[55.1976318359375,38.028785705566406],[54.832679748535156,37.7707405090332],[54.794071197509766,37.5772590637207],[54.61253356933594,37.44829177856445],[54.041534423828125,37.3193473815918],[53.96357345581055,37.3193473815918],[53.90790557861328,37.835243225097656],[53.82976150512695,37.835243225097656],[53.98678207397461,38.997230529785156],[53.5175895690918,39.38497543334961],[53.13750457763672,39.449623107910156],[53.54492950439453,39.51427459716797],[53.498451232910156,40.031734466552734],[52.78766632080078,40.031734466552734],[52.778533935546875,40.355369567871094],[52.69942855834961,40.355369567871094],[52.89295959472656,40.873565673828125],[52.97228240966797,40.873565673828125],[52.943321228027344,40.74397277832031],[53.33966064453125,40.74397277832031],[53.448211669921875,40.873565673828125],[53.40435791015625,40.6791877746582],[54.370140075683594,40.74397277832031],[54.40007400512695,40.873565673828125],[54.66834259033203,41.00318908691406],[54.729549407958984,41.26253128051758],[54.090518951416016,41.586883544921875],[53.91130447387695,42.17123794555664],[53.19236373901367,42.17123794555664],[52.811973571777344,41.911441802978516],[52.80158615112305,41.521995544433594],[52.721988677978516,41.521995544433594],[52.49290466308594,41.911441802978516],[52.52302169799805,42.041324615478516],[52.44319534301758,42.041324615478516],[52.679012298583984,42.36617660522461],[52.78733444213867,42.82133865356445],[52.41746520996094,42.95146560668945],[51.936058044433594,42.95146560668945],[51.772151947021484,43.276947021484375],[51.43531036376953,43.211830139160156],[51.30513381958008,43.342071533203125],[51.31692886352539,43.73301696777344],[51.040714263916016,43.92862319946289],[51.07164001464844,44.05907440185547],[50.87572479248047,44.25482940673828],[50.19388198852539,44.45067596435547],[50.224510192871094,44.58129119873047],[50.40192413330078,44.64661407470703],[50.85692596435547,44.5159797668457],[51.42369842529297,44.5159797668457],[51.47117233276367,44.71194839477539],[51.016197204589844,44.842647552490234],[51.0634765625,45.03877639770508],[51.468292236328125,45.36587905883789],[51.87519073486328,45.36587905883789],[52.086769104003906,45.23500442504883],[53.8757209777832,45.23500442504883],[53.80810546875,44.973392486572266],[54.29523849487305,44.973392486572266],[54.363616943359375,45.23500442504883],[54.21808624267578,45.300437927246094],[54.286781311035156,45.56227111816406],[53.87939453125,45.56227111816406],[53.66555404663086,45.36587905883789],[53.42141342163086,45.36587905883789],[53.06462860107422,45.56227111816406],[53.067134857177734,45.889827728271484],[53.247371673583984,45.95537567138672],[53.34987258911133,46.348915100097656],[53.26800537109375,46.348915100097656],[53.27227020263672,46.677207946777344],[53.19023513793945,46.677207946777344],[53.242305755615234,46.87434005737305],[53.112831115722656,47.005828857421875],[51.862857818603516,46.94007873535156],[51.81448745727539,47.07159423828125],[51.58463668823242,47.13737487792969],[50.84418869018555,47.13737487792969],[50.3016242980957,46.94007873535156],[49.990848541259766,46.677207946777344],[49.303199768066406,46.54585266113281],[49.06181335449219,46.21768569946289],[48.6375732421875,46.1520881652832],[48.59209442138672,45.95537567138672],[48.34708023071289,45.95537567138672],[48.05744171142578,45.75876998901367],[47.56800079345703,45.75876998901367],[47.457275390625,45.62776184082031],[47.53878402709961,45.62776184082031],[47.52421569824219,45.56227111816406],[47.48066329956055,45.36587905883789],[47.332332611083984,45.431331634521484],[47.289119720458984,45.23500442504883],[47.09792709350586,45.10417556762695]]],[[[164.4806671142578,58.876129150390625],[163.5387420654297,58.528167724609375],[163.26907348632812,58.528167724609375],[163.75927734375,58.876129150390625],[163.66909790039062,58.876129150390625],[163.7766571044922,59.015533447265625],[163.68637084960938,59.015533447265625],[164.25624084472656,59.22488784790039],[164.34671020507812,59.22488784790039],[164.80908203125,59.294734954833984],[164.68907165527344,59.08528518676758],[164.7794189453125,59.08528518676758],[164.4806671142578,58.876129150390625]]],[[[140.0525665283203,73.56752014160156],[140.37037658691406,73.56752014160156],[141.10574340820312,73.97272491455078],[142.70367431640625,73.97272491455078],[142.55284118652344,73.89147186279297],[142.97848510742188,73.89147186279297],[142.8281707763672,73.8103256225586],[143.1470489501953,73.8103256225586],[142.9973907470703,73.72928619384766],[143.4850311279297,73.64835357666016],[143.3366241455078,73.56752014160156],[143.61245727539062,73.48678588867188],[143.425048828125,73.32563781738281],[143.27981567382812,73.2452163696289],[140.99644470214844,73.32563781738281],[141.13995361328125,73.40616607666016],[139.51817321777344,73.32563781738281],[140.0525665283203,73.56752014160156]]],[[[135.61224365234375,74.298828125],[136.32122802734375,74.2171401977539],[136.42813110351562,74.2171401977539],[136.06190490722656,73.89147186279297],[135.56626892089844,73.97272491455078],[135.7100372314453,74.05409240722656],[135.283447265625,74.05409240722656],[135.61224365234375,74.298828125]]],[[[141.23829650878906,74.2171401977539],[140.89268493652344,73.97272491455078],[140.10543823242188,73.89147186279297],[140.25352478027344,73.97272491455078],[139.82740783691406,73.97272491455078],[140.0188446044922,74.13555908203125],[139.91207885742188,74.13555908203125],[140.36642456054688,74.38063049316406],[140.90213012695312,74.38063049316406],[141.00926208496094,74.38063049316406],[141.1164093017578,74.38063049316406],[140.96304321289062,74.298828125],[141.17706298828125,74.298828125],[141.02452087402344,74.2171401977539],[141.23829650878906,74.2171401977539]]],[[[150.75564575195312,74.95640563964844],[150.09046936035156,74.79132080078125],[147.93502807617188,74.79132080078125],[148.1023712158203,74.8738021850586],[147.34706115722656,74.8738021850586],[147.51470947265625,74.95640563964844],[146.9745635986328,74.95640563964844],[147.14280700683594,75.03912353515625],[146.60198974609375,75.03912353515625],[146.7708282470703,75.12195587158203],[146.12106323242188,75.12195587158203],[146.29034423828125,75.20491790771484],[146.073486328125,75.20491790771484],[146.43495178222656,75.53797912597656],[146.32598876953125,75.53797912597656],[146.6764678955078,75.70527648925781],[147.15524291992188,75.6215591430664],[146.91441345214844,75.45452117919922],[148.6143035888672,75.53797912597656],[148.43804931640625,75.45452117919922],[148.91519165039062,75.3711929321289],[148.74061584472656,75.28799438476562],[149.56736755371094,75.3711929321289],[149.6760711669922,75.3711929321289],[150.69471740722656,75.28799438476562],[150.51898193359375,75.20491790771484],[151.16954040527344,75.20491790771484],[150.75564575195312,74.95640563964844]]],[[[142.121337890625,76.04146575927734],[142.715087890625,75.95721435546875],[142.41595458984375,75.70527648925781],[142.52520751953125,75.70527648925781],[142.294189453125,75.53797912597656],[142.5121307373047,75.53797912597656],[142.34352111816406,75.45452117919922],[142.56117248535156,75.45452117919922],[143.5924072265625,75.95721435546875],[144.4697265625,75.95721435546875],[144.2937469482422,75.87310028076172],[145.10340881347656,75.78911590576172],[144.92855834960938,75.70527648925781],[145.5840301513672,75.70527648925781],[145.0642852783203,75.45452117919922],[145.17311096191406,75.45452117919922],[145.00216674804688,75.3711929321289],[145.2195587158203,75.3711929321289],[144.88079833984375,75.20491790771484],[144.33059692382812,75.03912353515625],[143.78977966308594,75.03912353515625],[143.46263122558594,74.8738021850586],[143.03102111816406,74.8738021850586],[143.3571319580078,75.03912353515625],[142.7073211669922,74.8738021850586],[141.95201110839844,74.8738021850586],[142.1673583984375,75.03912353515625],[141.73471069335938,75.03912353515625],[140.28323364257812,74.79132080078125],[139.74436950683594,74.79132080078125],[139.9019012451172,74.8738021850586],[139.68609619140625,74.8738021850586],[139.21771240234375,74.62670135498047],[138.57261657714844,74.62670135498047],[138.7268524169922,74.70895385742188],[137.8044891357422,74.79132080078125],[137.95968627929688,74.8738021850586],[137.63597106933594,74.8738021850586],[137.79193115234375,74.95640563964844],[137.46783447265625,74.95640563964844],[137.6245574951172,75.03912353515625],[137.19190979003906,75.03912353515625],[137.34925842285156,75.12195587158203],[136.9160919189453,75.12195587158203],[137.07406616210938,75.20491790771484],[136.8572235107422,75.20491790771484],[137.22845458984375,75.45452117919922],[137.01080322265625,75.45452117919922],[137.2266845703125,75.6215591430664],[137.0084686279297,75.6215591430664],[138.00836181640625,76.1258544921875],[138.79171752929688,76.29505920410156],[139.5001220703125,76.21038818359375],[139.3277587890625,76.1258544921875],[140.097412109375,76.1258544921875],[139.92520141601562,76.04146575927734],[140.25462341308594,76.04146575927734],[140.0831298828125,75.95721435546875],[140.30245971679688,75.95721435546875],[140.13185119628906,75.87310028076172],[140.7889862060547,75.87310028076172],[141.19691467285156,76.1258544921875],[141.9221954345703,76.21038818359375],[142.03228759765625,76.21038818359375],[142.1423797607422,76.21038818359375],[141.96656799316406,76.1258544921875],[142.29641723632812,76.1258544921875],[142.121337890625,76.04146575927734]]],[[[136.24473571777344,75.6215591430664],[136.3538360595703,75.6215591430664],[135.87176513671875,75.3711929321289],[135.3282928466797,75.3711929321289],[135.6964569091797,75.78911590576172],[135.5870819091797,75.78911590576172],[136.1352081298828,75.95721435546875],[135.96995544433594,75.87310028076172],[136.1890106201172,75.87310028076172],[136.0246124267578,75.78911590576172],[136.1339874267578,75.78911590576172],[136.24337768554688,75.78911590576172],[136.35276794433594,75.78911590576172],[136.18907165527344,75.70527648925781],[136.40756225585938,75.70527648925781],[136.24473571777344,75.6215591430664]]],[[[149.6288604736328,76.8061752319336],[149.24533081054688,76.63520812988281],[149.13450622558594,76.63520812988281],[148.69119262695312,76.63520812988281],[149.07321166992188,76.8061752319336],[149.18434143066406,76.8061752319336],[148.99258422851562,76.72061920166016],[149.6288604736328,76.8061752319336]]],[[[149.71115112304688,76.89189147949219],[149.18434143066406,76.8061752319336],[149.48858642578125,76.89189147949219],[149.59986877441406,76.89189147949219],[149.71115112304688,76.89189147949219]]]]}},{"type":"Feature","properties":{"Name":"United Kingdoms of Sweden and Norway","FromYear":1900,"ToYear":1904,"Area":804281.592463806,"Type":"POLITY","Wikipedia":"Union between Sweden and Norway","Wikidata":"Q62589","SeshatID":"sv_united_k_sweden_and_norway","Components":"","MemberOf":"","DISPLAY_NAME":"United Kingdoms of Sweden and Norway","ADMIN_NAME":"United Kingdoms of Sweden and Norway","TERRITORIAL_STATUS":"sovereign","TERRITORIAL_STATUS_ZH":"独立政治实体","POLICY_NOTE":"按 ClioPatria 目标年份记录的实际控制几何显示","SOURCE_NAME":"United Kingdoms of Sweden and Norway","WIKIPEDIA_URL":"https://en.wikipedia.org/wiki/Union_between_Sweden_and_Norway","WIKIDATA_URL":"https://www.wikidata.org/wiki/Q62589","SESHAT_URL":"https://seshat-db.com/core/polity/sv_united_k_sweden_and_norway","DATA_SOURCE":"ClioPatria ad28a691","LEADER":"领导人资料待补充","LEADER_SOURCE_URL":""},"geometry":{"type":"MultiPolygon","coordinates":[[[[18.230064392089844,57.8345832824707],[18.598026275634766,57.97305679321289],[19.04520034790039,57.97305679321289],[19.03397560119629,57.8345832824707],[18.844388961791992,57.696231842041016],[18.911693572998047,57.41988754272461],[18.45128059387207,57.21294021606445],[18.342275619506836,56.937416076660156],[18.076435089111328,56.937416076660156],[18.02667236328125,57.488929748535156],[18.031593322753906,57.55800247192383],[18.230064392089844,57.8345832824707]]],[[[28.455373764038086,70.87539672851562],[28.25069236755371,70.87539672851562],[28.21521759033203,70.7200698852539],[28.317365646362305,70.7200698852539],[28.18010711669922,70.5650405883789],[28.384017944335938,70.5650405883789],[28.437397003173828,70.79769897460938],[28.678319931030273,70.95317840576172],[29.292943954467773,70.95317840576172],[29.357587814331055,70.79769897460938],[30.073293685913086,70.79769897460938],[30.238649368286133,70.64251708984375],[31.034881591796875,70.5650405883789],[31.014799118041992,70.48763275146484],[31.11665916442871,70.48763275146484],[30.955127716064453,70.2558364868164],[29.699098587036133,70.10164642333984],[29.662349700927734,69.9477310180664],[29.864765167236328,69.9477310180664],[29.827972412109375,69.79407501220703],[30.03002166748047,69.79407501220703],[30.067180633544922,69.9477310180664],[30.857486724853516,69.8708724975586],[30.958600997924805,69.8708724975586],[30.919960021972656,69.71734619140625],[30.68014907836914,69.5640869140625],[30.194869995117188,69.64068603515625],[29.938522338867188,69.41107940673828],[29.317562103271484,69.33467864990234],[29.165199279785156,69.10584259033203],[28.76433563232422,69.10584259033203],[28.798139572143555,69.25833129882812],[29.269622802734375,69.5640869140625],[29.204097747802734,69.71734619140625],[28.514657974243164,69.79407501220703],[28.531824111938477,69.8708724975586],[28.144235610961914,69.9477310180664],[28.161184310913086,70.024658203125],[26.524911880493164,69.9477310180664],[25.858652114868164,69.64068603515625],[25.757848739624023,69.10584259033203],[25.657630920410156,69.10584259033203],[25.629560470581055,68.95359802246094],[25.429479598999023,68.95359802246094],[24.863161087036133,68.57408905029297],[24.390546798706055,68.7257080078125],[24.403335571289062,68.8016128540039],[22.782730102539062,68.64987182617188],[22.79408073425293,68.7257080078125],[22.406017303466797,68.8016128540039],[22.417118072509766,68.87757110595703],[22.217212677001953,68.87757110595703],[21.770601272583008,69.25833129882812],[20.95743751525879,69.18205261230469],[20.937543869018555,69.0296859741211],[21.11773109436035,68.87757110595703],[21.507225036621094,68.8016128540039],[21.874967575073242,68.57408905029297],[23.035846710205078,68.34712219238281],[23.02447509765625,68.27159118652344],[23.223005294799805,68.27159118652344],[23.211511611938477,68.19611358642578],[23.40987205505371,68.19611358642578],[23.58470916748047,68.04534912109375],[23.4054012298584,67.51952362060547],[23.689157485961914,67.44463348388672],[23.545406341552734,67.14566802978516],[23.902938842773438,66.92203521728516],[23.70433235168457,66.25411987304688],[24.05880355834961,66.0324478149414],[24.025293350219727,65.8112564086914],[23.928674697875977,65.8112564086914],[23.82111167907715,65.73763275146484],[22.382781982421875,65.8112564086914],[22.4400577545166,65.51705932617188],[21.75661277770996,65.44363403320312],[21.651241302490234,65.3702621459961],[21.615007400512695,65.07727813720703],[21.21416473388672,64.93107604980469],[21.301170349121094,64.8580551147461],[21.27517318725586,64.63926696777344],[21.466033935546875,64.63926696777344],[21.53504753112793,64.4209213256836],[21.137287139892578,64.27558898925781],[20.811307907104492,63.91307830810547],[20.621877670288086,63.91307830810547],[20.409116744995117,63.69612503051758],[19.83477783203125,63.623897552490234],[19.725921630859375,63.479576110839844],[19.348739624023438,63.479576110839844],[19.139917373657227,63.263427734375],[18.75072479248047,63.11954879760742],[18.468870162963867,63.11954879760742],[18.350555419921875,62.83230972290039],[17.9758358001709,62.83230972290039],[17.958559036254883,62.61732482910156],[17.76043701171875,62.474212646484375],[17.387060165405273,62.474212646484375],[17.56291389465332,62.331268310546875],[17.552143096923828,62.18848419189453],[17.355539321899414,62.045867919921875],[17.514938354492188,61.69001388549805],[17.237071990966797,61.69001388549805],[17.18714141845703,60.9812126159668],[17.279125213623047,60.9812126159668],[17.264240264892578,60.76930236816406],[18.612024307250977,60.416839599609375],[18.503421783447266,60.20578384399414],[18.777332305908203,60.20578384399414],[19.033178329467773,59.99503707885742],[19.00933265686035,59.714515686035156],[18.827571868896484,59.714515686035156],[18.628820419311523,59.504478454589844],[18.351261138916016,59.434532165527344],[18.414575576782227,59.08528518676758],[18.143529891967773,59.08528518676758],[17.947494506835938,58.876129150390625],[17.496623992919922,58.876129150390625],[17.487049102783203,58.73685073852539],[17.126813888549805,58.73685073852539],[17.02781105041504,58.59769821166992],[16.847923278808594,58.59769821166992],[16.83926010131836,58.45867156982422],[16.65959930419922,58.45867156982422],[16.830646514892578,58.31977081298828],[16.813568115234375,58.042335510253906],[16.626346588134766,57.903804779052734],[16.71156883239746,57.8345832824707],[16.703289031982422,57.696231842041016],[16.614076614379883,57.696231842041016],[16.68687629699707,57.41988754272461],[16.500974655151367,57.28189468383789],[16.477506637573242,56.86860656738281],[16.755352020263672,57.07511901855469],[16.860679626464844,57.35087585449219],[17.131839752197266,57.41988754272461],[17.12316131591797,57.28189468383789],[16.936981201171875,57.14401626586914],[16.924457550048828,56.937416076660156],[16.739154815673828,56.799827575683594],[16.62702751159668,56.387733459472656],[16.266908645629883,56.25059127807617],[16.28167724609375,56.524986267089844],[16.193382263183594,56.524986267089844],[16.090740203857422,56.25059127807617],[15.819687843322754,56.11355972290039],[14.76668930053711,56.182064056396484],[14.758404731750488,55.97663879394531],[14.228706359863281,55.90821838378906],[14.296913146972656,55.36180877685547],[12.724898338317871,55.430015563964844],[12.903090476989746,55.56651306152344],[12.908012390136719,55.77145767211914],[12.561474800109863,55.97663879394531],[12.480693817138672,56.319149017333984],[12.656968116760254,56.319149017333984],[12.573304176330566,56.524986267089844],[12.749893188476562,56.524986267089844],[12.75311279296875,56.662349700927734],[12.402325630187988,56.799827575683594],[12.405158996582031,56.937416076660156],[12.14184856414795,57.07511901855469],[12.058022499084473,57.35087585449219],[11.792279243469238,57.41988754272461],[11.713647842407227,58.11164855957031],[11.44500732421875,58.11164855957031],[11.44767951965332,58.31977081298828],[11.179258346557617,58.38920593261719],[11.09703254699707,59.15507125854492],[10.825811386108398,59.15507125854492],[10.555644989013672,59.36461639404297],[10.557076454162598,59.64447021484375],[10.374953269958496,59.504478454589844],[10.465357780456543,59.434532165527344],[10.373775482177734,59.15507125854492],[10.192960739135742,59.15507125854492],[10.012155532836914,58.94581604003906],[9.65099048614502,59.015533447265625],[9.561288833618164,58.876129150390625],[9.380940437316895,58.876129150390625],[9.381759643554688,58.73685073852539],[9.111583709716797,58.73685073852539],[9.112746238708496,58.59769821166992],[8.932857513427734,58.59769821166992],[8.66648006439209,58.31977081298828],[7.597545146942139,57.97305679321289],[6.611622333526611,58.042335510253906],[6.515511512756348,58.2503662109375],[5.974997520446777,58.31977081298828],[5.514988899230957,58.59769821166992],[5.497633457183838,59.015533447265625],[5.949085235595703,59.015533447265625],[6.026472091674805,59.36461639404297],[5.842586994171143,59.434532165527344],[5.848016262054443,59.294734954833984],[5.214344501495361,59.294734954833984],[5.283252716064453,59.78459548950195],[5.192312240600586,59.78459548950195],[5.18274974822998,59.99503707885742],[5.450062274932861,60.135501861572266],[5.261251449584961,60.276100158691406],[4.899204254150391,60.20578384399414],[4.888944625854492,60.416839599609375],[5.160153865814209,60.48725891113281],[4.949739456176758,61.05192565917969],[5.127170562744141,61.193458557128906],[5.034996509552002,61.193458557128906],[4.928883075714111,61.47697448730469],[5.199532508850098,61.618961334228516],[4.921859741210938,61.618961334228516],[4.91480016708374,61.7611083984375],[5.186155319213867,61.90340805053711],[5.076096057891846,62.259857177734375],[5.451878070831299,62.18848419189453],[5.44224739074707,62.4027214050293],[5.722079753875732,62.4027214050293],[5.731114864349365,62.18848419189453],[5.917273044586182,62.18848419189453],[5.908635139465332,62.4027214050293],[6.559149742126465,62.474212646484375],[6.642990112304688,62.76060485839844],[7.395575523376465,62.61732482910156],[7.391887664794922,62.76060485839844],[6.921638965606689,62.83230972290039],[6.915043354034424,63.047672271728516],[7.94775915145874,63.047672271728516],[7.944839000701904,63.191463470458984],[8.226899147033691,63.191463470458984],[8.22437858581543,63.33543014526367],[7.753591537475586,63.33543014526367],[7.843117713928223,63.55171203613281],[8.221847534179688,63.479576110839844],[8.501543998718262,63.69612503051758],[9.068572044372559,63.69612503051758],[8.976213455200195,63.479576110839844],[9.259605407714844,63.4074821472168],[9.352522850036621,63.623897552490234],[9.54139232635498,63.623897552490234],[9.540202140808105,63.91307830810547],[9.919048309326172,63.98548889160156],[9.919021606445312,64.13044738769531],[10.29927921295166,64.27558898925781],[10.299833297729492,64.4209213256836],[10.873260498046875,64.63926696777344],[11.159551620483398,64.63926696777344],[11.34825611114502,64.49365234375],[11.444689750671387,64.56643676757812],[11.353676795959473,64.8580551147461],[11.449325561523438,64.8580551147461],[11.451669692993164,65.004150390625],[11.740456581115723,65.07727813720703],[11.839288711547852,65.22367095947266],[12.12563419342041,65.15044403076172],[12.03625774383545,65.44363403320312],[12.132498741149902,65.44363403320312],[12.135971069335938,65.59053039550781],[12.525640487670898,65.73763275146484],[12.529778480529785,65.88493347167969],[12.336389541625977,65.88493347167969],[12.439126968383789,66.10628509521484],[12.342202186584473,66.10628509521484],[12.346120834350586,66.25411987304688],[12.637356758117676,66.25411987304688],[12.632975578308105,66.10628509521484],[12.824494361877441,66.0324478149414],[12.928592681884766,66.25411987304688],[13.122750282287598,66.25411987304688],[12.940890312194824,66.6246337890625],[13.233297348022461,66.6246337890625],[13.238768577575684,66.77322387695312],[13.629276275634766,66.77322387695312],[13.540666580200195,66.99652099609375],[13.641645431518555,67.0710678100586],[14.13137435913086,67.0710678100586],[14.436574935913086,67.29503631591797],[14.546525001525879,67.51952362060547],[14.94884204864502,67.66946411132812],[15.065190315246582,67.97005462646484],[15.36197566986084,67.97005462646484],[15.579607009887695,68.27159118652344],[15.877401351928711,68.27159118652344],[15.882658958435059,68.34712219238281],[15.092460632324219,68.42272186279297],[14.984017372131348,68.27159118652344],[14.186103820800781,68.19611358642578],[14.193711280822754,68.34712219238281],[14.400439262390137,68.49837493896484],[14.902517318725586,68.57408905029297],[14.911535263061523,68.7257080078125],[14.408551216125488,68.64987182617188],[14.520834922790527,68.87757110595703],[15.134926795959473,69.10584259033203],[15.130109786987305,69.0296859741211],[15.330366134643555,69.0296859741211],[15.315542221069336,68.8016128540039],[15.515274047851562,68.8016128540039],[15.440682411193848,69.18205261230469],[15.752424240112305,69.33467864990234],[16.154354095458984,69.33467864990234],[16.14281463623047,69.18205261230469],[15.93665599822998,69.10584259033203],[15.92017650604248,68.87757110595703],[16.61984634399414,68.87757110595703],[16.607778549194336,68.7257080078125],[17.212993621826172,68.8016128540039],[17.23280143737793,69.0296859741211],[17.332929611206055,69.0296859741211],[17.319517135620117,68.87757110595703],[17.519424438476562,68.87757110595703],[17.647384643554688,69.18205261230469],[17.03903579711914,69.10584259033203],[16.958213806152344,69.33467864990234],[16.85773277282715,69.33467864990234],[16.87064552307129,69.487548828125],[17.273292541503906,69.487548828125],[17.58958625793457,69.64068603515625],[17.892112731933594,69.64068603515625],[17.977924346923828,69.487548828125],[18.581893920898438,69.487548828125],[18.58993148803711,69.5640869140625],[18.18692398071289,69.5640869140625],[18.202392578125,69.71734619140625],[18.816329956054688,69.79407501220703],[18.72359275817871,69.8708724975586],[18.748706817626953,70.10164642333984],[18.85865020751953,70.17870330810547],[19.661239624023438,70.10164642333984],[19.58759307861328,70.3330307006836],[19.883031845092773,70.2558364868164],[19.835866928100586,69.8708724975586],[20.36109161376953,70.024658203125],[20.289348602294922,70.2558364868164],[20.50264549255371,70.3330307006836],[20.807662963867188,70.3330307006836],[20.766292572021484,70.024658203125],[20.968891143798828,70.024658203125],[20.958492279052734,69.9477310180664],[21.171491622924805,70.024658203125],[21.768152236938477,69.9477310180664],[21.790483474731445,70.10164642333984],[21.384912490844727,70.10164642333984],[21.428739547729492,70.41029357910156],[22.027734756469727,70.3330307006836],[22.01618766784668,70.2558364868164],[22.332752227783203,70.3330307006836],[22.470558166503906,70.5650405883789],[22.368600845336914,70.5650405883789],[22.405025482177734,70.79769897460938],[23.440704345703125,70.87539672851562],[23.29914093017578,70.64251708984375],[23.503244400024414,70.64251708984375],[23.631948471069336,70.79769897460938],[24.3336181640625,70.7200698852539],[24.273517608642578,70.95317840576172],[24.580829620361328,70.95317840576172],[24.595294952392578,71.0310287475586],[25.29789161682129,70.95317840576172],[25.34358787536621,71.18696594238281],[25.873144149780273,71.26505279541016],[25.85724449157715,71.18696594238281],[26.062705993652344,71.18696594238281],[25.88130760192871,70.79769897460938],[26.440919876098633,71.0310287475586],[26.748523712158203,71.0310287475586],[26.683008193969727,70.7200698852539],[26.56479263305664,70.64251708984375],[26.95663070678711,70.5650405883789],[27.091596603393555,70.7200698852539],[27.0059871673584,70.79769897460938],[27.244199752807617,70.95317840576172],[27.261198043823242,71.0310287475586],[27.706403732299805,71.18696594238281],[28.407251358032227,71.10896301269531],[28.455373764038086,70.87539672851562]]],[[[13.185554504394531,67.97005462646484],[12.787290573120117,67.89481353759766],[12.79240608215332,68.04534912109375],[12.891417503356934,68.04534912109375],[12.894081115722656,68.1207046508789],[13.19136905670166,68.1207046508789],[13.185554504394531,67.97005462646484]]],[[[14.098109245300293,68.42272186279297],[14.086923599243164,68.19611358642578],[13.587753295898438,68.1207046508789],[13.584501266479492,68.04534912109375],[13.38647747039795,68.04534912109375],[13.38956069946289,68.1207046508789],[13.392661094665527,68.19611358642578],[13.700368881225586,68.42272186279297],[14.098109245300293,68.42272186279297]]],[[[24.08262062072754,71.0310287475586],[24.06864356994629,70.95317840576172],[23.96620750427246,70.95317840576172],[23.980085372924805,71.0310287475586],[23.994043350219727,71.10896301269531],[24.096675872802734,71.10896301269531],[24.08262062072754,71.0310287475586]]]]}},{"type":"Feature","properties":{"Name":"Spanish Empire","FromYear":1900,"ToYear":1904,"Area":841166.4883835951,"Type":"POLITY","Wikipedia":"Spain","Wikidata":"Q29","SeshatID":"es_spanish_emp_3","Components":"","MemberOf":"(Spanish Empire)","DISPLAY_NAME":"Spanish Empire · Kingdom of Spain","ADMIN_NAME":"Spanish Empire","TERRITORIAL_STATUS":"metropole","TERRITORIAL_STATUS_ZH":"宗主国本土","POLICY_NOTE":"宗主国本土","SOURCE_NAME":"Kingdom of Spain","WIKIPEDIA_URL":"https://en.wikipedia.org/wiki/Spain","WIKIDATA_URL":"https://www.wikidata.org/wiki/Q29","SESHAT_URL":"https://seshat-db.com/core/polity/es_spanish_emp_3","DATA_SOURCE":"ClioPatria ad28a691","LEADER":"领导人资料待补充","LEADER_SOURCE_URL":""},"geometry":{"type":"MultiPolygon","coordinates":[[[[-11.878822326660156,23.429147720336914],[-12.54370403289795,23.30057144165039],[-12.978717803955078,23.043420791625977],[-12.969738960266113,22.85055923461914],[-13.044205665588379,22.85055923461914],[-12.902052879333496,21.307680130004883],[-16.912029266357422,21.307680130004883],[-16.98943328857422,21.371967315673828],[-16.943958282470703,21.950544357299805],[-16.59506607055664,22.400548934936523],[-16.375144958496094,22.46483612060547],[-16.324111938476562,22.914846420288086],[-16.178544998168945,22.97913360595703],[-16.12116241455078,23.30057144165039],[-15.904470443725586,23.429147720336914],[-15.769293785095215,23.68630027770996],[-15.858113288879395,23.943456649780273],[-14.930865287780762,24.714935302734375],[-14.82283878326416,25.422143936157227],[-14.495787620544434,26.19365882873535],[-13.48973274230957,26.900876998901367],[-13.372659683227539,27.41520881652832],[-12.959331512451172,27.993812561035156],[-11.988056182861328,28.12238883972168],[-11.40556526184082,28.44382095336914],[-11.330116271972656,28.44382095336914],[-10.781972885131836,28.12238883972168],[-10.103551864624023,28.12238883972168],[-9.134653091430664,28.315250396728516],[-9.142093658447266,28.44382095336914],[-8.621257781982422,28.572391510009766],[-8.617596626281738,28.508106231689453],[-8.685754776000977,28.379535675048828],[-8.57080078125,26.19365882873535],[-8.567680358886719,26.129364013671875],[-8.561483383178711,26.000778198242188],[-11.934903144836426,26.000778198242188],[-11.878822326660156,23.429147720336914]]],[[[-18.057466506958008,27.6723690032959],[-17.992435455322266,27.800947189331055],[-17.997596740722656,27.865236282348633],[-17.846942901611328,27.865236282348633],[-17.90181541442871,27.608078002929688],[-18.057466506958008,27.6723690032959]]],[[[-15.761932373046875,28.186676025390625],[-15.304783821105957,28.12238883972168],[-15.356483459472656,27.800947189331055],[-15.431796073913574,27.800947189331055],[-15.728307723999023,27.736658096313477],[-15.82758617401123,28.058101654052734],[-15.761932373046875,28.186676025390625]]],[[[-17.033451080322266,28.058101654052734],[-17.17910385131836,27.993812561035156],[-17.254457473754883,27.993812561035156],[-17.345203399658203,28.186676025390625],[-17.124155044555664,28.25096321105957],[-17.033451080322266,28.058101654052734]]],[[[-16.365081787109375,28.186676025390625],[-16.355152130126953,28.058101654052734],[-16.64666748046875,27.92952537536621],[-16.908185958862305,28.379535675048828],[-16.390287399291992,28.508106231689453],[-16.39539337158203,28.572391510009766],[-16.09348487854004,28.572391510009766],[-16.083406448364258,28.44382095336914],[-16.365081787109375,28.186676025390625]]],[[[-14.26330280303955,28.315250396728516],[-14.117085456848145,28.379535675048828],[-14.065006256103516,28.700960159301758],[-13.767658233642578,28.765243530273438],[-13.762985229492188,28.700960159301758],[-13.80622386932373,28.25096321105957],[-14.3202543258667,28.058101654052734],[-14.26330280303955,28.315250396728516]]],[[[-17.899547576904297,28.508106231689453],[-17.9858341217041,28.636676788330078],[-18.002243041992188,28.829526901245117],[-17.856664657592773,28.893810272216797],[-17.781116485595703,28.893810272216797],[-17.705568313598633,28.893810272216797],[-17.673158645629883,28.508106231689453],[-17.899547576904297,28.508106231689453]]],[[[-13.474872589111328,28.893810272216797],[-13.847886085510254,28.829526901245117],[-13.857359886169434,28.958093643188477],[-13.862126350402832,29.022375106811523],[-13.649682998657227,29.21521759033203],[-13.422821044921875,29.21521759033203],[-13.474872589111328,28.893810272216797]]],[[[-9.699560165405273,30.115081787109375],[-9.70380973815918,30.179353713989258],[-9.627961158752441,30.179353713989258],[-9.63221263885498,30.243623733520508],[-9.404620170593262,30.243623733520508],[-9.38790225982666,29.986536026000977],[-9.83426570892334,29.857990264892578],[-9.838480949401855,29.922264099121094],[-9.762694358825684,29.922264099121094],[-9.766910552978516,29.986536026000977],[-9.771143913269043,30.050809860229492],[-9.69532585144043,30.050809860229492],[-9.699560165405273,30.115081787109375]]],[[[9.442401885986328,1.057113647460938],[9.224048614501953,1.057113647460938],[9.229462623596191,1.378551483154297],[9.449969291687012,1.507126569747925],[9.599786758422852,1.76427698135376],[9.678810119628906,2.150002479553223],[9.67983341217041,2.214290142059326],[11.20765209197998,2.150002479553223],[11.271918296813965,1.635701775550842],[11.189230918884277,1.057113647460938],[11.116446495056152,1.057113647460938],[9.94968032836914,0.928538501262665],[9.441303253173828,0.992826044559479],[9.442401885986328,1.057113647460938]]],[[[8.314693450927734,3.435754776000977],[8.461264610290527,3.50004243850708],[8.537701606750488,3.757192850112915],[8.829950332641602,3.821480512619019],[8.900080680847168,3.628617763519287],[8.899168968200684,3.564330101013184],[8.675135612487793,3.178604364395142],[8.311943054199219,3.242892026901245],[8.314693450927734,3.435754776000977]]],[[[-2.837937116622925,35.45143127441406],[-2.830641508102417,35.32271194458008],[-2.8270103931427,35.258358001708984],[-2.981565713882446,35.258358001708984],[-2.992615222930908,35.45143127441406],[-2.837937116622925,35.45143127441406]]],[[[-5.338923931121826,35.837650299072266],[-5.334535121917725,35.77327346801758],[-5.485002994537354,35.708900451660156],[-5.571314811706543,35.837650299072266],[-5.338923931121826,35.837650299072266]]],[[[1.430543661117554,38.80344009399414],[1.273545265197754,38.80344009399414],[1.183109045028687,39.06184005737305],[1.258725643157959,39.1264533996582],[1.337347388267517,39.1264533996582],[1.651834011077881,39.1264533996582],[1.657540321350098,38.997230529785156],[1.430543661117554,38.80344009399414]]],[[[3.515789270401001,39.77294921875],[3.295835733413696,39.320335388183594],[2.82365870475769,39.320335388183594],[2.658556938171387,39.51427459716797],[2.346148252487183,39.449623107910156],[2.338095426559448,39.64360046386719],[2.877186298370361,39.9670295715332],[2.956136703491211,39.9670295715332],[3.19298791885376,39.9670295715332],[3.197866439819336,39.8376350402832],[3.515789270401001,39.77294921875]]],[[[-1.767988562583923,43.342071533203125],[-1.687574744224548,43.342071533203125],[-1.441840410232544,43.276947021484375],[-1.428432941436768,43.08163070678711],[-1.026964664459229,43.08163070678711],[-0.528801321983337,42.82133865356445],[-0.208102732896805,42.82133865356445],[0.040142297744751,42.691246032714844],[1.074691534042358,42.82133865356445],[1.485537886619568,42.62621307373047],[1.488844156265259,42.56119155883789],[1.575427651405334,42.43117141723633],[1.80907130241394,42.56119155883789],[2.458339214324951,42.36617660522461],[3.092691898345947,42.496177673339844],[3.095396280288696,42.43117141723633],[3.178062200546265,42.36617660522461],[3.116764783859253,41.911441802978516],[2.885612010955811,41.71668243408203],[2.333626985549927,41.586883544921875],[2.106574535369873,41.32738494873047],[1.238392949104309,41.19768524169922],[0.695793092250824,40.93837356567383],[0.709256291389465,40.6791877746582],[0.474957317113876,40.614410400390625],[0.247769102454185,40.42012023925781],[0.182543575763702,40.16116714477539],[-0.201878547668457,39.9670295715332],[-0.345421016216278,39.70827102661133],[-0.313707679510117,39.1264533996582],[0.099359586834908,38.738853454589844],[-0.660861134529114,38.28691864013672],[-0.803495347499847,38.028785705566406],[-0.704753637313843,37.641746520996094],[-1.708719491958618,37.44829177856445],[-1.623468399047852,37.3193473815918],[-1.857354998588562,37.3193473815918],[-2.061630010604858,36.80373764038086],[-2.532132625579834,36.8681755065918],[-2.680080890655518,36.73930740356445],[-4.468626022338867,36.73930740356445],[-4.688807487487793,36.5460319519043],[-5.22819709777832,36.48161697387695],[-5.219250202178955,36.3527946472168],[-5.374516010284424,36.3527946472168],[-5.662277221679688,36.03080368041992],[-5.831079006195068,36.2239875793457],[-6.063849925994873,36.2239875793457],[-6.432291984558105,36.9970588684082],[-6.587993621826172,36.9970588684082],[-6.84182596206665,37.254878997802734],[-7.309464931488037,37.254878997802734],[-7.387404441833496,37.254878997802734],[-7.502705097198486,37.706241607666016],[-7.27909517288208,37.835243225097656],[-7.14418888092041,38.09331130981445],[-6.987714290618896,38.09331130981445],[-6.998411178588867,38.22237777709961],[-7.244168281555176,38.351463317871094],[-7.271727085113525,38.67427444458008],[-7.120340347290039,38.738853454589844],[-6.985427379608154,38.997230529785156],[-7.255166053771973,39.38497543334961],[-7.418391227722168,39.449623107910156],[-7.435848712921143,39.64360046386719],[-6.895466804504395,39.77294921875],[-6.839452266693115,40.031734466552734],[-7.00321626663208,40.0964469909668],[-7.014894485473633,40.225894927978516],[-6.868430137634277,40.355369567871094],[-6.927728176116943,41.00318908691406],[-6.254164218902588,41.45711898803711],[-6.271912097930908,41.65177917480469],[-6.516909122467041,41.71668243408203],[-6.700808048248291,41.97637939453125],[-8.11717414855957,41.781593322753906],[-8.216935157775879,41.97637939453125],[-8.137139320373535,41.97637939453125],[-8.150541305541992,42.10627746582031],[-8.469955444335938,42.10627746582031],[-8.928141593933105,41.911441802978516],[-8.935100555419922,41.97637939453125],[-8.956093788146973,42.17123794555664],[-8.65738296508789,42.36617660522461],[-9.078654289245605,42.56119155883789],[-9.30460262298584,43.146724700927734],[-8.851689338684082,43.407203674316406],[-8.369025230407715,43.407203674316406],[-8.39044189453125,43.6026611328125],[-8.243616104125977,43.73301696777344],[-7.276463031768799,43.73301696777344],[-7.343485832214355,43.6026611328125],[-7.175715446472168,43.53750228881836],[-5.646126270294189,43.53750228881836],[-5.565621852874756,43.53750228881836],[-4.990375518798828,43.407203674316406],[-3.467212915420532,43.472347259521484],[-3.295851230621338,43.342071533203125],[-1.767988562583923,43.342071533203125]]],[[[3.741101741790771,40.0964469909668],[3.820104122161865,40.0964469909668],[4.215116024017334,40.0964469909668],[4.302449703216553,39.8376350402832],[3.826826572418213,39.90232849121094],[3.741101741790771,40.0964469909668]]]]}},{"type":"Feature","properties":{"Name":"Korean Empire","FromYear":1900,"ToYear":1904,"Area":231658.3489539371,"Type":"POLITY","Wikipedia":"Korean Empire","Wikidata":"Q28233","SeshatID":"","Components":"","MemberOf":"","DISPLAY_NAME":"Korean Empire","ADMIN_NAME":"Korean Empire","TERRITORIAL_STATUS":"sovereign","TERRITORIAL_STATUS_ZH":"独立政治实体","POLICY_NOTE":"按 ClioPatria 目标年份记录的实际控制几何显示","SOURCE_NAME":"Korean Empire","WIKIPEDIA_URL":"https://en.wikipedia.org/wiki/Korean_Empire","WIKIDATA_URL":"https://www.wikidata.org/wiki/Q28233","SESHAT_URL":"","DATA_SOURCE":"ClioPatria ad28a691","LEADER":"领导人资料待补充","LEADER_SOURCE_URL":""},"geometry":{"type":"MultiPolygon","coordinates":[[[[126.70345306396484,33.26447677612305],[126.1387710571289,33.20018768310547],[126.35626983642578,33.52165222167969],[126.99883270263672,33.5859489440918],[126.7801284790039,33.26447677612305],[126.70345306396484,33.26447677612305]]],[[[129.7268524169922,41.32738494873047],[129.8822021484375,41.19768524169922],[129.75584411621094,40.873565673828125],[129.23776245117188,40.6791877746582],[129.0777130126953,40.42012023925781],[128.6822052001953,40.29063034057617],[128.3679962158203,40.031734466552734],[127.9345932006836,39.9670295715332],[127.58325958251953,39.77294921875],[127.665283203125,39.64360046386719],[127.44142150878906,39.25570297241211],[127.79782104492188,39.19107437133789],[127.92344665527344,38.997230529785156],[128.36380004882812,38.80344009399414],[128.83999633789062,37.96426773071289],[129.10020446777344,37.5772590637207],[129.2563018798828,37.5772590637207],[129.4748077392578,37.254878997802734],[129.40687561035156,37.12596130371094],[129.52882385253906,37.06150817871094],[129.39639282226562,36.3527946472168],[129.47402954101562,36.3527946472168],[129.42141723632812,36.09519577026367],[129.57652282714844,36.09519577026367],[129.6669158935547,35.9664192199707],[129.5386505126953,35.708900451660156],[129.61607360839844,35.708900451660156],[129.14712524414062,35.065311431884766],[128.52938842773438,35.065311431884766],[128.5451202392578,34.93662643432617],[128.80740356445312,35.00096893310547],[128.6848602294922,34.743614196777344],[128.32968139648438,34.80794906616211],[128.31358337402344,34.93662643432617],[128.08206176757812,34.93662643432617],[128.0679168701172,34.743614196777344],[127.75946044921875,34.743614196777344],[127.37831115722656,34.42197799682617],[127.22427368164062,34.42197799682617],[127.12974548339844,34.55062484741211],[127.29676055908203,34.743614196777344],[127.21964263916016,34.743614196777344],[127.02291107177734,34.48630142211914],[126.62617492675781,34.2933349609375],[126.42462921142578,34.3576545715332],[126.48365783691406,34.48630142211914],[126.3476333618164,34.3576545715332],[126.11663818359375,34.3576545715332],[126.4784164428711,34.80794906616211],[126.1998062133789,34.87228775024414],[126.38115692138672,35.258358001708984],[126.30387878417969,35.258358001708984],[126.51919555664062,35.708900451660156],[126.76777648925781,35.902034759521484],[126.61280822753906,35.902034759521484],[126.67567443847656,36.03080368041992],[126.52062225341797,36.03080368041992],[126.42864227294922,36.15959167480469],[126.45157623291016,36.67487716674805],[126.26383972167969,36.61045455932617],[126.04977416992188,36.80373764038086],[126.30320739746094,36.9970588684082],[126.64752197265625,37.06150817871094],[126.7022933959961,37.3193473815918],[126.53524017333984,37.44829177856445],[126.6025161743164,37.5772590637207],[126.24594116210938,37.641746520996094],[126.34768676757812,37.835243225097656],[125.84493255615234,37.7707405090332],[125.83466339111328,37.89975357055664],[125.6783218383789,37.89975357055664],[125.38711547851562,37.641746520996094],[125.23096466064453,37.641746520996094],[125.29808044433594,37.7707405090332],[125.20932006835938,37.89975357055664],[124.89665222167969,37.89975357055664],[125.07669067382812,38.09331130981445],[124.76374053955078,38.09331130981445],[124.86637115478516,38.28691864013672],[124.7880630493164,38.28691864013672],[124.96138000488281,38.60969924926758],[125.15330505371094,38.67427444458008],[125.18850708007812,38.738853454589844],[125.03155517578125,38.738853454589844],[125.39002990722656,39.38497543334961],[125.30574798583984,39.51427459716797],[124.86974334716797,39.57893371582031],[124.86456298828125,39.70827102661133],[124.51239776611328,39.64360046386719],[124.3446044921875,39.90232849121094],[124.26568603515625,39.90232849121094],[124.56999206542969,40.29063034057617],[126.10708618164062,41.00318908691406],[126.83304595947266,41.781593322753906],[127.07218170166016,41.781593322753906],[127.1075439453125,41.586883544921875],[127.38482666015625,41.521995544433594],[127.34373474121094,41.45711898803711],[128.0981903076172,41.39224624633789],[128.3435821533203,41.65177917480469],[128.26783752441406,41.781593322753906],[128.10841369628906,41.781593322753906],[128.15032958984375,41.84651184082031],[127.9908447265625,41.84651184082031],[128.0749053955078,41.97637939453125],[128.8355255126953,42.041324615478516],[129.16644287109375,42.30118942260742],[129.69625854492188,42.496177673339844],[129.84327697753906,42.95146560668945],[130.20010375976562,42.88639831542969],[130.3002471923828,42.56119155883789],[130.54042053222656,42.56119155883789],[130.49652099609375,42.496177673339844],[130.6927490234375,42.43117141723633],[130.6490020751953,42.36617660522461],[130.32212829589844,42.236209869384766],[129.6977081298828,41.65177917480469],[129.77735900878906,41.65177917480469],[129.7268524169922,41.32738494873047]]]]}},{"type":"Feature","properties":{"Name":"Qatar Dynasty","FromYear":1900,"ToYear":1904,"Area":5471.650495465451,"Type":"POLITY","Wikipedia":"Qatar","Wikidata":"Q846","SeshatID":"","Components":"","MemberOf":"","DISPLAY_NAME":"Qatar Dynasty","ADMIN_NAME":"Qatar Dynasty","TERRITORIAL_STATUS":"sovereign","TERRITORIAL_STATUS_ZH":"独立政治实体","POLICY_NOTE":"按 ClioPatria 目标年份记录的实际控制几何显示","SOURCE_NAME":"Qatar Dynasty","WIKIPEDIA_URL":"https://en.wikipedia.org/wiki/Qatar","WIKIDATA_URL":"https://www.wikidata.org/wiki/Q846","SESHAT_URL":"","DATA_SOURCE":"ClioPatria ad28a691","LEADER":"领导人资料待补充","LEADER_SOURCE_URL":""},"geometry":{"type":"Polygon","coordinates":[[[55.81295394897461,25.807899475097656],[55.88788604736328,25.807899475097656],[55.8946533203125,25.8721923828125],[55.9695930480957,25.8721923828125],[55.976409912109375,25.936485290527344],[55.9832649230957,26.000778198242188],[56.058231353759766,26.000778198242188],[56.06513595581055,26.06507110595703],[56.28312683105469,26.000778198242188],[56.249000549316406,25.67931365966797],[56.392086029052734,25.615020751953125],[56.38539123535156,25.55072784423828],[56.46027374267578,25.55072784423828],[56.42084503173828,25.164974212646484],[56.495662689208984,25.164974212646484],[56.40800476074219,25.03639030456543],[56.401641845703125,24.97209930419922],[56.23326873779297,24.779226303100586],[56.08375549316406,24.779226303100586],[56.027706146240234,24.97209930419922],[56.05316925048828,25.229267120361328],[55.806236267089844,25.743606567382812],[55.81295394897461,25.807899475097656]]]}},{"type":"Feature","properties":{"Name":"Ottoman Empire","FromYear":1900,"ToYear":1904,"Area":2169049.949574836,"Type":"POLITY","Wikipedia":"Ottoman Empire","Wikidata":"Q12560","SeshatID":"tr_ottoman_emp_4","Components":"","MemberOf":"","DISPLAY_NAME":"Ottoman Empire","ADMIN_NAME":"Ottoman Empire","TERRITORIAL_STATUS":"sovereign","TERRITORIAL_STATUS_ZH":"独立政治实体","POLICY_NOTE":"按 ClioPatria 目标年份记录的实际控制几何显示","SOURCE_NAME":"Ottoman Empire","WIKIPEDIA_URL":"https://en.wikipedia.org/wiki/Ottoman_Empire","WIKIDATA_URL":"https://www.wikidata.org/wiki/Q12560","SESHAT_URL":"https://seshat-db.com/core/polity/tr_ottoman_emp_4","DATA_SOURCE":"ClioPatria ad28a691","LEADER":"领导人资料待补充","LEADER_SOURCE_URL":""},"geometry":{"type":"MultiPolygon","coordinates":[[[[26.304851531982422,37.5772590637207],[25.988245010375977,37.51277160644531],[26.079580307006836,37.706241607666016],[26.157678604125977,37.706241607666016],[26.313875198364258,37.706241607666016],[26.304851531982422,37.5772590637207]]],[[[25.876405715942383,38.157840728759766],[25.89913558959961,38.48057174682617],[25.820756912231445,38.48057174682617],[25.912982940673828,38.67427444458008],[25.99143409729004,38.67427444458008],[26.217344284057617,38.54513168334961],[26.111188888549805,38.157840728759766],[25.876405715942383,38.157840728759766]]],[[[26.24588966369629,38.93262481689453],[26.09356689453125,38.997230529785156],[26.103172302246094,39.1264533996582],[25.793418884277344,39.19107437133789],[26.043895721435547,39.38497543334961],[26.122615814208984,39.38497543334961],[26.511207580566406,39.320335388183594],[26.643573760986328,38.997230529785156],[26.24588966369629,38.93262481689453]]],[[[20.070056915283203,39.57893371582031],[20.073074340820312,39.64360046386719],[20.151897430419922,39.64360046386719],[20.148855209350586,39.57893371582031],[20.070056915283203,39.57893371582031]]],[[[24.973936080932617,39.8376350402832],[25.066978454589844,40.031734466552734],[25.145954132080078,40.031734466552734],[25.46186065673828,40.031734466552734],[25.447328567504883,39.8376350402832],[24.973936080932617,39.8376350402832]]],[[[25.703752517700195,40.0964469909668],[25.718765258789062,40.29063034057617],[25.7978458404541,40.29063034057617],[26.03508949279785,40.29063034057617],[26.024850845336914,40.16116714477539],[25.703752517700195,40.0964469909668]]],[[[24.793624877929688,40.614410400390625],[24.551259994506836,40.54964065551758],[24.490964889526367,40.80876541137695],[24.57025909423828,40.80876541137695],[24.808143615722656,40.80876541137695],[24.793624877929688,40.614410400390625]]],[[[42.17127227783203,16.807586669921875],[42.23801040649414,16.67901039123535],[42.23453903198242,16.614723205566406],[42.01349639892578,16.614723205566406],[42.02386474609375,16.807586669921875],[42.17127227783203,16.807586669921875]]],[[[44.3277702331543,19.6362361907959],[44.32396697998047,19.571949005126953],[44.24993133544922,19.571949005126953],[44.253726959228516,19.6362361907959],[44.3277702331543,19.6362361907959]]],[[[44.25751876831055,19.700523376464844],[44.253726959228516,19.6362361907959],[44.17967987060547,19.6362361907959],[44.18346405029297,19.700523376464844],[44.25751876831055,19.700523376464844]]],[[[28.21833038330078,41.65177917480469],[28.352495193481445,41.39224624633789],[28.975934982299805,41.26253128051758],[28.96312141418457,41.132843017578125],[30.47923469543457,41.19768524169922],[30.62422752380371,41.06801223754883],[31.1800537109375,41.06801223754883],[31.534175872802734,41.39224624633789],[32.02653121948242,41.521995544433594],[32.04172897338867,41.65177917480469],[32.1933708190918,41.586883544921875],[32.694705963134766,41.781593322753906],[32.630775451660156,41.911441802978516],[34.78450012207031,41.911441802978516],[34.881736755371094,42.041324615478516],[35.121212005615234,42.041324615478516],[35.08602523803711,41.781593322753906],[35.30754852294922,41.65177917480469],[35.953800201416016,41.71668243408203],[36.20920181274414,41.26253128051758],[36.77476501464844,41.32738494873047],[37.06510925292969,41.132843017578125],[37.23323440551758,41.19768524169922],[37.21474075317383,41.06801223754883],[37.770565032958984,41.06801223754883],[37.83116149902344,40.93837356567383],[38.15805435180664,41.00318908691406],[38.29773712158203,40.873565673828125],[38.78335189819336,40.93837356567383],[39.0508918762207,41.132843017578125],[39.735538482666016,40.93837356567383],[40.370330810546875,40.93837356567383],[40.390892028808594,41.06801223754883],[40.53934860229492,41.00318908691406],[41.04725646972656,41.19768524169922],[41.15876007080078,41.39224624633789],[41.307071685791016,41.32738494873047],[41.487789154052734,41.45711898803711],[41.567359924316406,41.45711898803711],[41.534793853759766,41.26253128051758],[41.75155258178711,41.132843017578125],[41.70857620239258,40.873565673828125],[42.15217208862305,40.6791877746582],[42.188720703125,40.42012023925781],[42.473331451416016,40.225894927978516],[42.452247619628906,40.0964469909668],[42.6577033996582,39.90232849121094],[43.210174560546875,39.90232849121094],[43.357357025146484,39.8376350402832],[43.33614730834961,39.70827102661133],[43.7197151184082,39.64360046386719],[44.5079345703125,39.64360046386719],[44.396663665771484,39.449623107910156],[44.071044921875,39.38497543334961],[44.04990005493164,39.25570297241211],[44.128570556640625,39.25570297241211],[44.165225982666016,38.997230529785156],[44.31191635131836,38.93262481689453],[44.30800247192383,38.416015625],[44.45452117919922,38.351463317871094],[44.30603790283203,37.89975357055664],[44.58888626098633,37.706241607666016],[44.627601623535156,37.44829177856445],[44.773807525634766,37.38381576538086],[44.85211181640625,36.8681755065918],[45.056724548339844,36.67487716674805],[45.09638595581055,36.417205810546875],[45.37849426269531,36.2239875793457],[45.350242614746094,36.03080368041992],[45.78702163696289,35.837650299072266],[46.25180435180664,35.837650299072266],[46.059085845947266,35.58015823364258],[46.1484375,35.12965774536133],[45.812076568603516,34.93662643432617],[45.68980026245117,34.614952087402344],[45.535648345947266,34.614952087402344],[45.50016784667969,34.3576545715332],[45.64531326293945,34.2933349609375],[45.43903350830078,33.90746307373047],[45.59275817871094,33.90746307373047],[46.137794494628906,33.393062591552734],[46.231224060058594,32.94303894042969],[46.682132720947266,32.878753662109375],[46.945579528808594,32.557350158691406],[47.31937026977539,32.493072509765625],[47.599449157714844,32.30024337768555],[47.58243942260742,32.171695709228516],[47.98128890991211,31.7217960357666],[47.79570007324219,31.464719772338867],[47.738956451416016,31.014846801757812],[48.103145599365234,30.886310577392578],[48.04780960083008,30.436433792114258],[48.27554702758789,30.436433792114258],[48.41168975830078,30.307893753051758],[48.38842010498047,30.115081787109375],[48.6004753112793,29.986536026000977],[48.592803955078125,29.922264099121094],[48.51701736450195,29.922264099121094],[48.44123077392578,29.922264099121094],[48.36544418334961,29.922264099121094],[47.66110610961914,29.729440689086914],[47.48051834106445,29.472333908081055],[47.444862365722656,29.150936126708984],[47.863216400146484,28.829526901245117],[48.3164176940918,28.829526901245117],[48.39195251464844,28.829526901245117],[48.43938446044922,28.572391510009766],[48.583370208740234,28.508106231689453],[48.562652587890625,28.315250396728516],[48.974143981933594,27.92952537536621],[48.87215805053711,27.6723690032959],[49.241947174072266,27.608078002929688],[49.35963439941406,27.2866268157959],[50.13496398925781,26.772293090820312],[50.11603546142578,26.57941436767578],[50.2536735534668,26.450830459594727],[50.22300720214844,26.129364013671875],[50.067020416259766,26.06507110595703],[50.21097183227539,26.000778198242188],[50.325462341308594,25.615020751953125],[50.60764694213867,25.422143936157227],[50.654117584228516,25.100683212280273],[50.72892761230469,25.100683212280273],[50.768985748291016,25.55072784423828],[50.92463302612305,25.615020751953125],[50.95453643798828,25.936485290527344],[51.12286376953125,26.129364013671875],[51.42281723022461,26.129364013671875],[51.697906494140625,25.8721923828125],[51.574989318847656,25.357851028442383],[51.71883010864258,25.29355812072754],[51.69002151489258,24.97209930419922],[51.52363204956055,24.779226303100586],[51.41082000732422,24.329193115234375],[51.704200744628906,24.264904022216797],[51.683048248291016,24.00774574279785],[51.52857971191406,23.943456649780273],[51.1657829284668,24.07203483581543],[51.17621994018555,24.200613021850586],[50.584083557128906,24.264904022216797],[50.50940704345703,24.264904022216797],[49.69307327270508,24.329193115234375],[49.48435974121094,24.522062301635742],[49.43046188354492,24.779226303100586],[49.07245635986328,24.97209930419922],[48.18215560913086,26.772293090820312],[48.03797149658203,26.836584091186523],[47.79905700683594,27.4794979095459],[47.654869079589844,27.54378890991211],[47.549190521240234,27.993812561035156],[47.10787582397461,28.829526901245117],[47.11472702026367,28.893810272216797],[46.98427963256836,29.08665657043457],[46.83309555053711,29.08665657043457],[46.922584533691406,29.21521759033203],[46.7783088684082,29.279497146606445],[46.87508010864258,29.472333908081055],[46.730796813964844,29.536611557006836],[46.74504852294922,29.665164947509766],[46.58648681640625,29.600887298583984],[46.53934860229492,29.857990264892578],[46.3878059387207,29.857990264892578],[45.83177185058594,30.307893753051758],[45.68001174926758,30.307893753051758],[45.55000686645508,30.500701904296875],[45.39815139770508,30.500701904296875],[44.79490280151367,31.20764923095703],[44.63529586791992,31.143381118774414],[44.657562255859375,31.336183547973633],[44.44402313232422,31.464719772338867],[44.459014892578125,31.593257904052734],[43.152584075927734,32.81447219848633],[42.708534240722656,32.94303894042969],[42.36363983154297,33.26447677612305],[42.064544677734375,33.32876968383789],[41.86487579345703,33.5859489440918],[41.711341857910156,33.5859489440918],[41.36536407470703,33.90746307373047],[40.92682647705078,34.10039138793945],[40.61914825439453,34.10039138793945],[39.904991149902344,33.90746307373047],[39.806495666503906,33.71455001831055],[39.415401458740234,33.65024948120117],[39.40131759643555,33.52165222167969],[39.24782180786133,33.52165222167969],[38.91337203979492,33.26447677612305],[38.893001556396484,33.07160949707031],[38.64313507080078,32.878753662109375],[38.28504943847656,32.36451721191406],[38.26596450805664,32.171695709228516],[38.01194763183594,31.91460609436035],[38.06972885131836,31.7217960357666],[37.83492660522461,31.65752601623535],[37.48277282714844,31.143381118774414],[37.547245025634766,31.014846801757812],[37.3951301574707,31.014846801757812],[37.20909118652344,30.629240036010742],[37.159767150878906,30.050809860229492],[37.306007385253906,29.986536026000977],[37.21951675415039,29.857990264892578],[37.67628860473633,28.958093643188477],[37.82230758666992,28.893810272216797],[37.81216049194336,28.765243530273438],[37.96828842163086,28.829526901245117],[38.01356506347656,28.44382095336914],[38.22993469238281,28.315250396728516],[38.22005081176758,28.186676025390625],[38.446231842041016,28.186676025390625],[38.356117248535156,27.993812561035156],[38.43146896362305,27.993812561035156],[38.426597595214844,27.92952537536621],[38.70368576049805,27.608078002929688],[38.75993347167969,27.35091781616211],[38.90565490722656,27.2866268157959],[38.89628219604492,27.158044815063477],[39.04197311401367,27.093751907348633],[39.03269958496094,26.96516990661621],[39.17836380004883,26.900876998901367],[39.169185638427734,26.772293090820312],[39.31482696533203,26.70800018310547],[39.77783966064453,25.807899475097656],[39.92338562011719,25.743606567382812],[40.24751663208008,24.97209930419922],[40.39302444458008,24.907808303833008],[40.51856994628906,24.522062301635742],[40.86863327026367,24.136323928833008],[41.26723861694336,23.30057144165039],[41.41260528564453,23.236284255981445],[41.40525817871094,23.107707977294922],[41.550594329833984,23.043420791625977],[41.81938171386719,22.529123306274414],[42.17338943481445,22.20768928527832],[42.16621398925781,22.079116821289062],[42.44926071166992,21.821969985961914],[42.78487777709961,21.179107666015625],[43.1416130065918,20.921964645385742],[43.27187728881836,20.60053253173828],[43.694766998291016,20.214815139770508],[43.68737030029297,20.08624267578125],[43.9763069152832,19.95766830444336],[43.97256088256836,19.893383026123047],[44.1872444152832,19.764808654785156],[44.10563278198242,19.6362361907959],[44.24993133544922,19.571949005126953],[44.31254196166992,19.379087448120117],[44.464393615722656,19.443374633789062],[44.378910064697266,19.25051498413086],[45.42970275878906,18.286205291748047],[45.577457427978516,18.286205291748047],[45.99680709838867,17.90047836303711],[46.14447021484375,17.90047836303711],[46.41975402832031,17.57904052734375],[46.78066635131836,17.450464248657227],[46.977874755859375,17.06473731994629],[47.051605224609375,17.06473731994629],[46.95011520385742,16.614723205566406],[46.62452697753906,16.100418090820312],[46.47349166870117,16.036130905151367],[46.38114929199219,15.714691162109375],[45.61313247680664,15.136098861694336],[45.59579086303711,14.81466007232666],[46.159767150878906,14.364645004272461],[45.99631118774414,14.043206214904785],[45.76958465576172,13.914630889892578],[45.555816650390625,14.043206214904785],[45.18234634399414,13.914630889892578],[45.022987365722656,13.657480239868164],[44.42680740356445,13.464617729187012],[44.34445571899414,13.271754264831543],[43.825172424316406,13.143178939819336],[43.59368133544922,12.886029243469238],[43.585205078125,12.69316577911377],[43.511905670166016,12.69316577911377],[43.23561477661133,13.07889175415039],[43.26481628417969,13.721768379211426],[43.056640625,13.97891902923584],[42.88957214355469,15.07181167602539],[42.74578857421875,15.136098861694336],[42.70881652832031,15.843266487121582],[42.78240966796875,15.843266487121582],[42.8239860534668,16.614723205566406],[42.476654052734375,17.000450134277344],[42.48373794555664,17.129026412963867],[42.33625793457031,17.129026412963867],[42.28022766113281,17.450464248657227],[41.784889221191406,17.836191177368164],[41.45082092285156,18.479066848754883],[41.23610305786133,18.607641220092773],[41.25007629394531,18.864791870117188],[41.04209899902344,19.12194061279297],[40.985382080078125,19.443374633789062],[40.84076690673828,19.507661819458008],[40.85103988647461,19.700523376464844],[40.561588287353516,19.8290958404541],[40.14036178588867,20.279102325439453],[39.84385299682617,20.279102325439453],[39.35056686401367,20.793392181396484],[39.14701461791992,21.179107666015625],[39.16929626464844,21.629112243652344],[39.02705764770508,21.7576847076416],[39.14019775390625,22.529123306274414],[38.8588752746582,22.85055923461914],[38.86882400512695,23.043420791625977],[38.60107421875,23.622013092041016],[38.03175354003906,24.136323928833008],[37.444801330566406,24.329193115234375],[37.38759231567383,24.650644302368164],[37.17045593261719,24.779226303100586],[37.1776123046875,24.907808303833008],[37.3307991027832,24.97209930419922],[37.27071762084961,25.229267120361328],[36.772972106933594,25.67931365966797],[36.7172966003418,26.000778198242188],[36.42910385131836,26.19365882873535],[36.16486358642578,26.772293090820312],[35.671688079833984,27.2866268157959],[35.61323928833008,27.54378890991211],[35.46693801879883,27.608078002929688],[35.40869903564453,27.865236282348633],[35.04917907714844,28.12238883972168],[34.59267044067383,28.058101654052734],[34.60541915893555,28.25096321105957],[34.853519439697266,28.572391510009766],[34.908206939697266,29.34377670288086],[34.91290283203125,29.40805435180664],[34.80942916870117,30.050809860229492],[34.667564392089844,30.179353713989258],[34.682376861572266,30.372163772583008],[34.54050064086914,30.500701904296875],[34.43400573730469,31.079113006591797],[34.2972412109375,31.271915435791016],[34.30241012573242,31.336183547973633],[34.63344955444336,31.65752601623535],[34.57329559326172,31.8503360748291],[34.81304168701172,31.978878021240234],[34.76983642578125,32.36451721191406],[35.021759033203125,32.62162780761719],[35.05632781982422,33.00732421875],[35.21538543701172,33.07160949707031],[35.39840316772461,33.393062591552734],[35.34577560424805,33.65024948120117],[35.49934768676758,33.65024948120117],[35.4470100402832,33.90746307373047],[35.68381118774414,33.971771240234375],[35.64447784423828,34.3576545715332],[35.79212951660156,34.2933349609375],[36.048770904541016,34.55062484741211],[36.0682373046875,34.743614196777344],[35.92698669433594,34.87228775024414],[35.959747314453125,35.194007873535156],[35.88248825073242,35.194007873535156],[35.99294662475586,35.51579284667969],[35.84488296508789,35.58015823364258],[35.990074157714844,36.2239875793457],[35.84174346923828,36.28839111328125],[36.26490020751953,36.61045455932617],[36.28622817993164,36.80373764038086],[36.144901275634766,36.932613372802734],[35.833587646484375,36.932613372802734],[35.487709045410156,36.61045455932617],[35.11265563964844,36.73930740356445],[34.95038986206055,36.67487716674805],[34.892860412597656,36.8681755065918],[34.581634521484375,36.8681755065918],[34.2507209777832,36.67487716674805],[33.97906494140625,36.28839111328125],[33.2744140625,36.2239875793457],[32.713401794433594,36.03080368041992],[32.558349609375,36.03080368041992],[32.498512268066406,36.2239875793457],[32.06806182861328,36.61045455932617],[31.08603858947754,36.932613372802734],[30.619068145751953,36.932613372802734],[30.49193572998047,36.3527946472168],[30.02613639831543,36.3527946472168],[29.938032150268555,36.2239875793457],[29.239721298217773,36.2239875793457],[29.124916076660156,36.73930740356445],[28.736103057861328,36.73930740356445],[28.590524673461914,36.8681755065918],[28.357105255126953,36.8681755065918],[28.186922073364258,36.67487716674805],[28.03143882751465,36.67487716674805],[28.138330459594727,37.06150817871094],[28.065349578857422,37.12596130371094],[27.597978591918945,37.12596130371094],[27.53919219970703,37.38381576538086],[27.22254180908203,37.3193473815918],[27.309988021850586,37.44829177856445],[27.16343116760254,37.5772590637207],[27.2558650970459,37.7707405090332],[27.177743911743164,37.7707405090332],[27.27528190612793,38.028785705566406],[26.888994216918945,38.09331130981445],[26.820327758789062,38.22237777709961],[26.42890739440918,38.22237777709961],[26.38368797302246,38.67427444458008],[26.535762786865234,38.60969924926758],[26.594974517822266,38.351463317871094],[27.06496238708496,38.351463317871094],[27.079774856567383,38.54513168334961],[26.849470138549805,38.60969924926758],[26.95786476135254,38.997230529785156],[26.879291534423828,38.997230529785156],[26.894468307495117,39.19107437133789],[26.742225646972656,39.25570297241211],[26.84657859802246,39.57893371582031],[26.132457733154297,39.51427459716797],[26.16754913330078,39.9670295715332],[26.24650001525879,39.9670295715332],[26.2723331451416,40.29063034057617],[26.604726791381836,40.4848747253418],[26.683887481689453,40.4848747253418],[26.673099517822266,40.355369567871094],[27.46982192993164,40.42012023925781],[27.537628173828125,40.29063034057617],[27.695789337158203,40.29063034057617],[27.792133331298828,40.4848747253418],[27.950454711914062,40.4848747253418],[27.938817977905273,40.355369567871094],[29.046321868896484,40.355369567871094],[28.900379180908203,40.4848747253418],[28.91274642944336,40.614410400390625],[29.3944091796875,40.6791877746582],[29.493009567260742,40.873565673828125],[29.24864959716797,40.80876541137695],[29.10276222229004,40.93837356567383],[29.115554809570312,41.06801223754883],[27.527481079101562,41.06801223754883],[27.017187118530273,40.6791877746582],[26.921367645263672,40.4848747253418],[26.62644386291504,40.74397277832031],[26.140260696411133,40.614410400390625],[26.082168579101562,40.873565673828125],[25.849451065063477,40.93837356567383],[24.34656524658203,41.00318908691406],[24.010608673095703,40.74397277832031],[23.698017120361328,40.80876541137695],[23.684629440307617,40.614410400390625],[23.83857536315918,40.54964065551758],[23.73737335205078,40.225894927978516],[23.267255783081055,40.29063034057617],[22.884185791015625,40.4848747253418],[22.89249038696289,40.614410400390625],[22.654850006103516,40.614410400390625],[22.543659210205078,40.0964469909668],[22.701663970947266,40.0964469909668],[22.697689056396484,40.031734466552734],[21.272624969482422,39.9670295715332],[21.0156192779541,39.57893371582031],[20.69722557067871,39.51427459716797],[20.605867385864258,39.25570297241211],[20.527196884155273,39.25570297241211],[20.29724884033203,39.38497543334961],[20.15495491027832,39.70827102661133],[19.918411254882812,39.70827102661133],[20.009418487548828,39.9670295715332],[19.62952995300293,40.29063034057617],[19.47136878967285,40.29063034057617],[19.48629379272461,40.614410400390625],[19.2486515045166,40.614410400390625],[19.254547119140625,40.74397277832031],[19.498455047607422,40.873565673828125],[19.437559127807617,41.26253128051758],[19.523332595825195,41.39224624633789],[19.443790435791016,41.39224624633789],[19.529659271240234,41.521995544433594],[19.450061798095703,41.521995544433594],[19.54244041442871,41.781593322753906],[19.386180877685547,41.84651184082031],[19.389352798461914,41.911441802978516],[19.415058135986328,42.43117141723633],[19.661739349365234,42.56119155883789],[19.68539047241211,43.016544342041016],[19.92967987060547,43.08163070678711],[20.100984573364258,43.276947021484375],[20.824438095092773,43.276947021484375],[20.97349739074707,43.08163070678711],[21.134084701538086,43.08163070678711],[21.51111602783203,42.691246032714844],[21.827421188354492,42.62621307373047],[21.89916229248047,42.496177673339844],[22.139245986938477,42.496177673339844],[22.39238739013672,42.691246032714844],[22.543785095214844,42.56119155883789],[22.370676040649414,42.36617660522461],[22.513214111328125,42.10627746582031],[23.546615600585938,42.041324615478516],[23.715782165527344,42.17123794555664],[24.20002555847168,42.236209869384766],[24.34984588623047,42.10627746582031],[24.32508087158203,41.781593322753906],[24.479537963867188,41.71668243408203],[24.469650268554688,41.586883544921875],[24.69356346130371,41.39224624633789],[25.091272354125977,41.39224624633789],[25.240070343017578,41.26253128051758],[26.12531852722168,41.39224624633789],[26.073184967041016,41.71668243408203],[26.397560119628906,41.781593322753906],[26.574190139770508,41.97637939453125],[27.064865112304688,42.10627746582031],[27.458030700683594,42.041324615478516],[27.550132751464844,42.17123794555664],[27.789779663085938,42.17123794555664],[27.783546447753906,42.10627746582031],[27.936981201171875,42.041324615478516],[28.052820205688477,41.586883544921875],[28.21833038330078,41.65177917480469]]],[[[27.742563247680664,35.902034759521484],[27.692523956298828,36.28839111328125],[28.01713752746582,36.48161697387695],[28.09481430053711,36.48161697387695],[28.250165939331055,36.48161697387695],[28.139331817626953,36.03080368041992],[27.742563247680664,35.902034759521484]]],[[[27.038949966430664,36.932613372802734],[27.116777420043945,36.932613372802734],[27.18541717529297,36.80373764038086],[26.865324020385742,36.67487716674805],[27.038949966430664,36.932613372802734]]]]}},{"type":"Feature","properties":{"Name":"German Empire","FromYear":1900,"ToYear":1904,"Area":815739.558455255,"Type":"POLITY","Wikipedia":"German Empire","Wikidata":"Q43287","SeshatID":"de_hohenzollern_3","Components":"","MemberOf":"","DISPLAY_NAME":"German Empire","ADMIN_NAME":"German Empire","TERRITORIAL_STATUS":"sovereign","TERRITORIAL_STATUS_ZH":"独立政治实体","POLICY_NOTE":"按 ClioPatria 目标年份记录的实际控制几何显示","SOURCE_NAME":"German Empire","WIKIPEDIA_URL":"https://en.wikipedia.org/wiki/German_Empire","WIKIDATA_URL":"https://www.wikidata.org/wiki/Q43287","SESHAT_URL":"https://seshat-db.com/core/polity/de_hohenzollern_3","DATA_SOURCE":"ClioPatria ad28a691","LEADER":"领导人资料待补充","LEADER_SOURCE_URL":""},"geometry":{"type":"MultiPolygon","coordinates":[[[[147.95050048828125,-5.564508438110352],[147.9732208251953,-5.885946750640869],[147.8320770263672,-5.950234413146973],[147.7498779296875,-5.821659088134766],[147.74530029296875,-5.757371425628662],[147.594970703125,-5.693083763122559],[147.5816192626953,-5.500220775604248],[147.95050048828125,-5.564508438110352]]],[[[144.34544372558594,-3.76445460319519],[144.5773162841797,-4.021605014801025],[144.87562561035156,-4.150180339813232],[144.95913696289062,-4.343043327331543],[145.32704162597656,-4.407330989837646],[145.71795654296875,-4.857344150543213],[145.68211364746094,-5.435933113098145],[146.34681701660156,-5.564508438110352],[146.79759216308594,-5.757371425628662],[146.95716857910156,-5.950234413146973],[147.39462280273438,-5.950234413146973],[147.70530700683594,-6.207384586334229],[147.81834411621094,-6.721685886383057],[146.8752899169922,-6.78597354888916],[146.89639282226562,-7.043123722076416],[147.23255920410156,-7.557425022125244],[148.08883666992188,-8.13601303100586],[148.09500122070312,-8.200301170349121],[146.76266479492188,-8.007437705993652],[145.499755859375,-6.914548873901367],[144.9788055419922,-6.78597354888916],[144.96864318847656,-6.657398223876953],[144.67189025878906,-6.59311056137085],[144.2828826904297,-6.271672248840332],[143.38465881347656,-5.950234413146973],[143.15252685546875,-5.757371425628662],[143.07962036132812,-5.757371425628662],[142.32501220703125,-5.371645450592041],[140.91619873046875,-4.98591947555542],[140.8920135498047,-3.121578216552734],[140.96484375,-3.121578216552734],[140.87051391601562,-2.607277393341064],[140.86798095703125,-2.542989730834961],[141.6792755126953,-2.800140142440796],[142.42706298828125,-3.250153541564941],[143.01263427734375,-3.314441204071045],[143.08546447753906,-3.314441204071045],[143.52847290039062,-3.443016529083252],[143.90841674804688,-3.76445460319519],[144.34544372558594,-3.76445460319519]]],[[[146.8397674560547,-5.307357788085938],[146.90423583984375,-5.17878246307373],[146.97711181640625,-5.17878246307373],[147.1270751953125,-5.243070125579834],[147.0757598876953,-5.564508438110352],[146.8397674560547,-5.307357788085938]]],[[[145.99777221679688,-4.664481639862061],[145.85977172851562,-4.793056964874268],[145.7869110107422,-4.793056964874268],[145.7025146484375,-4.600193977355957],[145.91732788085938,-4.535906314849854],[145.99777221679688,-4.664481639862061]]],[[[146.39134216308594,-2.285839319229126],[146.45220947265625,-1.964401364326477],[146.9617919921875,-1.964401364326477],[147.0345916748047,-1.964401364326477],[147.2553253173828,-2.028688907623291],[147.11691284179688,-2.221551656723022],[146.39134216308594,-2.285839319229126]]],[[[149.63563537597656,-1.385813117027283],[149.7146759033203,-1.578675746917725],[149.6418914794922,-1.578675746917725],[149.569091796875,-1.578675746917725],[149.42140197753906,-1.514388203620911],[149.41525268554688,-1.321525454521179],[149.63563537597656,-1.385813117027283]]],[[[134.61878967285156,7.614450931549072],[134.5955352783203,7.357300281524658],[134.44387817382812,7.293012619018555],[134.44960021972656,7.357300281524658],[134.3766326904297,7.357300281524658],[134.39398193359375,7.550163269042969],[134.61878967285156,7.614450931549072]]],[[[120.74884033203125,36.28839111328125],[120.65852355957031,36.09519577026367],[120.47354888916016,36.03080368041992],[120.240966796875,36.03080368041992],[120.30068969726562,36.15959167480469],[120.2231216430664,36.15959167480469],[120.25309753417969,36.2239875793457],[120.3133316040039,36.3527946472168],[120.70149230957031,36.3527946472168],[120.67122650146484,36.28839111328125],[120.74884033203125,36.28839111328125]]],[[[117.30430603027344,39.1264533996582],[117.4951400756836,39.19107437133789],[117.58528137207031,39.06184005737305],[117.26253509521484,38.738853454589844],[117.10558319091797,38.738853454589844],[117.13841247558594,38.80344009399414],[117.20441436767578,38.93262481689453],[117.0804443359375,38.997230529785156],[117.2256851196289,39.1264533996582],[117.30430603027344,39.1264533996582]]],[[[18.807432174682617,49.64793395996094],[18.487384796142578,49.91355895996094],[17.904199600219727,49.98000717163086],[17.739870071411133,50.04647445678711],[17.750011444091797,50.2459831237793],[17.49802589416504,50.2459831237793],[17.1715087890625,50.445655822753906],[16.919164657592773,50.445655822753906],[16.823102951049805,50.17946243286133],[16.487279891967773,50.17946243286133],[16.24351692199707,50.37908172607422],[16.338764190673828,50.64549255371094],[15.416954040527344,50.77880859375],[15.255345344543457,50.97892379760742],[14.577799797058105,50.912200927734375],[14.497381210327148,51.04566955566406],[14.328418731689453,51.04566955566406],[14.153997421264648,50.84549331665039],[13.391927719116211,50.71213912963867],[12.796454429626465,50.37908172607422],[12.376081466674805,50.37908172607422],[12.20633602142334,50.2459831237793],[12.204005241394043,50.04647445678711],[12.370920181274414,49.98000717163086],[12.36764907836914,49.71431350708008],[12.534139633178711,49.64793395996094],[12.532414436340332,49.51522445678711],[13.770781517028809,48.786521911621094],[13.768134117126465,48.654239654541016],[13.434637069702148,48.5881233215332],[13.26423168182373,48.323814392089844],[12.765129089355469,48.191749572753906],[12.762627601623535,47.993770599365234],[12.927179336547852,47.92780685424805],[12.924517631530762,47.730003356933594],[13.088733673095703,47.664100646972656],[13.004368782043457,47.53233337402344],[12.839411735534668,47.53233337402344],[12.75854206085205,47.664100646972656],[11.933061599731445,47.664100646972656],[11.024742126464844,47.4006233215332],[10.859928131103516,47.53233337402344],[10.447366714477539,47.598209381103516],[10.36567211151123,47.33478927612305],[10.118547439575195,47.33478927612305],[9.952665328979492,47.53233337402344],[9.622751235961914,47.53233337402344],[9.374073028564453,47.664100646972656],[8.547621726989746,47.730003356933594],[8.467049598693848,47.598209381103516],[7.476891040802002,47.598209381103516],[7.39728307723999,47.46647262573242],[7.06591796875,47.53233337402344],[7.061129093170166,47.730003356933594],[6.975266933441162,47.86185836791992],[6.809960842132568,47.86185836791992],[6.804806709289551,48.059749603271484],[7.048221588134766,48.257774353027344],[7.044967174530029,48.38986587524414],[6.877388000488281,48.455936431884766],[6.873973846435547,48.5881233215332],[6.203586101531982,48.786521911621094],[6.114273548126221,48.98506164550781],[5.862303733825684,49.051273345947266],[5.763453483581543,49.51522445678711],[5.761219024658203,49.58156967163086],[5.84482479095459,49.58156967163086],[6.099801540374756,49.44889450073242],[6.348425388336182,49.51522445678711],[6.338570117950439,49.84712600708008],[6.166939258575439,49.98000717163086],[6.164880752563477,50.04647445678711],[6.162819862365723,50.11296081542969],[6.078903675079346,50.11296081542969],[6.076801300048828,50.17946243286133],[5.975620746612549,50.71213912963867],[5.960404872894287,51.17921447753906],[6.203768730163574,51.51342010498047],[5.942830562591553,51.71418380737305],[5.938404083251953,51.84812545776367],[6.533320903778076,51.84812545776367],[6.614560127258301,51.98215103149414],[6.699635028839111,51.98215103149414],[6.697800159454346,52.0491943359375],[6.695963382720947,52.11625671386719],[6.781125068664551,52.11625671386719],[6.779329299926758,52.18334197998047],[6.864534378051758,52.18334197998047],[6.944602489471436,52.38472366333008],[6.68488883972168,52.51908493041992],[6.68117618560791,52.653533935546875],[7.021557331085205,52.720787048339844],[7.179872989654541,53.25962829589844],[7.178262233734131,53.32708740234375],[6.918599128723145,53.39456558227539],[6.913325786590576,53.597137451171875],[7.082295417785645,53.732303619384766],[7.944795608520508,53.732303619384766],[8.205669403076172,53.597137451171875],[8.37701416015625,53.664710998535156],[8.459527015686035,53.93522644042969],[8.892172813415527,53.86756134033203],[8.802155494689941,54.20612335205078],[8.54152774810791,54.27390670776367],[8.539765357971191,54.4095458984375],[8.799209594726562,54.47740173339844],[8.797733306884766,54.613189697265625],[8.534452438354492,54.817054748535156],[8.441773414611816,55.225467681884766],[8.529091835021973,55.225467681884766],[8.528193473815918,55.29362487792969],[8.790297508239746,55.29362487792969],[8.788798332214355,55.430015563964844],[9.66373348236084,55.36180877685547],[9.663980484008789,55.29362487792969],[9.49028491973877,55.089229583740234],[10.013643264770508,55.021148681640625],[9.9271879196167,54.545284271240234],[11.054854393005371,54.4095458984375],[11.053302764892578,54.20612335205078],[10.879310607910156,54.07062530517578],[11.397537231445312,54.00291442871094],[11.398930549621582,54.138362884521484],[12.093385696411133,54.27390670776367],[12.4437894821167,54.47740173339844],[13.05121898651123,54.47740173339844],[13.14309310913086,54.681121826171875],[13.405717849731445,54.74907684326172],[13.662626266479492,54.613189697265625],[13.739368438720703,54.27390670776367],[13.304450988769531,54.20612335205078],[14.165812492370605,54.07062530517578],[14.159177780151367,53.86756134033203],[13.98438835144043,53.799922943115234],[14.499796867370605,53.732303619384766],[14.50934886932373,54.00291442871094],[15.036103248596191,54.20612335205078],[15.991765975952148,54.27390670776367],[16.442564010620117,54.613189697265625],[17.501720428466797,54.88506317138672],[18.459484100341797,54.88506317138672],[18.44533348083496,54.681121826171875],[18.686851501464844,54.4095458984375],[19.462186813354492,54.341712951660156],[19.559396743774414,54.47740173339844],[19.819725036621094,54.47740173339844],[19.830615997314453,54.613189697265625],[20.004362106323242,54.613189697265625],[19.83608627319336,54.681121826171875],[19.950855255126953,55.021148681640625],[20.654220581054688,55.089229583740234],[20.72932243347168,54.95309066772461],[20.990678787231445,54.95309066772461],[21.202974319458008,55.36180877685547],[20.96585464477539,55.63479995727539],[20.98489761352539,55.83982467651367],[20.991283416748047,55.90821838378906],[21.248220443725586,55.83982467651367],[21.235198974609375,55.70311737060547],[21.640066146850586,55.36180877685547],[22.412668228149414,55.225467681884766],[22.398584365844727,55.089229583740234],[22.573020935058594,55.089229583740234],[22.812959671020508,54.88506317138672],[22.71874237060547,54.817054748535156],[22.66232681274414,54.27390670776367],[22.482206344604492,54.20612335205078],[22.521047592163086,53.732303619384766],[21.80574607849121,53.462066650390625],[21.28936767578125,53.462066650390625],[20.927749633789062,53.25962829589844],[20.66997718811035,53.25962829589844],[20.395845413208008,53.057395935058594],[19.972116470336914,53.124786376953125],[19.60880470275879,52.85536575317383],[19.180551528930664,52.85536575317383],[18.640182495117188,52.4518928527832],[18.298656463623047,52.4518928527832],[18.022464752197266,52.11625671386719],[17.67803382873535,52.0491943359375],[17.666772842407227,51.84812545776367],[17.90643310546875,51.580322265625],[17.891399383544922,51.31283950805664],[18.29518699645996,50.97892379760742],[18.548505783081055,50.97892379760742],[18.86180305480957,50.578861236572266],[19.030193328857422,50.578861236572266],[19.022031784057617,50.445655822753906],[19.18613052368164,50.37908172607422],[19.081897735595703,50.04647445678711],[19.165773391723633,50.04647445678711],[19.23357391357422,49.78071212768555],[18.799970626831055,49.51522445678711],[18.807432174682617,49.64793395996094]]],[[[155.11227416992188,-6.721685886383057],[155.00743103027344,-6.335959911346436],[154.61749267578125,-6.014522075653076],[154.57923889160156,-5.500220775604248],[154.43345642089844,-5.500220775604248],[154.47084045410156,-4.98591947555542],[154.62088012695312,-5.050207138061523],[154.6475372314453,-5.435933113098145],[155.1035614013672,-5.693083763122559],[155.3566436767578,-6.143096923828125],[155.5024871826172,-6.143096923828125],[155.82542419433594,-6.528822898864746],[155.83079528808594,-6.59311056137085],[155.85272216796875,-6.850261211395264],[155.2691650390625,-6.850261211395264],[155.11227416992188,-6.721685886383057]]],[[[151.11776733398438,-6.014522075653076],[150.68515014648438,-6.078809261322021],[150.34031677246094,-6.335959911346436],[149.46524047851562,-6.335959911346436],[149.30462646484375,-6.143096923828125],[148.94491577148438,-6.207384586334229],[148.70697021484375,-5.950234413146973],[148.2602081298828,-5.821659088134766],[148.1647491455078,-5.500220775604248],[148.3790283203125,-5.435933113098145],[149.4812774658203,-5.564508438110352],[149.76837158203125,-5.500220775604248],[149.7551727294922,-5.307357788085938],[149.9738311767578,-5.307357788085938],[150.0599365234375,-5.500220775604248],[150.64308166503906,-5.500220775604248],[150.9213409423828,-5.307357788085938],[151.04574584960938,-4.98591947555542],[151.54757690429688,-4.857344150543213],[151.36656188964844,-4.278755664825439],[151.6505584716797,-4.150180339813232],[151.80368041992188,-4.278755664825439],[152.0913543701172,-4.214468002319336],[152.3174285888672,-4.343043327331543],[152.28042602539062,-4.921631813049316],[151.92445373535156,-5.050207138061523],[152.0280303955078,-5.500220775604248],[151.95513916015625,-5.500220775604248],[151.37652587890625,-5.564508438110352],[151.39036560058594,-5.757371425628662],[151.11776733398438,-6.014522075653076]]],[[[149.89663696289062,-5.243070125579834],[149.82374572753906,-5.243070125579834],[149.8152313232422,-5.114494800567627],[150.09837341308594,-4.98591947555542],[150.10675048828125,-5.114494800567627],[149.89663696289062,-5.243070125579834]]],[[[152.85923767089844,-4.857344150543213],[152.7135009765625,-4.857344150543213],[152.5555419921875,-4.664481639862061],[152.52474975585938,-4.150180339813232],[152.28138732910156,-3.700166940689087],[151.38458251953125,-3.250153541564941],[151.00247192382812,-2.864427804946899],[150.70834350585938,-2.800140142440796],[150.6999969482422,-2.607277393341064],[150.99398803710938,-2.671565055847168],[151.14810180664062,-2.864427804946899],[151.36656188964844,-2.864427804946899],[151.59689331054688,-3.121578216552734],[152.19200134277344,-3.378728866577148],[152.4304962158203,-3.76445460319519],[152.4339599609375,-3.828742265701294],[152.72531127929688,-3.828742265701294],[153.03468322753906,-4.150180339813232],[153.0576171875,-4.535906314849854],[152.85923767089844,-4.857344150543213]]],[[[152.54052734375,-3.05729079246521],[152.61949157714844,-3.185865879058838],[152.6226043701172,-3.250153541564941],[152.40101623535156,-3.185865879058838],[152.39488220214844,-3.05729079246521],[152.54052734375,-3.05729079246521]]],[[[149.8885040283203,-2.350126981735229],[150.32794189453125,-2.414414644241333],[150.4114990234375,-2.671565055847168],[150.33868408203125,-2.671565055847168],[150.34146118164062,-2.735852479934692],[150.12301635742188,-2.735852479934692],[149.8235626220703,-2.542989730834961],[149.8885040283203,-2.350126981735229]]],[[[158.18482971191406,6.842999458312988],[158.1785125732422,6.778711795806885],[158.24517822265625,6.714424133300781],[158.0992889404297,6.714424133300781],[158.18482971191406,6.842999458312988]]],[[[158.25144958496094,6.778711795806885],[158.25778198242188,6.842999458312988],[158.26414489746094,6.907287120819092],[158.3370819091797,6.907287120819092],[158.33071899414062,6.842999458312988],[158.3243865966797,6.778711795806885],[158.25144958496094,6.778711795806885]]],[[[158.19760131835938,6.971574783325195],[158.26414489746094,6.907287120819092],[158.0389404296875,6.842999458312988],[158.12464904785156,6.971574783325195],[158.19760131835938,6.971574783325195]]]]}},{"type":"Feature","properties":{"Name":"Ethiopian Empire","FromYear":1900,"ToYear":1904,"Area":961672.3707603181,"Type":"POLITY","Wikipedia":"Ethiopian Empire","Wikidata":"Q207521","SeshatID":"","Components":"","MemberOf":"","DISPLAY_NAME":"Ethiopian Empire","ADMIN_NAME":"Ethiopian Empire","TERRITORIAL_STATUS":"sovereign","TERRITORIAL_STATUS_ZH":"独立政治实体","POLICY_NOTE":"按 ClioPatria 目标年份记录的实际控制几何显示","SOURCE_NAME":"Ethiopian Empire","WIKIPEDIA_URL":"https://en.wikipedia.org/wiki/Ethiopian_Empire","WIKIDATA_URL":"https://www.wikidata.org/wiki/Q207521","SESHAT_URL":"","DATA_SOURCE":"ClioPatria ad28a691","LEADER":"领导人资料待补充","LEADER_SOURCE_URL":""},"geometry":{"type":"Polygon","coordinates":[[[41.8602294921875,11.728853225708008],[41.830623626708984,10.957403182983398],[42.0477180480957,10.893115997314453],[42.34526824951172,11.021690368652344],[42.85749435424805,11.021690368652344],[42.76240539550781,10.443102836608887],[43.035945892333984,9.928803443908691],[43.25056457519531,9.800228118896484],[43.38283157348633,9.41450309753418],[43.59975051879883,9.350214958190918],[43.809783935546875,9.09306526184082],[46.69668197631836,8.128751754760742],[46.83811569213867,8.000176429748535],[47.85776901245117,7.935888767242432],[47.85315704345703,7.807313442230225],[47.328739166259766,7.421587944030762],[47.324310302734375,7.293012619018555],[46.198280334472656,6.328698635101318],[46.1942024230957,6.200123310089111],[45.595001220703125,5.685822010040283],[45.59110641479492,5.557246685028076],[45.36857604980469,5.428671360015869],[45.063812255859375,4.978658199310303],[44.768619537353516,4.850082874298096],[43.45695877075195,4.850082874298096],[42.7852897644043,4.271493911743164],[42.12790298461914,4.207206249237061],[41.75687789916992,3.950055837631226],[41.24530792236328,3.885768175125122],[40.67257308959961,4.271493911743164],[40.67425537109375,4.335781574249268],[40.74879837036133,4.400069236755371],[39.439048767089844,4.464356899261475],[39.08308029174805,4.785795211791992],[38.72040939331055,4.850082874298096],[38.4239616394043,4.657219886779785],[38.33164978027344,3.885768175125122],[37.965858459472656,3.821480512619019],[37.82493209838867,4.01434326171875],[37.84432601928711,4.785795211791992],[37.70022964477539,4.850082874298096],[37.63229751586914,5.042945861816406],[37.19668197631836,5.10723352432251],[37.127098083496094,5.235808849334717],[36.908447265625,5.235808849334717],[36.26232147216797,5.62153434753418],[35.45884323120117,5.557246685028076],[35.31629180908203,5.685822010040283],[35.32117462158203,5.878684997558594],[36.20610427856445,6.264410972595215],[36.433406829833984,6.585848808288574],[36.44731140136719,7.100150108337402],[36.31021499633789,7.421587944030762],[36.38496780395508,7.485875606536865],[36.3561897277832,9.028778076171875],[36.21198654174805,9.09306526184082],[36.202537536621094,8.771627426147461],[36.056461334228516,8.771627426147461],[35.91225051879883,8.835914611816406],[35.996612548828125,9.221640586853027],[35.125457763671875,9.41450309753418],[34.84064483642578,9.671652793884277],[34.692596435546875,9.607365608215332],[34.636497497558594,10.185953140258789],[35.237205505371094,10.7002534866333],[35.251304626464844,11.15026569366455],[35.412166595458984,11.6002779006958],[35.56282424926758,11.728853225708008],[35.49384689331055,11.857428550720215],[35.71355056762695,11.857428550720215],[35.86870574951172,12.114578247070312],[36.08626937866211,12.050291061401367],[36.25981903076172,12.821741104125977],[36.18650817871094,12.821741104125977],[36.60921859741211,14.300357818603516],[37.04985809326172,14.300357818603516],[37.34888458251953,14.428933143615723],[37.414432525634766,14.236069679260254],[37.63210678100586,14.171781539916992],[37.952884674072266,14.81466007232666],[38.52411651611328,14.428933143615723],[38.744476318359375,14.428933143615723],[39.04669952392578,14.621796607971191],[39.187992095947266,14.493220329284668],[40.28696823120117,14.428933143615723],[41.280540466308594,13.657480239868164],[41.274925231933594,13.528904914855957],[42.195220947265625,12.757453918457031],[42.18980407714844,12.628878593444824],[42.4015998840332,12.436016082763672],[41.8602294921875,11.728853225708008]]]}},{"type":"Feature","properties":{"Name":"Kingdom of Belgium","FromYear":1900,"ToYear":1918,"Area":30938.62123668864,"Type":"POLITY","Wikipedia":"Belgium","Wikidata":"Q31","SeshatID":"","Components":"","MemberOf":"","DISPLAY_NAME":"Kingdom of Belgium","ADMIN_NAME":"Kingdom of Belgium","TERRITORIAL_STATUS":"sovereign","TERRITORIAL_STATUS_ZH":"独立政治实体","POLICY_NOTE":"按 ClioPatria 目标年份记录的实际控制几何显示","SOURCE_NAME":"Kingdom of Belgium","WIKIPEDIA_URL":"https://en.wikipedia.org/wiki/Belgium","WIKIDATA_URL":"https://www.wikidata.org/wiki/Q31","SESHAT_URL":"","DATA_SOURCE":"ClioPatria ad28a691","LEADER":"领导人资料待补充","LEADER_SOURCE_URL":""},"geometry":{"type":"MultiPolygon","coordinates":[[[[117.6075210571289,39.25570297241211],[117.68618774414062,39.25570297241211],[117.7200698852539,39.320335388183594],[117.79876708984375,39.320335388183594],[117.8774642944336,39.320335388183594],[117.6187973022461,39.1264533996582],[117.74246978759766,39.06184005737305],[117.70903015136719,38.997230529785156],[117.5518798828125,38.997230529785156],[117.4615478515625,39.1264533996582],[117.57378387451172,39.19107437133789],[117.6075210571289,39.25570297241211]]],[[[6.076801300048828,50.17946243286133],[5.74549674987793,50.04647445678711],[5.84482479095459,49.58156967163086],[5.761219024658203,49.58156967163086],[5.763453483581543,49.51522445678711],[5.51275110244751,49.51522445678711],[4.998414993286133,49.84712600708008],[4.830895900726318,49.84712600708008],[4.736247062683105,50.11296081542969],[4.490188121795654,49.98000717163086],[4.154837608337402,49.98000717163086],[4.142810344696045,50.2459831237793],[3.968613386154175,50.37908172607422],[3.548239946365356,50.37908172607422],[3.106679201126099,50.77880859375],[2.600777626037598,50.77880859375],[2.493265151977539,51.17921447753906],[2.577829360961914,51.17921447753906],[2.73940634727478,51.31283950805664],[3.324945688247681,51.44654083251953],[3.409677743911743,51.44654083251953],[3.504641532897949,51.24601745605469],[4.01227855682373,51.24601745605469],[4.341732025146484,51.44654083251953],[5.019589424133301,51.44654083251953],[5.365976333618164,51.24601745605469],[5.619794845581055,51.24601745605469],[5.706711769104004,51.17921447753906],[5.720504760742188,50.77880859375],[5.975620746612549,50.71213912963867],[6.076801300048828,50.17946243286133]]]]}},{"type":"Feature","properties":{"Name":"United Principalities of Moldavia and Wallachia","FromYear":1900,"ToYear":1912,"Area":130284.47893086002,"Type":"POLITY","Wikipedia":"United Principalities of Moldavia and Wallachia","Wikidata":"Q958291","SeshatID":"","Components":"","MemberOf":"","DISPLAY_NAME":"United Principalities of Moldavia and Wallachia","ADMIN_NAME":"United Principalities of Moldavia and Wallachia","TERRITORIAL_STATUS":"sovereign","TERRITORIAL_STATUS_ZH":"独立政治实体","POLICY_NOTE":"按 ClioPatria 目标年份记录的实际控制几何显示","SOURCE_NAME":"United Principalities of Moldavia and Wallachia","WIKIPEDIA_URL":"https://en.wikipedia.org/wiki/United_Principalities_of_Moldavia_and_Wallachia","WIKIDATA_URL":"https://www.wikidata.org/wiki/Q958291","SESHAT_URL":"","DATA_SOURCE":"ClioPatria ad28a691","LEADER":"领导人资料待补充","LEADER_SOURCE_URL":""},"geometry":{"type":"Polygon","coordinates":[[[29.58445930480957,45.431331634521484],[29.095985412597656,45.431331634521484],[28.667741775512695,45.23500442504883],[28.34939956665039,45.300437927246094],[28.125896453857422,45.496795654296875],[28.153430938720703,45.75876998901367],[28.071857452392578,45.75876998901367],[28.24434471130371,46.61152267456055],[28.094419479370117,46.74290466308594],[28.108566284179688,46.87434005737305],[27.431140899658203,47.46647262573242],[27.23225212097168,47.92780685424805],[26.853185653686523,48.257774353027344],[26.26645278930664,48.191749572753906],[26.068124771118164,47.86185836791992],[26.30950927734375,47.79592514038086],[26.378965377807617,47.664100646972656],[25.959848403930664,47.598209381103516],[25.769779205322266,47.33478927612305],[25.45248794555664,47.46647262573242],[25.016605377197266,47.20316696166992],[25.668907165527344,47.13737487792969],[25.72661018371582,46.87434005737305],[25.966814041137695,46.808616638183594],[25.942142486572266,46.54585266113281],[26.477930068969727,46.1520881652832],[26.44038200378418,45.75876998901367],[25.93889808654785,45.62776184082031],[25.84545135498047,45.496795654296875],[25.438228607177734,45.496795654296875],[25.34526824951172,45.36587905883789],[25.042299270629883,45.62776184082031],[24.634754180908203,45.62776184082031],[24.13511848449707,45.496795654296875],[23.483562469482422,45.496795654296875],[23.47352409362793,45.36587905883789],[23.138248443603516,45.23500442504883],[22.73638343811035,45.300437927246094],[22.531999588012695,44.71194839477539],[22.689453125,44.64661407470703],[22.518192291259766,44.5159797668457],[22.50443458557129,44.32010269165039],[22.65691566467285,44.18956756591797],[22.894636154174805,44.12431716918945],[22.951791763305664,43.79821014404297],[23.601760864257812,43.86341094970703],[24.15087890625,43.6678352355957],[24.881397247314453,43.73301696777344],[25.434297561645508,43.6026611328125],[25.84855079650879,43.73301696777344],[26.113985061645508,43.99384307861328],[26.610553741455078,44.12431716918945],[27.337581634521484,44.12431716918945],[28.508222579956055,43.73301696777344],[28.515037536621094,43.79821014404297],[28.616275787353516,43.99384307861328],[28.53555679321289,43.99384307861328],[28.576906204223633,44.38538360595703],[28.84072494506836,44.58129119873047],[28.802005767822266,44.973392486572266],[29.04557228088379,44.973392486572266],[29.024105072021484,44.77729415893555],[29.525348663330078,44.908016204833984],[29.658414840698242,45.36587905883789],[29.57703399658203,45.36587905883789],[29.58445930480957,45.431331634521484]]]}},{"type":"Feature","properties":{"Name":"British Empire","FromYear":1900,"ToYear":1904,"Area":8031846.950966774,"Type":"POLITY","Wikipedia":"Scramble for Africa","Wikidata":"Q179848","SeshatID":"gb_british_emp_2","Components":"","MemberOf":"(British Empire)","DISPLAY_NAME":"British Empire · British Africa","ADMIN_NAME":"British Empire","TERRITORIAL_STATUS":"colony","TERRITORIAL_STATUS_ZH":"殖民地（计入宗主国）","POLICY_NOTE":"殖民地按本项目口径计入宗主国领土","SOURCE_NAME":"British Africa","WIKIPEDIA_URL":"https://en.wikipedia.org/wiki/Scramble_for_Africa","WIKIDATA_URL":"https://www.wikidata.org/wiki/Q179848","SESHAT_URL":"https://seshat-db.com/core/polity/gb_british_emp_2","DATA_SOURCE":"ClioPatria ad28a691","LEADER":"领导人资料待补充","LEADER_SOURCE_URL":""},"geometry":{"type":"MultiPolygon","coordinates":[[[[31.69089126586914,-27.743919372558594],[31.815771102905273,-27.293888092041016],[31.869680404663086,-26.908138275146484],[32.01644515991211,-26.843847274780273],[32.77128982543945,-26.908138275146484],[32.77493667602539,-26.972431182861328],[32.46742248535156,-28.129650115966797],[32.23343276977539,-28.001075744628906],[32.158077239990234,-28.001075744628906],[32.075016021728516,-27.87249755859375],[31.69089126586914,-27.743919372558594]]],[[[33.79237747192383,-9.743202209472656],[33.80003356933594,-10.128927230834961],[34.097816467285156,-10.386076927185059],[34.03426742553711,-10.836090087890625],[34.10742950439453,-10.836090087890625],[34.12639236450195,-11.67182731628418],[33.84422302246094,-12.12183952331543],[33.9222297668457,-12.314702033996582],[33.85055923461914,-12.378990173339844],[34.15358352661133,-12.764715194702148],[34.17459487915039,-13.536166191101074],[34.47364807128906,-13.729029655456543],[34.40975570678711,-14.050468444824219],[34.49100875854492,-14.307619094848633],[34.856201171875,-14.243330955505371],[35.00917053222656,-14.43619441986084],[35.22952651977539,-14.43619441986084],[35.14194107055664,-13.986180305480957],[35.13996887207031,-13.921893119812012],[35.517112731933594,-14.243330955505371],[35.827911376953125,-14.757633209228516],[35.83453369140625,-14.9504976272583],[35.76102828979492,-14.9504976272583],[35.79340744018555,-15.850528717041016],[35.07880783081055,-16.429121017456055],[35.090999603271484,-16.750560760498047],[35.24087142944336,-16.814847946166992],[35.179630279541016,-17.136287689208984],[35.03215026855469,-17.136287689208984],[35.02469253540039,-16.943424224853516],[34.4182243347168,-16.493408203125],[34.2592658996582,-16.171968460083008],[34.241172790527344,-15.65766429901123],[34.5200309753418,-15.207649230957031],[34.503135681152344,-14.69334602355957],[34.27464294433594,-14.43619441986084],[33.47053146362305,-14.564769744873047],[33.3140754699707,-14.243330955505371],[32.9414176940918,-14.050468444824219],[32.7982063293457,-14.179043769836426],[32.140907287597656,-14.307619094848633],[31.997604370117188,-14.43619441986084],[30.1030330657959,-15.014784812927246],[30.187198638916016,-15.4005126953125],[30.337955474853516,-15.529088973999023],[30.271799087524414,-15.786240577697754],[30.351057052612305,-15.979104042053223],[31.311996459960938,-16.10767936706543],[31.688365936279297,-16.364831924438477],[32.35554122924805,-16.493408203125],[32.882354736328125,-16.814847946166992],[32.822200775146484,-17.20057487487793],[32.89594650268555,-17.20057487487793],[32.914390563964844,-17.71487808227539],[32.988197326660156,-17.71487808227539],[32.94252014160156,-18.486328125],[32.806453704833984,-18.80776596069336],[32.66090393066406,-18.872053146362305],[32.765296936035156,-19.70778465270996],[32.91575241088867,-19.772069931030273],[32.922786712646484,-19.96493148803711],[32.7166862487793,-20.414936065673828],[32.42918395996094,-20.672080993652344],[32.30568313598633,-21.379228591918945],[31.58287811279297,-21.957805633544922],[31.587352752685547,-22.08637809753418],[31.15446662902832,-22.472097396850586],[31.47768783569336,-23.179258346557617],[31.49466896057129,-23.629274368286133],[31.7285213470459,-23.886428833007812],[31.82691192626953,-24.46503448486328],[31.9016170501709,-24.46503448486328],[31.85214614868164,-25.04365348815918],[31.950843811035156,-25.55799102783203],[31.744779586791992,-25.943748474121094],[31.06411361694336,-25.815162658691406],[30.71690559387207,-26.393798828125],[30.824466705322266,-27.03672218322754],[30.978174209594727,-27.101015090942383],[30.98501205444336,-27.229597091674805],[31.443267822265625,-27.358179092407227],[31.23545265197754,-27.679630279541016],[30.342479705810547,-27.87249755859375],[30.1988582611084,-28.001075744628906],[30.044649124145508,-27.936786651611328],[30.03426742553711,-27.743919372558594],[29.876893997192383,-27.615341186523438],[29.651071548461914,-27.615341186523438],[29.53798484802246,-28.322511672973633],[28.804338455200195,-28.708221435546875],[28.814884185791016,-28.901071548461914],[29.286575317382812,-29.22247886657715],[29.237411499023438,-29.67242431640625],[29.6917724609375,-29.67242431640625],[30.00271987915039,-29.800975799560547],[30.50394630432129,-30.50796127319336],[30.508312225341797,-30.57223129272461],[30.226333618164062,-30.893569946289062],[30.235191345214844,-31.022106170654297],[29.0786075592041,-31.921865463256836],[29.08751678466797,-32.05040740966797],[28.795475006103516,-32.243228912353516],[28.73247718811035,-32.43605422973633],[28.579601287841797,-32.43605422973633],[28.295957565307617,-32.757450103759766],[28.142902374267578,-32.757450103759766],[27.27178382873535,-33.46461868286133],[26.602413177490234,-33.78611755371094],[25.68050765991211,-33.78611755371094],[25.534900665283203,-33.91472625732422],[25.623991012573242,-34.1076545715332],[24.923879623413086,-33.979034423828125],[24.55475616455078,-34.23628616333008],[24.24691390991211,-34.23628616333008],[23.77424430847168,-34.04334259033203],[23.312828063964844,-34.04334259033203],[23.2429141998291,-34.17197036743164],[22.16250991821289,-34.1076545715332],[21.86113166809082,-34.23628616333008],[21.793655395507812,-34.42924118041992],[21.642757415771484,-34.49356460571289],[20.792402267456055,-34.42924118041992],[20.25885009765625,-34.557891845703125],[19.96156883239746,-34.815216064453125],[19.421598434448242,-34.815216064453125],[19.339284896850586,-34.68655014038086],[19.185089111328125,-34.68655014038086],[19.177505493164062,-34.49356460571289],[18.6358585357666,-34.42924118041992],[18.547183990478516,-34.1076545715332],[18.39561653137207,-34.17197036743164],[18.40249252319336,-34.36492156982422],[18.171493530273438,-34.36492156982422],[18.221874237060547,-33.59321212768555],[17.906478881835938,-33.336029052734375],[17.821664810180664,-33.07887268066406],[17.668426513671875,-33.07887268066406],[17.73320960998535,-32.69316864013672],[18.04127311706543,-32.757450103759766],[18.11372184753418,-32.62888717651367],[18.105669021606445,-32.37178039550781],[18.182086944580078,-32.37178039550781],[18.091903686523438,-31.921865463256836],[17.061403274536133,-30.379423141479492],[16.734535217285156,-29.286758422851562],[16.503910064697266,-29.093917846679688],[16.345703125,-28.708221435546875],[16.344560623168945,-28.643938064575195],[16.642990112304688,-28.451082229614258],[16.78802490234375,-28.129650115966797],[17.014169692993164,-28.129650115966797],[17.167390823364258,-28.258224487304688],[17.32729148864746,-28.708221435546875],[18.08832550048828,-28.96535301208496],[18.99509620666504,-28.96535301208496],[19.511817932128906,-28.51536750793457],[19.81191635131836,-28.451082229614258],[19.854284286499023,-27.165306091308594],[19.929468154907227,-27.165306091308594],[19.911693572998047,-22.022090911865234],[20.80392837524414,-22.022090911865234],[20.950626373291016,-21.893518447875977],[20.89424705505371,-18.35775375366211],[23.104307174682617,-18.03631591796875],[23.405057907104492,-18.293466567993164],[23.40774154663086,-18.422040939331055],[23.63079071044922,-18.486328125],[24.13675880432129,-17.972028732299805],[24.581262588500977,-18.03631591796875],[24.72452735900879,-17.84345245361328],[25.018320083618164,-17.779165267944336],[24.864749908447266,-17.522014617919922],[23.831745147705078,-17.522014617919922],[23.244083404541016,-17.650590896606445],[23.242769241333008,-17.586301803588867],[22.044437408447266,-16.621984481811523],[21.891420364379883,-16.30054473876953],[21.851863861083984,-13.793316841125488],[21.850971221923828,-13.729029655456543],[21.914846420288086,-13.021865844726562],[23.820371627807617,-12.9575777053833],[23.81560707092285,-12.636139869689941],[23.959379196166992,-12.443277359008789],[23.876253128051758,-11.736114501953125],[24.018394470214844,-11.414677619934082],[24.01503562927246,-11.157526969909668],[23.866222381591797,-10.964664459228516],[24.01175308227539,-10.90037727355957],[24.30777359008789,-11.157526969909668],[24.385282516479492,-11.478964805603027],[24.821836471557617,-11.286102294921875],[25.18780517578125,-11.286102294921875],[25.340776443481445,-11.736114501953125],[25.781124114990234,-11.800402641296387],[26.150360107421875,-11.993265151977539],[26.7363224029541,-11.993265151977539],[26.878524780273438,-11.736114501953125],[27.09713363647461,-11.67182731628418],[27.395530700683594,-11.993265151977539],[27.47332763671875,-12.250414848327637],[28.13511848449707,-12.378990173339844],[28.358657836914062,-12.571852684020996],[28.512941360473633,-12.9575777053833],[28.810253143310547,-13.15044116973877],[28.889101028442383,-13.407590866088867],[29.546463012695312,-13.279016494750977],[29.696054458618164,-13.407590866088867],[29.744537353515625,-12.250414848327637],[29.523456573486328,-12.186127662658691],[29.308813095092773,-12.443277359008789],[29.01569366455078,-12.443277359008789],[28.34420394897461,-11.800402641296387],[28.402864456176758,-10.964664459228516],[28.61594581604004,-10.578939437866211],[28.536609649658203,-10.193214416503906],[28.601762771606445,-9.678915023803711],[28.30282211303711,-9.228901863098145],[28.808677673339844,-8.84317684173584],[28.94931983947754,-8.457450866699219],[30.333887100219727,-8.264588356018066],[30.334827423095703,-8.328875541687012],[30.338647842407227,-8.586026191711426],[30.630760192871094,-8.586026191711426],[30.706764221191406,-8.778888702392578],[31.14397621154785,-8.714601516723633],[31.142963409423828,-8.650314331054688],[31.952709197998047,-9.036039352416992],[32.025760650634766,-9.036039352416992],[32.91048049926758,-9.486052513122559],[33.79113006591797,-9.678915023803711],[33.79237747192383,-9.743202209472656]]],[[[5.446774959564209,7.807313442230225],[5.738226413726807,7.743025779724121],[5.736687183380127,7.550163269042969],[5.881576061248779,7.421587944030762],[6.027516841888428,7.421587944030762],[6.317140579223633,7.164437294006348],[6.536016464233398,7.164437294006348],[6.385939598083496,6.714424133300781],[6.897764682769775,6.842999458312988],[7.045511722564697,7.035862445831299],[7.410276889801025,7.035862445831299],[7.481321334838867,6.842999458312988],[7.700155258178711,6.842999458312988],[7.697514533996582,6.585848808288574],[7.844054222106934,6.650136470794678],[7.845385074615479,6.778711795806885],[8.35529613494873,6.714424133300781],[8.356656074523926,6.842999458312988],[8.794323921203613,6.842999458312988],[8.86445426940918,6.585848808288574],[9.156909942626953,6.650136470794678],[9.29985523223877,6.392985820770264],[9.372780799865723,6.392985820770264],[9.371288299560547,6.264410972595215],[8.856372833251953,5.878684997558594],[8.850177764892578,5.364383697509766],[8.476895332336426,4.657219886779785],[8.404031753540039,4.657219886779785],[8.259939193725586,4.785795211791992],[8.18379020690918,4.528644561767578],[7.453561305999756,4.400069236755371],[6.725000381469727,4.400069236755371],[6.653730869293213,4.528644561767578],[6.652144432067871,4.400069236755371],[6.431980609893799,4.271493911743164],[5.922014236450195,4.271493911743164],[5.488726139068604,4.592932224273682],[5.345950603485107,4.850082874298096],[5.27870512008667,5.364383697509766],[5.132930755615234,5.364383697509766],[5.134938716888428,5.557246685028076],[4.989804267883301,5.62153434753418],[4.847793102264404,6.007260322570801],[4.558522701263428,6.264410972595215],[4.195046424865723,6.392985820770264],[2.808943748474121,6.328698635101318],[2.73602032661438,6.328698635101318],[2.818030118942261,7.614450931549072],[2.745050668716431,7.614450931549072],[2.751929998397827,8.964489936828613],[3.044669389724731,9.09306526184082],[3.044399976730347,9.028778076171875],[3.190504312515259,9.028778076171875],[3.262978076934814,8.900202751159668],[3.628203392028809,8.900202751159668],[3.774610280990601,8.964489936828613],[3.775227069854736,9.09306526184082],[4.140182495117188,9.028778076171875],[4.139853477478027,8.964489936828613],[4.064734935760498,8.578764915466309],[4.282286167144775,8.321614265441895],[4.353244781494141,8.000176429748535],[4.937229633331299,8.000176429748535],[5.010227680206299,8.000176429748535],[5.229681968688965,8.06446361541748],[5.301751136779785,7.935888767242432],[5.44774055480957,7.935888767242432],[5.446774959564209,7.807313442230225]]],[[[0.191855415701866,7.871601104736328],[0.188612326979637,7.164437294006348],[0.334187835454941,7.100150108337402],[0.331603705883026,6.650136470794678],[0.6216801404953,6.392985820770264],[0.840457677841187,6.392985820770264],[1.129834055900574,6.071547985076904],[1.129348993301392,6.007260322570801],[0.908639550209045,5.750109672546387],[0.10624348372221,5.685822010040283],[-0.772451758384705,5.171521186828613],[-1.502264022827148,5.042945861816406],[-1.86923885345459,4.721507549285889],[-2.233568429946899,4.721507549285889],[-2.450636863708496,4.914370536804199],[-2.88738751411438,4.978658199310303],[-2.960261583328247,4.978658199310303],[-2.959325551986694,5.10723352432251],[-2.739772319793701,5.235808849334717],[-2.738029479980469,5.492959022521973],[-2.955893516540527,5.62153434753418],[-3.026559114456177,6.007260322570801],[-3.171709775924683,6.135835647583008],[-3.241532325744629,6.842999458312988],[-3.020807981491089,7.421587944030762],[-2.87452220916748,7.550163269042969],[-2.874063730239868,7.743025779724121],[-2.508231639862061,8.193038940429688],[-2.507708787918091,8.643052101135254],[-2.726715087890625,8.964489936828613],[-2.726825475692749,9.285927772521973],[-2.653759002685547,9.285927772521973],[-2.726986646652222,9.478790283203125],[-2.727056264877319,9.543078422546387],[-2.801469326019287,10.250240325927734],[-2.94847559928894,10.507390975952148],[-2.949361324310303,10.764540672302246],[-2.804025888442993,11.021690368652344],[-0.901613295078278,11.085978507995605],[-0.4622922539711,10.957403182983398],[-0.243112131953239,11.15026569366455],[-0.023454179987311,11.085978507995605],[0.049725744873285,11.085978507995605],[-0.022728050127625,10.250240325927734],[0.050396721810102,10.250240325927734],[0.195365279912949,9.028778076171875],[0.195228844881058,8.964489936828613],[0.118863679468632,7.871601104736328],[0.191855415701866,7.871601104736328]]],[[[-10.756134033203125,7.614450931549072],[-10.902092933654785,7.614450931549072],[-11.338984489440918,7.228724956512451],[-11.411490440368652,6.971574783325195],[-11.557390213012695,6.971574783325195],[-11.630340576171875,6.971574783325195],[-12.214361190795898,7.164437294006348],[-12.50695514678955,7.421587944030762],[-12.945012092590332,7.485875606536865],[-12.945784568786621,7.678738594055176],[-12.727107048034668,7.743025779724121],[-12.873078346252441,7.743025779724121],[-12.947978019714355,8.128751754760742],[-13.31415843963623,8.321614265441895],[-13.31541919708252,8.514476776123047],[-13.096779823303223,8.578764915466309],[-13.316317558288574,8.643052101135254],[-13.3172607421875,8.771627426147461],[-13.171667098999023,8.835914611816406],[-13.31876277923584,8.964489936828613],[-13.319286346435547,9.028778076171875],[-12.882011413574219,9.157352447509766],[-12.449934959411621,9.86451530456543],[-12.084430694580078,9.86451530456543],[-11.939462661743164,9.993090629577637],[-11.281484603881836,9.993090629577637],[-10.913736343383789,9.735940933227539],[-10.838627815246582,9.478790283203125],[-10.692002296447754,9.41450309753418],[-10.689813613891602,9.09306526184082],[-10.542537689208984,8.900202751159668],[-10.540809631347656,8.578764915466309],[-10.685644149780273,8.321614265441895],[-10.24810791015625,8.450189590454102],[-10.392821311950684,8.128751754760742],[-10.611357688903809,8.000176429748535],[-10.756134033203125,7.614450931549072]]],[[[-15.88029956817627,13.528904914855957],[-15.515010833740234,13.593193054199219],[-15.226210594177246,13.786055564880371],[-14.859247207641602,13.786055564880371],[-14.782773971557617,13.657480239868164],[-14.264707565307617,13.464617729187012],[-13.825939178466797,13.528904914855957],[-13.749756813049316,13.40032958984375],[-14.039009094238281,13.207467079162598],[-14.25903606414795,13.207467079162598],[-14.926488876342773,13.528904914855957],[-15.146598815917969,13.528904914855957],[-15.362143516540527,13.336042404174805],[-15.728910446166992,13.336042404174805],[-15.725882530212402,13.207467079162598],[-15.871064186096191,13.143178939819336],[-16.749553680419922,13.07889175415039],[-16.822885513305664,13.07889175415039],[-16.830827713012695,13.40032958984375],[-16.54062843322754,13.528904914855957],[-16.542268753051758,13.593193054199219],[-15.88029956817627,13.528904914855957]]],[[[30.271244049072266,31.40045166015625],[30.351730346679688,31.464719772338867],[30.80877685546875,31.464719772338867],[30.965608596801758,31.528987884521484],[30.974620819091797,31.65752601623535],[31.203296661376953,31.65752601623535],[31.117990493774414,31.528987884521484],[31.265825271606445,31.464719772338867],[31.875221252441406,31.464719772338867],[31.780553817749023,31.20764923095703],[31.93739891052246,31.271915435791016],[31.999635696411133,31.079113006591797],[32.303932189941406,31.079113006591797],[32.23719787597656,31.20764923095703],[32.38941192626953,31.20764923095703],[32.53215408325195,31.079113006591797],[32.76515197753906,31.143381118774414],[32.8316764831543,31.014846801757812],[33.74934005737305,31.079113006591797],[34.22111892700195,31.271915435791016],[34.2972412109375,31.271915435791016],[34.43400573730469,31.079113006591797],[34.54050064086914,30.500701904296875],[34.682376861572266,30.372163772583008],[34.667564392089844,30.179353713989258],[34.80942916870117,30.050809860229492],[34.91290283203125,29.40805435180664],[34.83723831176758,29.40805435180664],[34.71140670776367,28.700960159301758],[34.54724884033203,28.508106231689453],[34.517303466796875,28.058101654052734],[34.35825729370117,27.92952537536621],[34.345943450927734,27.736658096313477],[34.12004470825195,27.736658096313477],[33.6169548034668,28.12238883972168],[33.553810119628906,28.315250396728516],[33.40296936035156,28.315250396728516],[33.18891525268555,28.508106231689453],[33.14677429199219,29.022375106811523],[32.857112884521484,29.21521759033203],[32.58876037597656,29.729440689086914],[32.60188293457031,29.922264099121094],[32.44160079956055,29.79371452331543],[32.68916320800781,28.958093643188477],[32.83612823486328,28.893810272216797],[33.10531997680664,28.379535675048828],[33.60887145996094,27.993812561035156],[33.585105895996094,27.608078002929688],[33.7991943359375,27.41520881652832],[33.92659378051758,27.029460906982422],[34.07311248779297,26.96516990661621],[34.05074691772461,26.57941436767578],[34.197208404541016,26.515121459960938],[34.461280822753906,25.8721923828125],[34.60763931274414,25.807899475097656],[35.145530700683594,24.650644302368164],[35.860408782958984,24.00774574279785],[35.85411834716797,23.879167556762695],[35.558753967285156,23.943456649780273],[35.546443939208984,23.68630027770996],[35.808685302734375,22.914846420288086],[36.24660110473633,22.72198486328125],[36.960968017578125,22.079116821289062],[36.943214416503906,21.693397521972656],[37.36817932128906,21.24339485168457],[37.36223220825195,21.114822387695312],[37.21376419067383,21.114822387695312],[37.20489501953125,20.921964645385742],[37.34142303466797,20.664819717407227],[37.243438720703125,20.150527954101562],[37.31755065917969,20.150527954101562],[37.410865783691406,18.993366241455078],[37.555702209472656,18.929079055786133],[37.54951477050781,18.800504684448242],[37.8421516418457,18.736217498779297],[38.192813873291016,18.350492477416992],[38.55583190917969,18.2219181060791],[38.69392395019531,18.029054641723633],[38.690711975097656,17.964767456054688],[38.530277252197266,17.707616806030273],[37.70293045043945,17.38617706298828],[37.54316329956055,17.129026412963867],[37.38962936401367,17.000450134277344],[37.168453216552734,17.000450134277344],[37.0120735168457,16.807586669921875],[37.06218719482422,16.293283462524414],[36.90909957885742,16.16470718383789],[36.651676177978516,15.328963279724121],[36.49644470214844,15.136098861694336],[36.60921859741211,14.300357818603516],[36.18650817871094,12.821741104125977],[36.18421173095703,12.757453918457031],[35.664344787597656,12.564591407775879],[35.35163497924805,11.986002922058105],[35.20302200317383,11.92171573638916],[34.94458770751953,10.7002534866333],[34.79631805419922,10.635965347290039],[34.65589904785156,10.828827857971191],[34.50957489013672,10.828827857971191],[34.35548782348633,10.571678161621094],[34.34023666381836,10.057377815246582],[34.19026565551758,9.928803443908691],[34.180999755859375,9.607365608215332],[34.104248046875,9.478790283203125],[33.885013580322266,9.478790283203125],[33.79936218261719,9.028778076171875],[33.421878814697266,8.578764915466309],[33.49144744873047,8.450189590454102],[33.19765090942383,8.385902404785156],[33.03813552856445,7.871601104736328],[33.76297378540039,7.678738594055176],[34.048133850097656,7.421587944030762],[34.1143913269043,7.164437294006348],[34.757591247558594,6.650136470794678],[35.09598159790039,5.62153434753418],[35.815208435058594,5.235808849334717],[35.73273849487305,4.850082874298096],[36.087581634521484,4.464356899261475],[37.033138275146484,4.400069236755371],[37.889862060546875,3.692905426025391],[39.19771957397461,3.564330101013184],[39.413028717041016,3.435754776000977],[40.011932373046875,4.078630924224854],[40.5997200012207,4.271493911743164],[40.67257308959961,4.271493911743164],[41.24530792236328,3.885768175125122],[41.75687789916992,3.950055837631226],[41.30010986328125,3.178604364395142],[40.928016662597656,2.857166290283203],[40.88401794433594,-0.871512532234192],[41.473365783691406,-1.642963409423828],[41.4739990234375,-1.707250952720642],[41.40313720703125,-1.900113701820374],[41.040462493896484,-2.028688907623291],[41.04179763793945,-2.157264232635498],[40.60911178588867,-2.542989730834961],[40.17366409301758,-2.671565055847168],[40.1030158996582,-2.864427804946899],[40.17881393432617,-3.121578216552734],[39.8193359375,-3.507303953170776],[39.75136947631836,-3.893029928207397],[39.53620529174805,-4.150180339813232],[39.39663314819336,-4.600193977355957],[39.179847717285156,-4.728769302368164],[39.10698318481445,-4.728769302368164],[38.81373596191406,-4.600193977355957],[37.56230163574219,-3.57159161567688],[37.630035400390625,-3.121578216552734],[37.33599090576172,-2.864427804946899],[36.82429885864258,-2.671565055847168],[36.530513763427734,-2.414414644241333],[36.238670349121094,-2.350126981735229],[36.16465377807617,-2.221551656723022],[34.04393005371094,-1.064375281333923],[34.04344940185547,-1.00008761882782],[34.0406494140625,-0.614362359046936],[34.40408706665039,-0.550074815750122],[34.402748107910156,-0.35721218585968],[34.76662826538086,-0.35721218585968],[34.765316009521484,-0.164349600672722],[34.255470275878906,-0.100062072277069],[34.110774993896484,-0.228637129068375],[33.8910026550293,0.028512962162495],[33.951534271240234,0.15708801150322],[33.664527893066406,0.349950581789017],[33.37342071533203,0.349950581789017],[33.37615203857422,0.478525668382645],[33.010902404785156,0.414238125085831],[32.859920501708984,0.15708801150322],[32.35185241699219,0.221375524997711],[32.144447326660156,0.028512962162495],[31.780763626098633,-0.035774555057287],[31.782804489135742,-0.35721218585968],[31.566162109375,-0.614362359046936],[31.56835174560547,-0.935800075531006],[31.64113426208496,-0.935800075531006],[31.641584396362305,-1.00008761882782],[30.25912857055664,-1.064375281333923],[29.897871017456055,-1.450100660324097],[29.53302764892578,-1.321525454521179],[29.457225799560547,-0.871512532234192],[29.530006408691406,-0.871512532234192],[29.6591796875,0.221375524997711],[29.884164810180664,0.542813181877136],[29.890840530395508,0.864250957965851],[31.22681999206543,2.085714817047119],[31.085346221923828,2.27857780456543],[30.724071502685547,2.407152891159058],[30.821918487548828,3.564330101013184],[30.603418350219727,3.564330101013184],[30.32048988342285,3.950055837631226],[30.030515670776367,4.01434326171875],[29.89183235168457,4.335781574249268],[29.53456687927246,4.657219886779785],[29.16329002380371,4.335781574249268],[28.58320426940918,4.464356899261475],[28.434749603271484,4.335781574249268],[28.2161865234375,4.335781574249268],[27.855979919433594,4.528644561767578],[27.215042114257812,5.235808849334717],[27.22317886352539,5.62153434753418],[26.502262115478516,6.007260322570801],[26.504953384399414,6.135835647583008],[26.290231704711914,6.328698635101318],[26.296966552734375,6.650136470794678],[26.08084487915039,6.778711795806885],[26.083538055419922,6.907287120819092],[25.79710578918457,7.164437294006348],[25.218721389770508,7.421587944030762],[25.226688385009766,7.807313442230225],[24.937376022338867,7.935888767242432],[24.723649978637695,8.193038940429688],[24.213891983032227,8.25732707977295],[24.146059036254883,8.514476776123047],[24.22038459777832,8.578764915466309],[24.076921463012695,8.707340240478516],[23.566953659057617,8.771627426147461],[23.50156021118164,9.157352447509766],[23.72719383239746,9.478790283203125],[23.72848892211914,9.543078422546387],[23.451618194580078,10.314528465270996],[23.16295051574707,10.507390975952148],[23.165523529052734,10.635965347290039],[22.948627471923828,10.764540672302246],[22.87929916381836,10.957403182983398],[22.958913803100586,11.278841018676758],[22.598047256469727,11.535990715026855],[22.680299758911133,11.986002922058105],[22.53510093688965,12.050291061401367],[22.465726852416992,12.24315357208252],[22.47354507446289,12.628878593444824],[22.1855525970459,12.886029243469238],[22.280197143554688,13.914630889892578],[22.2067928314209,13.914630889892578],[22.213611602783203,14.236069679260254],[22.287046432495117,14.236069679260254],[22.45964813232422,15.393251419067383],[22.5331974029541,15.393251419067383],[22.53615379333496,15.52182674407959],[22.833425521850586,15.650403022766113],[22.836463928222656,15.77897834777832],[23.12772560119629,15.650403022766113],[23.425172805786133,15.77897834777832],[24.013883590698242,15.77897834777832],[24.04863929748535,20.021955490112305],[25.01186752319336,20.021955490112305],[24.99679183959961,27.41520881652832],[24.69585418701172,27.41520881652832],[24.775772094726562,27.54378890991211],[24.493545532226562,28.058101654052734],[24.342811584472656,28.058101654052734],[24.425399780273438,28.25096321105957],[24.140668869018555,28.700960159301758],[24.009479522705078,29.21521759033203],[23.93385887145996,29.21521759033203],[23.80545425415039,29.79371452331543],[23.729698181152344,29.79371452331543],[23.910633087158203,30.500701904296875],[24.07367706298828,30.757776260375977],[24.307418823242188,30.886310577392578],[24.313230514526367,31.014846801757812],[25.102048873901367,31.593257904052734],[25.17825698852539,31.593257904052734],[25.248035430908203,31.464719772338867],[26.847702026367188,31.464719772338867],[27.297456741333008,31.336183547973633],[27.514896392822266,31.143381118774414],[28.496395111083984,31.014846801757812],[28.865032196044922,30.822044372558594],[29.3970890045166,30.822044372558594],[29.485143661499023,31.014846801757812],[29.78937339782715,31.014846801757812],[29.877870559692383,31.20764923095703],[29.882049560546875,31.271915435791016],[30.33879280090332,31.271915435791016],[30.271244049072266,31.40045166015625]]],[[[35.136070251464844,-13.793316841125488],[35.13801193237305,-13.85760498046875],[35.064613342285156,-13.85760498046875],[35.06267547607422,-13.793316841125488],[35.136070251464844,-13.793316841125488]]],[[[34.985450744628906,-13.664741516113281],[34.987361907958984,-13.729029655456543],[34.91397476196289,-13.729029655456543],[34.912071228027344,-13.664741516113281],[34.985450744628906,-13.664741516113281]]],[[[34.910179138183594,-13.600454330444336],[34.912071228027344,-13.664741516113281],[34.838687896728516,-13.664741516113281],[34.8368034362793,-13.600454330444336],[34.910179138183594,-13.600454330444336]]],[[[55.42900085449219,-4.728769302368164],[55.430362701416016,-4.793056964874268],[55.20771789550781,-4.600193977355957],[55.426307678222656,-4.600193977355957],[55.42900085449219,-4.728769302368164]]],[[[46.578712463378906,10.764540672302246],[47.25631332397461,11.214552879333496],[47.985382080078125,11.15026569366455],[48.359859466552734,11.343128204345703],[49.1650390625,11.343128204345703],[49.23823547363281,11.343128204345703],[49.437564849853516,10.893115997314453],[49.44538116455078,9.350214958190918],[49.06222915649414,8.900202751159668],[48.69451904296875,8.835914611816406],[48.24168014526367,8.450189590454102],[48.2345085144043,8.25732707977295],[47.85776901245117,7.935888767242432],[46.83811569213867,8.000176429748535],[46.69668197631836,8.128751754760742],[43.809783935546875,9.09306526184082],[43.59975051879883,9.350214958190918],[43.38283157348633,9.41450309753418],[43.25056457519531,9.800228118896484],[43.035945892333984,9.928803443908691],[42.76240539550781,10.443102836608887],[42.85749435424805,11.021690368652344],[43.23857116699219,11.407415390014648],[43.24113845825195,11.47170352935791],[43.31692886352539,11.535990715026855],[43.67005920410156,11.214552879333496],[43.73307418823242,10.957403182983398],[44.083831787109375,10.571678161621094],[44.371421813964844,10.443102836608887],[44.885902404785156,10.507390975952148],[44.959041595458984,10.507390975952148],[45.25415802001953,10.571678161621094],[45.706058502197266,10.893115997314453],[46.578712463378906,10.764540672302246]]],[[[54.50330352783203,12.628878593444824],[54.49269104003906,12.436016082763672],[54.192623138427734,12.307440757751465],[53.533199310302734,12.307440757751465],[53.390071868896484,12.37172794342041],[53.39694595336914,12.500303268432617],[53.32366180419922,12.500303268432617],[53.48419189453125,12.757453918457031],[54.21724319458008,12.757453918457031],[54.50330352783203,12.628878593444824]]]]}},{"type":"Feature","properties":{"Name":"German Africa","FromYear":1900,"ToYear":1904,"Area":2153063.002748082,"Type":"POLITY","Wikipedia":"German colonization of Africa","Wikidata":"Q5551337","SeshatID":"","Components":"","MemberOf":"","DISPLAY_NAME":"German Africa","ADMIN_NAME":"German Africa","TERRITORIAL_STATUS":"sovereign","TERRITORIAL_STATUS_ZH":"独立政治实体","POLICY_NOTE":"按 ClioPatria 目标年份记录的实际控制几何显示","SOURCE_NAME":"German Africa","WIKIPEDIA_URL":"https://en.wikipedia.org/wiki/German_colonization_of_Africa","WIKIDATA_URL":"https://www.wikidata.org/wiki/Q5551337","SESHAT_URL":"","DATA_SOURCE":"ClioPatria ad28a691","LEADER":"领导人资料待补充","LEADER_SOURCE_URL":""},"geometry":{"type":"MultiPolygon","coordinates":[[[[18.817712783813477,-17.779165267944336],[20.147409439086914,-17.84345245361328],[20.444761276245117,-17.972028732299805],[21.62619972229004,-17.972028732299805],[23.1702823638916,-17.650590896606445],[23.244083404541016,-17.650590896606445],[23.831745147705078,-17.522014617919922],[24.864749908447266,-17.522014617919922],[25.018320083618164,-17.779165267944336],[24.72452735900879,-17.84345245361328],[24.581262588500977,-18.03631591796875],[24.13675880432129,-17.972028732299805],[23.63079071044922,-18.486328125],[23.40774154663086,-18.422040939331055],[23.405057907104492,-18.293466567993164],[23.104307174682617,-18.03631591796875],[20.89424705505371,-18.35775375366211],[20.950626373291016,-21.893518447875977],[20.80392837524414,-22.022090911865234],[19.911693572998047,-22.022090911865234],[19.929468154907227,-27.165306091308594],[19.854284286499023,-27.165306091308594],[19.81191635131836,-28.451082229614258],[19.511817932128906,-28.51536750793457],[18.99509620666504,-28.96535301208496],[18.08832550048828,-28.96535301208496],[17.32729148864746,-28.708221435546875],[17.167390823364258,-28.258224487304688],[17.014169692993164,-28.129650115966797],[16.78802490234375,-28.129650115966797],[16.642990112304688,-28.451082229614258],[16.344560623168945,-28.643938064575195],[16.269067764282227,-28.643938064575195],[15.581916809082031,-28.129650115966797],[15.120694160461426,-27.422470092773438],[15.116925239562988,-27.101015090942383],[14.965174674987793,-26.972431182861328],[14.960474967956543,-26.522384643554688],[14.809735298156738,-26.458091735839844],[14.647401809692383,-24.915069580078125],[14.34538745880127,-24.400745391845703],[14.3369140625,-22.472097396850586],[14.112373352050781,-22.08637809753418],[13.888911247253418,-21.957805633544922],[13.664557456970215,-21.443513870239258],[13.515851974487305,-21.379228591918945],[13.217765808105469,-20.864938735961914],[13.142755508422852,-20.47922134399414],[12.696581840515137,-19.772069931030273],[12.696157455444336,-19.57921028137207],[12.547811508178711,-19.45063591003418],[12.324588775634766,-18.872053146362305],[11.732276916503906,-18.35775375366211],[11.657593727111816,-17.84345245361328],[11.583768844604492,-17.84345245361328],[11.582921028137207,-17.329151153564453],[11.582809448242188,-17.264863967895508],[12.467879295349121,-17.264863967895508],[12.835689544677734,-17.00771141052246],[13.278044700622559,-17.00771141052246],[13.426403045654297,-17.20057487487793],[13.944053649902344,-17.457727432250977],[17.484704971313477,-17.3934383392334],[17.558475494384766,-17.3934383392334],[18.295385360717773,-17.329151153564453],[18.817712783813477,-17.779165267944336]]],[[[32.600616455078125,-2.607277393341064],[32.81904983520508,-2.607277393341064],[32.890724182128906,-2.478702068328857],[33.40153503417969,-2.607277393341064],[33.6176643371582,-2.350126981735229],[33.763275146484375,-2.350126981735229],[33.689903259277344,-2.285839319229126],[33.76103210449219,-2.092976570129395],[33.39757537841797,-2.157264232635498],[33.251426696777344,-2.092976570129395],[33.25035095214844,-1.964401364326477],[33.61274337768555,-1.771538615226746],[33.61067581176758,-1.514388203620911],[33.9023551940918,-1.578675746917725],[33.97114562988281,-1.064375281333923],[34.04393005371094,-1.064375281333923],[36.16465377807617,-2.221551656723022],[36.238670349121094,-2.350126981735229],[36.530513763427734,-2.414414644241333],[36.82429885864258,-2.671565055847168],[37.33599090576172,-2.864427804946899],[37.630035400390625,-3.121578216552734],[37.56230163574219,-3.57159161567688],[38.81373596191406,-4.600193977355957],[39.10698318481445,-4.728769302368164],[39.10789108276367,-4.793056964874268],[39.04254150390625,-5.307357788085938],[38.757896423339844,-5.757371425628662],[38.76729965209961,-6.335959911346436],[39.21040725708008,-6.657398223876953],[39.21268844604492,-6.78597354888916],[39.43267822265625,-6.850261211395264],[39.438602447509766,-7.171699047088623],[39.22581481933594,-7.493137359619141],[39.2308349609375,-7.750287532806396],[39.37808609008789,-7.8145751953125],[39.248077392578125,-8.586026191711426],[39.398338317871094,-8.778888702392578],[39.40552520751953,-9.100326538085938],[39.551639556884766,-9.100326538085938],[39.719295501708984,-10.000351905822754],[40.385597229003906,-10.321789741516113],[40.315860748291016,-10.45036506652832],[40.317569732666016,-10.514652252197266],[39.52669906616211,-11.028952598571777],[38.726924896240234,-11.22181510925293],[38.512569427490234,-11.414677619934082],[37.850337982177734,-11.286102294921875],[37.27836990356445,-11.800402641296387],[36.98033142089844,-11.607540130615234],[36.399600982666016,-11.800402641296387],[36.030147552490234,-11.67182731628418],[35.87886047363281,-11.478964805603027],[35.659236907958984,-11.478964805603027],[35.37115478515625,-11.67182731628418],[34.93026351928711,-11.607540130615234],[34.928707122802734,-11.543251991271973],[34.84939193725586,-11.286102294921875],[34.55073165893555,-11.028952598571777],[34.616722106933594,-10.707514762878418],[34.46901321411133,-10.643227577209473],[34.53120422363281,-10.128927230834961],[34.37712478637695,-9.743202209472656],[34.15281295776367,-9.486052513122559],[33.789886474609375,-9.61462688446045],[33.79113006591797,-9.678915023803711],[32.91048049926758,-9.486052513122559],[32.025760650634766,-9.036039352416992],[31.952709197998047,-9.036039352416992],[31.142963409423828,-8.650314331054688],[31.141956329345703,-8.586026191711426],[30.617599487304688,-7.685999870300293],[30.38506507873535,-6.657398223876953],[30.165456771850586,-6.59311056137085],[30.09016990661621,-6.400247573852539],[29.72477912902832,-6.335959911346436],[29.72178077697754,-6.078809261322021],[29.866865158081055,-6.014522075653076],[29.861797332763672,-5.564508438110352],[29.71461296081543,-5.435933113098145],[29.709205627441406,-4.921631813049316],[29.562808990478516,-4.857344150543213],[29.557130813598633,-4.278755664825439],[29.33736801147461,-4.150180339813232],[29.408435821533203,-3.957317352294922],[29.187604904174805,-3.700166940689087],[29.258195877075195,-3.443016529083252],[29.111988067626953,-3.378728866577148],[29.11144256591797,-3.314441204071045],[29.182653427124023,-3.121578216552734],[28.962615966796875,-2.928715467453003],[28.961076736450195,-2.735852479934692],[28.814945220947266,-2.671565055847168],[28.812480926513672,-2.350126981735229],[29.101299285888672,-2.028688907623291],[29.17086410522461,-1.578675746917725],[29.53302764892578,-1.321525454521179],[29.897871017456055,-1.450100660324097],[30.25912857055664,-1.064375281333923],[31.641584396362305,-1.00008761882782],[31.64203643798828,-1.064375281333923],[31.716205596923828,-1.257237911224365],[31.502178192138672,-1.83582615852356],[31.50682830810547,-2.414414644241333],[31.653526306152344,-2.542989730834961],[31.655181884765625,-2.735852479934692],[31.87362289428711,-2.735852479934692],[31.946435928344727,-2.735852479934692],[32.08928298950195,-2.414414644241333],[32.600616455078125,-2.607277393341064]]],[[[12.36103630065918,6.264410972595215],[12.504283905029297,6.071547985076904],[13.889634132385254,6.071547985076904],[14.037297248840332,6.200123310089111],[14.328969955444336,6.200123310089111],[14.401887893676758,6.200123310089111],[14.398153305053711,5.942972660064697],[14.614980697631836,5.81439733505249],[14.532469749450684,5.171521186828613],[14.676270484924316,5.042945861816406],[14.670328140258789,4.657219886779785],[15.098320960998535,4.078630924224854],[15.09312629699707,3.757192850112915],[15.380249977111816,3.50004243850708],[15.520553588867188,3.178604364395142],[15.810763359069824,3.114316701889038],[16.02594566345215,2.921453714370728],[16.08988380432129,2.407152891159058],[16.005762100219727,1.76427698135376],[15.786234855651855,1.699989318847656],[15.644059181213379,1.892852187156677],[14.990005493164062,1.957139730453491],[14.556543350219727,2.150002479553223],[13.24610710144043,2.150002479553223],[12.520223617553711,2.27857780456543],[11.355353355407715,2.27857780456543],[11.20765209197998,2.150002479553223],[9.67983341217041,2.214290142059326],[9.680851936340332,2.27857780456543],[9.687862396240234,2.728590965270996],[9.839350700378418,3.114316701889038],[9.624690055847168,3.371467113494873],[9.6274995803833,3.564330101013184],[9.482758522033691,3.628617763519287],[9.485508918762207,3.821480512619019],[9.633007049560547,3.950055837631226],[9.050261497497559,3.950055837631226],[8.906341552734375,4.078630924224854],[8.839529991149902,4.528644561767578],[8.474390983581543,4.464356899261475],[8.549759864807129,4.657219886779785],[8.476895332336426,4.657219886779785],[8.850177764892578,5.364383697509766],[8.856372833251953,5.878684997558594],[9.371288299560547,6.264410972595215],[9.372780799865723,6.392985820770264],[9.445706367492676,6.392985820770264],[9.816277503967285,6.907287120819092],[10.472803115844727,6.907287120819092],[10.54800033569336,7.100150108337402],[10.693912506103516,7.100150108337402],[10.982661247253418,6.842999458312988],[11.05167293548584,6.521561145782471],[11.269660949707031,6.457273483276367],[11.195117950439453,6.328698635101318],[11.410587310791016,6.071547985076904],[11.99643325805664,6.264410972595215],[11.997273445129395,6.328698635101318],[12.141425132751465,6.200123310089111],[12.36103630065918,6.264410972595215]]],[[[8.476064682006836,4.592932224273682],[8.47523021697998,4.528644561767578],[8.402369499206543,4.528644561767578],[8.403203010559082,4.592932224273682],[8.404031753540039,4.657219886779785],[8.476895332336426,4.657219886779785],[8.476064682006836,4.592932224273682]]],[[[1.129834055900574,6.071547985076904],[0.840457677841187,6.392985820770264],[0.6216801404953,6.392985820770264],[0.331603705883026,6.650136470794678],[0.334187835454941,7.100150108337402],[0.188612326979637,7.164437294006348],[0.191855415701866,7.871601104736328],[0.118863679468632,7.871601104736328],[0.195228844881058,8.964489936828613],[0.195365279912949,9.028778076171875],[0.050396721810102,10.250240325927734],[-0.022728050127625,10.250240325927734],[0.049725744873285,11.085978507995605],[0.122905671596527,11.085978507995605],[0.854749858379364,11.021690368652344],[0.927925407886505,11.021690368652344],[0.854804277420044,10.314528465270996],[1.366227030754089,9.928803443908691],[1.437975764274597,9.285927772521973],[1.656200885772705,8.964489936828613],[1.57152271270752,6.650136470794678],[1.787047982215881,6.200123310089111],[1.71412980556488,6.200123310089111],[1.422457218170166,6.200123310089111],[1.202747225761414,6.071547985076904],[1.129834055900574,6.071547985076904]]]]}},{"type":"Feature","properties":{"Name":"British Empire","FromYear":1900,"ToYear":1904,"Area":13690377.648231845,"Type":"POLITY","Wikipedia":"British Empire","Wikidata":"Q8680","SeshatID":"gb_british_emp_2","Components":"","MemberOf":"(British Empire)","DISPLAY_NAME":"British Empire · British Colonial Empire","ADMIN_NAME":"British Empire","TERRITORIAL_STATUS":"colony","TERRITORIAL_STATUS_ZH":"殖民地（计入宗主国）","POLICY_NOTE":"殖民地按本项目口径计入宗主国领土","SOURCE_NAME":"British Colonial Empire","WIKIPEDIA_URL":"https://en.wikipedia.org/wiki/British_Empire","WIKIDATA_URL":"https://www.wikidata.org/wiki/Q8680","SESHAT_URL":"https://seshat-db.com/core/polity/gb_british_emp_2","DATA_SOURCE":"ClioPatria ad28a691","LEADER":"领导人资料待补充","LEADER_SOURCE_URL":""},"geometry":{"type":"MultiPolygon","coordinates":[[[[-89.03401947021484,17.38617706298828],[-89.16804504394531,17.77190399169922],[-89.05091857910156,17.964767456054688],[-88.75556182861328,17.964767456054688],[-88.3945083618164,18.479066848754883],[-88.2467041015625,18.479066848754883],[-88.23637390136719,18.414779663085938],[-88.07830810546875,18.350492477416992],[-88.02729034423828,18.029054641723633],[-88.18842315673828,17.643327713012695],[-88.13533020019531,16.807586669921875],[-88.20903015136719,16.807586669921875],[-88.23552703857422,16.486146926879883],[-88.30919647216797,16.486146926879883],[-88.82465362548828,15.971842765808105],[-88.81562042236328,15.907554626464844],[-89.11003112792969,15.907554626464844],[-89.10779571533203,17.38617706298828],[-89.03401947021484,17.38617706298828]]],[[[-77.36641693115234,17.836191177368164],[-77.73553466796875,17.836191177368164],[-78.07617950439453,18.157629013061523],[-78.29776763916016,18.157629013061523],[-78.3900146484375,18.286205291748047],[-78.05752563476562,18.543354034423828],[-77.01364135742188,18.479066848754883],[-76.22962188720703,18.157629013061523],[-76.12023162841797,17.90047836303711],[-76.48053741455078,17.836191177368164],[-76.55435943603516,17.836191177368164],[-76.8585433959961,17.90047836303711],[-77.07112121582031,17.836191177368164],[-77.05337524414062,17.707616806030273],[-77.2748031616211,17.707616806030273],[-77.36641693115234,17.836191177368164]]],[[[-72.93984985351562,21.050535202026367],[-73.01407623291016,21.050535202026367],[-73.0047378540039,20.986249923706055],[-73.66329956054688,20.921964645385742],[-73.6915512084961,21.114822387695312],[-73.48774719238281,21.24339485168457],[-72.9679946899414,21.24339485168457],[-72.93984985351562,21.050535202026367]]],[[[-72.2171630859375,21.693397521972656],[-72.32018280029297,21.88625717163086],[-72.09717559814453,21.88625717163086],[-72.07805633544922,21.7576847076416],[-72.15237426757812,21.7576847076416],[-72.2171630859375,21.693397521972656]]],[[[-72.92898559570312,22.46483612060547],[-72.6858901977539,22.33626365661621],[-72.67601776123047,22.271976470947266],[-72.82479095458984,22.271976470947266],[-72.92898559570312,22.46483612060547]]],[[[-73.70353698730469,22.657697677612305],[-73.6731185913086,22.46483612060547],[-73.80182647705078,22.33626365661621],[-73.876220703125,22.33626365661621],[-74.15374755859375,22.20768928527832],[-74.04518127441406,22.46483612060547],[-73.89635467529297,22.46483612060547],[-73.93710327148438,22.72198486328125],[-73.70353698730469,22.657697677612305]]],[[[-74.71284484863281,22.914846420288086],[-74.86180114746094,22.914846420288086],[-74.87232208251953,22.97913360595703],[-75.11701965332031,23.107707977294922],[-75.17095184326172,23.429147720336914],[-75.0218505859375,23.429147720336914],[-74.97868347167969,23.171995162963867],[-74.7445068359375,23.107707977294922],[-74.71284484863281,22.914846420288086]]],[[[-77.47551727294922,23.814878463745117],[-77.76241302490234,23.75058937072754],[-77.91895294189453,24.200613021850586],[-77.85621643066406,24.264904022216797],[-77.48284149169922,24.264904022216797],[-77.40090942382812,23.814878463745117],[-77.47551727294922,23.814878463745117]]],[[[-74.3756332397461,24.00774574279785],[-74.51364135742188,23.943456649780273],[-74.547607421875,24.136323928833008],[-74.32363891601562,24.136323928833008],[-74.3010025024414,24.00774574279785],[-74.3756332397461,24.00774574279785]]],[[[-75.49004364013672,24.393482208251953],[-75.56473541259766,24.393482208251953],[-75.58840942382812,24.522062301635742],[-75.35242462158203,24.457773208618164],[-75.24260711669922,24.264904022216797],[-75.28267669677734,24.07203483581543],[-75.43196105957031,24.07203483581543],[-75.49004364013672,24.393482208251953]]],[[[-78.11650085449219,24.457773208618164],[-78.35286712646484,24.522062301635742],[-78.3899917602539,24.714935302734375],[-78.2405014038086,24.714935302734375],[-78.19078063964844,24.843517303466797],[-78.20339965820312,24.907808303833008],[-78.19271087646484,25.229267120361328],[-77.8804702758789,25.164974212646484],[-77.617919921875,24.586353302001953],[-77.79352569580078,24.329193115234375],[-78.09226989746094,24.329193115234375],[-78.11650085449219,24.457773208618164]]],[[[-76.08506774902344,24.779226303100586],[-76.23458099365234,24.779226303100586],[-76.25920104980469,24.907808303833008],[-76.04724884033203,24.97209930419922],[-76.09732055664062,24.843517303466797],[-76.08506774902344,24.779226303100586]]],[[[-76.5980224609375,25.48643684387207],[-76.3475341796875,25.357851028442383],[-76.33470916748047,25.29355812072754],[-76.48439025878906,25.29355812072754],[-76.5980224609375,25.48643684387207]]],[[[-77.10681915283203,26.129364013671875],[-77.06575012207031,25.936485290527344],[-77.29061126708984,25.936485290527344],[-77.331787109375,26.129364013671875],[-77.17668914794922,26.450830459594727],[-77.19087219238281,26.515121459960938],[-77.63847351074219,26.836584091186523],[-77.66790008544922,26.96516990661621],[-77.35261535644531,26.900876998901367],[-76.9656982421875,26.515121459960938],[-76.93746948242188,26.386537551879883],[-77.10681915283203,26.129364013671875]]],[[[-78.60027313232422,26.772293090820312],[-77.98481750488281,26.70800018310547],[-77.97029113769531,26.643707275390625],[-78.16664123535156,26.515121459960938],[-78.6776351928711,26.450830459594727],[-78.79621124267578,26.643707275390625],[-78.64604949951172,26.643707275390625],[-78.60027313232422,26.772293090820312]]],[[[-81.69781494140625,45.56227111816406],[-82.18667602539062,45.56227111816406],[-83.15068054199219,45.82429504394531],[-83.34516143798828,46.02093505859375],[-83.26345825195312,46.02093505859375],[-82.6167221069336,45.889827728271484],[-82.52811431884766,46.02093505859375],[-81.95618438720703,46.02093505859375],[-81.67401885986328,45.95537567138672],[-81.5633544921875,45.75876998901367],[-81.69781494140625,45.56227111816406]]],[[[-131.59732055664062,52.653533935546875],[-131.694091796875,52.586299896240234],[-131.21670532226562,52.38472366333008],[-130.95114135742188,51.98215103149414],[-131.12127685546875,51.98215103149414],[-131.72872924804688,52.38472366333008],[-132.7141876220703,53.192195892333984],[-132.62831115722656,53.192195892333984],[-132.8583984375,53.39456558227539],[-132.7723846435547,53.39456558227539],[-133.16839599609375,53.664710998535156],[-132.99598693847656,53.664710998535156],[-133.23062133789062,53.86756134033203],[-133.14427185058594,53.86756134033203],[-133.30174255371094,54.00291442871094],[-133.2078399658203,54.07062530517578],[-133.28704833984375,54.138362884521484],[-131.8159637451172,54.138362884521484],[-131.65939331054688,54.00291442871094],[-131.74583435058594,54.00291442871094],[-131.67642211914062,53.86756134033203],[-131.84910583496094,53.86756134033203],[-131.78915405273438,53.664710998535156],[-131.9615478515625,53.664710998535156],[-131.8935089111328,53.52959060668945],[-131.99822998046875,53.39456558227539],[-131.92176818847656,53.32708740234375],[-132.0077362060547,53.32708740234375],[-131.6182098388672,53.057395935058594],[-131.78977966308594,53.057395935058594],[-131.63919067382812,52.92268753051758],[-131.82119750976562,52.85536575317383],[-131.59732055664062,52.653533935546875]]],[[[-94.55671691894531,54.88506317138672],[-94.23374938964844,54.613189697265625],[-94.5224838256836,54.545284271240234],[-94.84552764892578,54.817054748535156],[-94.64379119873047,54.88506317138672],[-94.55671691894531,54.88506317138672]]],[[[-92.24760437011719,56.937416076660156],[-92.37175750732422,57.07511901855469],[-91.6082992553711,57.21294021606445],[-91.67042541503906,57.28189468383789],[-90.7815933227539,57.28189468383789],[-89.82691192626953,57.00625228881836],[-89.05751037597656,56.937416076660156],[-87.87738037109375,56.387733459472656],[-87.64559936523438,56.11355972290039],[-85.95584869384766,55.77145767211914],[-84.95580291748047,55.29362487792969],[-83.87405395507812,55.36180877685547],[-82.31610107421875,55.15733337402344],[-82.17543029785156,54.74907684326172],[-82.26239776611328,54.74907684326172],[-82.2452621459961,54.613189697265625],[-82.47217559814453,54.341712951660156],[-82.36933135986328,54.20612335205078],[-82.4559097290039,54.20612335205078],[-82.10021209716797,53.732303619384766],[-82.22239685058594,53.664710998535156],[-82.1221923828125,53.52959060668945],[-82.20830535888672,53.52959060668945],[-82.10859680175781,53.39456558227539],[-82.23090362548828,53.32708740234375],[-82.13189697265625,53.192195892333984],[-82.29084777832031,53.057395935058594],[-81.69371032714844,52.586299896240234],[-81.50281524658203,52.31757736206055],[-81.67340087890625,52.31757736206055],[-81.62596130371094,52.250450134277344],[-80.7957763671875,51.91512680053711],[-80.5268325805664,51.64724349975586],[-80.42998504638672,51.37968063354492],[-80.17591857910156,51.37968063354492],[-79.87244415283203,51.17921447753906],[-79.7477798461914,51.24601745605469],[-79.837158203125,51.37968063354492],[-79.633056640625,51.580322265625],[-79.67823791503906,51.64724349975586],[-79.5085220336914,51.64724349975586],[-79.55376434326172,51.71418380737305],[-78.95001220703125,51.44654083251953],[-79.13475799560547,51.84812545776367],[-78.96478271484375,51.84812545776367],[-79.05560302734375,51.98215103149414],[-78.88545227050781,51.98215103149414],[-78.81273651123047,52.250450134277344],[-78.60284423828125,52.31757736206055],[-78.65584564208984,52.51908493041992],[-78.97486114501953,52.85536575317383],[-78.88921356201172,52.85536575317383],[-79.16432189941406,53.124786376953125],[-79.040283203125,53.192195892333984],[-79.19446563720703,53.52959060668945],[-79.10836029052734,53.52959060668945],[-79.30278778076172,53.799922943115234],[-79.13018798828125,53.799922943115234],[-79.2772216796875,54.00291442871094],[-79.19078063964844,54.00291442871094],[-79.5121078491211,54.20612335205078],[-79.62523651123047,54.47740173339844],[-79.8634262084961,54.681121826171875],[-79.74024200439453,54.74907684326172],[-79.7910385131836,54.817054748535156],[-79.058349609375,54.88506317138672],[-79.10897827148438,54.95309066772461],[-78.42569732666016,55.089229583740234],[-78.47630310058594,55.15733337402344],[-78.30176544189453,55.15733337402344],[-78.35240936279297,55.225467681884766],[-78.0904541015625,55.225467681884766],[-78.14108276367188,55.29362487792969],[-77.34486389160156,55.63479995727539],[-77.39571380615234,55.70311737060547],[-77.22037506103516,55.70311737060547],[-77.2345199584961,55.83982467651367],[-77.02216339111328,55.90821838378906],[-77.07327270507812,55.97663879394531],[-76.89751434326172,55.97663879394531],[-76.80207061767578,56.319149017333984],[-76.71393585205078,56.319149017333984],[-76.76551818847656,56.387733459472656],[-76.67733001708984,56.387733459472656],[-76.72899627685547,56.45634460449219],[-76.64075469970703,56.45634460449219],[-76.69251251220703,56.524986267089844],[-76.60421752929688,56.524986267089844],[-76.65606689453125,56.59365463256836],[-76.56771850585938,56.59365463256836],[-76.72087860107422,57.14401626586914],[-76.6321029663086,57.14401626586914],[-76.79113006591797,57.35087585449219],[-76.70218658447266,57.35087585449219],[-77.18665313720703,57.97305679321289],[-78.40269470214844,58.59769821166992],[-78.58258056640625,58.59769821166992],[-78.69572448730469,58.73685073852539],[-78.57229614257812,58.80647277832031],[-78.62913513183594,58.876129150390625],[-76.77471923828125,57.903804779052734],[-76.2935562133789,57.28189468383789],[-76.38243865966797,57.28189468383789],[-76.17213439941406,57.00625228881836],[-76.26080322265625,57.00625228881836],[-76.1410140991211,56.731075286865234],[-76.26605224609375,56.662349700927734],[-76.18511199951172,56.319149017333984],[-76.27325439453125,56.319149017333984],[-76.37025451660156,55.97663879394531],[-76.54600524902344,55.97663879394531],[-76.5694808959961,55.77145767211914],[-76.74492645263672,55.77145767211914],[-76.73151397705078,55.63479995727539],[-77.06852722167969,55.498252868652344],[-77.0181884765625,55.430015563964844],[-77.10565948486328,55.430015563964844],[-77.09266662597656,55.29362487792969],[-77.26740264892578,55.29362487792969],[-77.25454711914062,55.15733337402344],[-77.64073944091797,55.089229583740234],[-77.5907211303711,55.021148681640625],[-77.88932037353516,54.95309066772461],[-77.8393783569336,54.88506317138672],[-78.1005859375,54.88506317138672],[-78.0506362915039,54.817054748535156],[-78.4726791381836,54.681121826171875],[-78.42284393310547,54.613189697265625],[-78.8072738647461,54.545284271240234],[-78.75748443603516,54.47740173339844],[-78.88127899169922,54.4095458984375],[-78.58570098876953,54.00291442871094],[-78.6721420288086,54.00291442871094],[-78.4576644897461,53.462066650390625],[-78.54373168945312,53.462066650390625],[-77.92050170898438,52.31757736206055],[-78.16493225097656,52.0491943359375],[-78.07477569580078,51.91512680053711],[-78.15980529785156,51.91512680053711],[-78.11489868164062,51.84812545776367],[-78.19989013671875,51.84812545776367],[-78.15508270263672,51.78114318847656],[-78.24002838134766,51.78114318847656],[-78.19532775878906,51.71418380737305],[-78.28022766113281,51.71418380737305],[-78.23562622070312,51.64724349975586],[-78.32048797607422,51.64724349975586],[-78.7239761352539,50.84549331665039],[-79.01802825927734,50.77880859375],[-79.05717468261719,50.578861236572266],[-79.6033935546875,50.51224899291992],[-81.13050079345703,50.912200927734375],[-81.60911560058594,51.24601745605469],[-82.01593017578125,51.71418380737305],[-82.50595092773438,52.0491943359375],[-83.80918884277344,53.597137451171875],[-84.13542175292969,53.799922943115234],[-84.39495849609375,54.138362884521484],[-85.00533294677734,54.47740173339844],[-89.43655395507812,55.63479995727539],[-93.66542053222656,56.937416076660156],[-94.15917205810547,57.28189468383789],[-94.65052032470703,57.903804779052734],[-94.56114196777344,57.903804779052734],[-94.79975891113281,58.2503662109375],[-94.66290283203125,58.38920593261719],[-94.7292251586914,58.45867156982422],[-94.63939666748047,58.45867156982422],[-94.70584869384766,58.528167724609375],[-94.615966796875,58.528167724609375],[-94.83769989013672,58.94581604003906],[-94.52290344238281,58.80647277832031],[-93.26127624511719,58.80647277832031],[-92.67127227783203,57.696231842041016],[-92.60773468017578,57.62710189819336],[-92.44422912597656,57.35087585449219],[-92.53317260742188,57.35087585449219],[-92.40776062011719,57.21294021606445],[-92.54920196533203,57.07511901855469],[-92.42483520507812,56.937416076660156],[-92.24760437011719,56.937416076660156]]],[[[-136.32666015625,68.64987182617188],[-136.4263458251953,68.64987182617188],[-136.1964569091797,68.27159118652344],[-136.29571533203125,68.27159118652344],[-136.14627075195312,68.1207046508789],[-136.34446716308594,68.1207046508789],[-136.22059631347656,68.04534912109375],[-136.31961059570312,68.04534912109375],[-136.1960906982422,67.97005462646484],[-136.29501342773438,67.97005462646484],[-136.1718292236328,67.89481353759766],[-136.2706756591797,67.89481353759766],[-136.05435180664062,67.51952362060547],[-136.1527862548828,67.51952362060547],[-136.0316162109375,67.44463348388672],[-134.2613067626953,67.44463348388672],[-133.92489624023438,67.29503631591797],[-134.02308654785156,67.29503631591797],[-133.53213500976562,66.92203521728516],[-133.6299285888672,66.92203521728516],[-133.4575653076172,66.6246337890625],[-133.65249633789062,66.6246337890625],[-133.51885986328125,66.47626495361328],[-132.8551025390625,66.55042266845703],[-132.41477966308594,66.32811737060547],[-132.49534606933594,66.25411987304688],[-132.26890563964844,66.10628509521484],[-132.36582946777344,66.10628509521484],[-132.221923828125,65.88493347167969],[-132.59310913085938,65.8112564086914],[-132.46603393554688,65.66405487060547],[-132.65896606445312,65.66405487060547],[-131.8719482421875,65.07727813720703],[-130.9480438232422,64.71215057373047],[-130.51040649414062,64.34822845458984],[-130.6055450439453,64.34822845458984],[-130.3839874267578,64.13044738769531],[-130.46873474121094,64.05794525146484],[-130.15518188476562,63.84071350097656],[-130.24981689453125,63.84071350097656],[-130.0421142578125,63.69612503051758],[-130.13662719726562,63.69612503051758],[-130.02430725097656,63.55171203613281],[-130.11868286132812,63.55171203613281],[-129.9128875732422,63.4074821472168],[-130.00711059570312,63.4074821472168],[-129.89642333984375,63.263427734375],[-130.08460998535156,63.263427734375],[-129.97451782226562,63.11954879760742],[-130.06846618652344,63.11954879760742],[-129.8653106689453,62.9758415222168],[-129.95164489746094,62.904052734375],[-129.23336791992188,62.18848419189453],[-129.32644653320312,62.18848419189453],[-128.27223205566406,61.69001388549805],[-127.97779083251953,61.335140228271484],[-128.06712341308594,61.264278411865234],[-127.68865966796875,60.9812126159668],[-126.31148529052734,61.12267303466797],[-126.40515899658203,61.193458557128906],[-126.03515625,61.12267303466797],[-125.38841247558594,60.48725891113281],[-125.4799575805664,60.48725891113281],[-124.75614166259766,59.99503707885742],[-116.64635467529297,59.99503707885742],[-116.72372436523438,60.135501861572266],[-116.34495544433594,60.276100158691406],[-116.42308807373047,60.416839599609375],[-116.14198303222656,60.48725891113281],[-116.22071075439453,60.628211975097656],[-115.84113311767578,60.76930236816406],[-115.92671966552734,60.83990478515625],[-114.83136749267578,60.76930236816406],[-114.91626739501953,60.83990478515625],[-114.17410278320312,60.91054153442383],[-114.25890350341797,60.9812126159668],[-113.52302551269531,60.9812126159668],[-113.5858383178711,61.264278411865234],[-113.40135955810547,61.264278411865234],[-113.48651123046875,61.335140228271484],[-112.37114715576172,61.40604019165039],[-112.45594024658203,61.47697448730469],[-111.98600769042969,61.547950744628906],[-112.07087707519531,61.618961334228516],[-111.68521118164062,61.7611083984375],[-111.77040100097656,61.832237243652344],[-111.49214935302734,61.832237243652344],[-111.66284942626953,61.97461700439453],[-111.27642059326172,62.117156982421875],[-111.36221313476562,62.18848419189453],[-111.17605590820312,62.18848419189453],[-111.26195526123047,62.259857177734375],[-110.41597747802734,62.331268310546875],[-110.50169372558594,62.4027214050293],[-110.31513977050781,62.4027214050293],[-110.40095520019531,62.474212646484375],[-110.12092590332031,62.474212646484375],[-110.206787109375,62.54574966430664],[-109.9189682006836,62.61732482910156],[-109.99774169921875,62.76060485839844],[-109.44377136230469,62.68894577026367],[-109.27267456054688,62.54574966430664],[-108.89071655273438,62.61732482910156],[-109.0616226196289,62.76060485839844],[-108.96800994873047,62.76060485839844],[-106.46424102783203,60.34645080566406],[-106.5556640625,60.34645080566406],[-105.99932861328125,59.92485809326172],[-106.09039306640625,59.92485809326172],[-105.34735107421875,59.15507125854492],[-105.43775939941406,59.15507125854492],[-105.23054504394531,58.876129150390625],[-105.50106811523438,58.876129150390625],[-105.44317626953125,58.73685073852539],[-105.53324127197266,58.73685073852539],[-105.4594497680664,58.66725540161133],[-105.58214569091797,58.528167724609375],[-105.36268615722656,58.31977081298828],[-105.45240020751953,58.31977081298828],[-105.30696868896484,58.180992126464844],[-105.39657592773438,58.180992126464844],[-105.25182342529297,58.042335510253906],[-105.34131622314453,58.042335510253906],[-105.28662109375,57.903804779052734],[-105.46537780761719,57.903804779052734],[-105.41102600097656,57.7653923034668],[-105.6788330078125,57.7653923034668],[-105.60709381103516,57.696231842041016],[-106.14236450195312,57.696231842041016],[-106.07048797607422,57.62710189819336],[-109.66732025146484,57.488929748535156],[-109.59373474121094,57.41988754272461],[-109.86071014404297,57.41988754272461],[-109.83403015136719,57.14401626586914],[-110.18913269042969,57.14401626586914],[-110.13174438476562,57.00625228881836],[-110.30907440185547,57.00625228881836],[-110.2520523071289,56.86860656738281],[-110.42916870117188,56.86860656738281],[-110.38859558105469,56.662349700927734],[-110.56539916992188,56.662349700927734],[-110.49312591552734,56.59365463256836],[-110.66981506347656,56.59365463256836],[-110.5976333618164,56.524986267089844],[-111.08736419677734,56.319149017333984],[-111.0319595336914,56.182064056396484],[-111.4167709350586,56.04508590698242],[-111.36199951171875,55.90821838378906],[-110.04537963867188,55.56651306152344],[-108.81939697265625,55.56651306152344],[-108.8884048461914,55.63479995727539],[-108.16856384277344,55.70311737060547],[-108.18180084228516,55.97663879394531],[-107.987548828125,56.04508590698242],[-108.0025634765625,56.319149017333984],[-105.80911254882812,55.97663879394531],[-104.68260192871094,55.63479995727539],[-104.48342895507812,55.430015563964844],[-104.57089233398438,55.430015563964844],[-104.52628326416016,55.29362487792969],[-104.61365509033203,55.29362487792969],[-104.54783630371094,55.225467681884766],[-104.67839050292969,55.089229583740234],[-104.54771423339844,54.95309066772461],[-104.70092010498047,54.74907684326172],[-103.94544982910156,54.4095458984375],[-103.33135986328125,53.93522644042969],[-103.19689178466797,54.07062530517578],[-103.32231903076172,54.20612335205078],[-103.14915466308594,54.20612335205078],[-103.21204376220703,54.27390670776367],[-102.6683578491211,54.341712951660156],[-102.81082916259766,54.681121826171875],[-102.6369857788086,54.681121826171875],[-102.70059204101562,54.74907684326172],[-101.93414306640625,54.95309066772461],[-102.06184387207031,55.089229583740234],[-101.73640441894531,55.021148681640625],[-101.80018615722656,55.089229583740234],[-101.6257553100586,55.089229583740234],[-101.68961334228516,55.15733337402344],[-101.11892700195312,55.29362487792969],[-101.18291473388672,55.36180877685547],[-100.32508850097656,55.56651306152344],[-100.38917541503906,55.63479995727539],[-100.21393585205078,55.63479995727539],[-100.27809143066406,55.70311737060547],[-100.01507568359375,55.70311737060547],[-100.07925415039062,55.77145767211914],[-99.64064025878906,55.77145767211914],[-97.36209106445312,55.29362487792969],[-96.99466705322266,54.88506317138672],[-96.08076477050781,54.341712951660156],[-94.89414978027344,54.07062530517578],[-94.02928161621094,54.07062530517578],[-93.51222229003906,53.86756134033203],[-93.34259033203125,53.664710998535156],[-93.48865509033203,53.52959060668945],[-93.37677001953125,53.39456558227539],[-93.52333068847656,53.25962829589844],[-93.38807678222656,52.99003219604492],[-93.47381591796875,52.99003219604492],[-93.20087432861328,52.653533935546875],[-92.69759368896484,52.4518928527832],[-91.7260513305664,52.51908493041992],[-91.22624969482422,52.31757736206055],[-91.12167358398438,52.18334197998047],[-91.20687866210938,52.18334197998047],[-91.22127532958984,51.98215103149414],[-92.00114440917969,51.78114318847656],[-91.77845001220703,51.37968063354492],[-91.28863525390625,51.17921447753906],[-90.61212158203125,51.17921447753906],[-89.8949203491211,50.77880859375],[-90.06355285644531,50.77880859375],[-90.08674621582031,50.578861236572266],[-90.41118621826172,50.445655822753906],[-90.5084457397461,50.11296081542969],[-90.67628479003906,50.11296081542969],[-90.62886810302734,50.04647445678711],[-90.74929809570312,49.98000717163086],[-90.6551513671875,49.84712600708008],[-90.77576446533203,49.78071212768555],[-90.68244934082031,49.64793395996094],[-90.51516723632812,49.64793395996094],[-90.48763275146484,49.84712600708008],[-89.95785522460938,50.04647445678711],[-90.00495147705078,50.11296081542969],[-89.58537292480469,50.11296081542969],[-88.18818664550781,49.91355895996094],[-87.92925262451172,49.78071212768555],[-87.44258880615234,49.18375015258789],[-87.27583312988281,49.18375015258789],[-87.36416625976562,49.316287994384766],[-87.03544616699219,49.44889450073242],[-87.04100036621094,49.58156967163086],[-86.70657348632812,49.58156967163086],[-86.61780548095703,49.44889450073242],[-85.8150863647461,49.11750411987305],[-85.4327163696289,48.654239654541016],[-85.01730346679688,48.654239654541016],[-84.76741790771484,48.52202224731445],[-83.4200210571289,47.26897048950195],[-82.60124969482422,47.13737487792969],[-81.8340072631836,46.808616638183594],[-81.58769989013672,46.808616638183594],[-81.45529174804688,47.005828857421875],[-80.79765319824219,47.005828857421875],[-80.708984375,47.13737487792969],[-80.78512573242188,47.26897048950195],[-80.7027816772461,47.26897048950195],[-80.77925872802734,47.4006233215332],[-80.65276336669922,47.46647262573242],[-80.72972106933594,47.598209381103516],[-80.52072143554688,47.664100646972656],[-80.59326934814453,47.92780685424805],[-80.4232177734375,48.059749603271484],[-80.5016860961914,48.191749572753906],[-80.24516296386719,48.455936431884766],[-80.32470703125,48.5881233215332],[-80.02637481689453,48.91886520385742],[-79.98120880126953,49.11750411987305],[-79.60501098632812,49.18375015258789],[-79.48387908935547,48.98506164550781],[-79.56714630126953,48.98506164550781],[-79.49839782714844,48.455936431884766],[-78.7180404663086,48.257774353027344],[-76.9022216796875,48.1257438659668],[-77.0474853515625,48.52202224731445],[-76.95826721191406,48.654239654541016],[-76.79210662841797,48.654239654541016],[-76.83061218261719,48.72037124633789],[-76.0825424194336,48.72037124633789],[-75.43268585205078,48.455936431884766],[-74.73168182373047,48.38986587524414],[-74.76889038085938,48.455936431884766],[-74.26232147216797,48.5881233215332],[-74.28353118896484,48.91886520385742],[-73.86737823486328,48.91886520385742],[-73.9427719116211,49.051273345947266],[-73.80653381347656,49.2500114440918],[-74.24359893798828,49.71431350708008],[-74.15991973876953,49.71431350708008],[-74.1938247680664,49.91355895996094],[-73.01475524902344,50.04647445678711],[-72.52182006835938,50.912200927734375],[-71.71019744873047,51.24601745605469],[-71.7916030883789,51.37968063354492],[-71.70691680908203,51.37968063354492],[-71.74275207519531,51.71418380737305],[-70.63902282714844,51.71418380737305],[-70.72093200683594,51.84812545776367],[-70.50698852539062,51.91512680053711],[-70.54814147949219,51.98215103149414],[-68.83856964111328,52.250450134277344],[-68.87940979003906,52.31757736206055],[-68.23767852783203,52.38472366333008],[-68.2784194946289,52.4518928527832],[-67.29896545410156,52.38472366333008],[-66.76560974121094,51.91512680053711],[-66.42548370361328,51.91512680053711],[-66.46455383300781,51.98215103149414],[-65.9930419921875,52.0491943359375],[-66.0712890625,52.18334197998047],[-65.986083984375,52.18334197998047],[-66.01277923583984,52.51908493041992],[-65.29005432128906,52.4518928527832],[-65.36246490478516,52.720787048339844],[-65.77942657470703,52.99003219604492],[-66.4653549194336,52.99003219604492],[-66.58429718017578,53.32708740234375],[-66.45357513427734,53.39456558227539],[-66.74547576904297,53.86756134033203],[-66.96044158935547,53.93522644042969],[-67.0014877319336,54.138362884521484],[-67.25983428955078,54.4095458984375],[-67.1295394897461,54.47740173339844],[-67.3903579711914,54.74907684326172],[-67.2601318359375,54.817054748535156],[-67.30397033691406,54.88506317138672],[-66.86862182617188,54.88506317138672],[-67.22005462646484,55.29362487792969],[-67.13268280029297,55.29362487792969],[-67.17711639404297,55.36180877685547],[-66.47673797607422,54.95309066772461],[-66.30249786376953,54.95309066772461],[-66.52192687988281,55.430015563964844],[-65.64863586425781,55.021148681640625],[-65.56257629394531,54.88506317138672],[-64.2116470336914,54.95309066772461],[-63.824546813964844,54.74907684326172],[-63.3404541015625,54.95309066772461],[-63.288482666015625,55.29362487792969],[-63.113746643066406,55.29362487792969],[-63.192867279052734,55.70311737060547],[-63.978057861328125,56.387733459472656],[-63.75743865966797,56.45634460449219],[-64.0236587524414,56.86860656738281],[-63.8912239074707,56.937416076660156],[-63.98096466064453,57.07511901855469],[-63.80470657348633,57.21294021606445],[-63.896949768066406,57.488929748535156],[-63.807899475097656,57.488929748535156],[-64.44794464111328,58.180992126464844],[-64.22991180419922,58.38920593261719],[-64.27696228027344,58.45867156982422],[-64.09729766845703,58.45867156982422],[-64.10160827636719,58.59769821166992],[-63.87886428833008,58.66725540161133],[-64.32887268066406,58.66725540161133],[-64.97083282470703,58.94581604003906],[-64.3392105102539,58.94581604003906],[-64.48954010009766,59.294734954833984],[-64.7751235961914,59.574459075927734],[-64.68436431884766,59.574459075927734],[-64.83187866210938,59.78459548950195],[-64.74093627929688,59.78459548950195],[-64.93927001953125,60.065250396728516],[-64.75691223144531,60.065250396728516],[-64.85664367675781,60.20578384399414],[-64.76534271240234,60.20578384399414],[-65.01677703857422,60.557716369628906],[-64.83355712890625,60.557716369628906],[-64.59122467041016,60.34645080566406],[-64.43387603759766,59.99503707885742],[-64.1113510131836,59.92485809326172],[-63.96464920043945,59.714515686035156],[-64.14640808105469,59.714515686035156],[-64.09765625,59.64447021484375],[-63.07595443725586,58.94581604003906],[-62.888851165771484,58.66725540161133],[-63.022281646728516,58.59769821166992],[-62.706172943115234,58.528167724609375],[-62.6140022277832,58.38920593261719],[-62.747535705566406,58.31977081298828],[-62.475242614746094,58.042335510253906],[-61.98273468017578,57.97305679321289],[-61.848304748535156,57.7653923034668],[-62.02684020996094,57.7653923034668],[-61.804664611816406,57.41988754272461],[-61.89365768432617,57.41988754272461],[-61.805519104003906,57.28189468383789],[-61.4515380859375,57.14401626586914],[-61.32142639160156,56.937416076660156],[-61.455413818359375,56.86860656738281],[-61.326393127441406,56.662349700927734],[-61.679996490478516,56.662349700927734],[-61.85482406616211,56.799827575683594],[-61.768394470214844,56.662349700927734],[-61.85679626464844,56.662349700927734],[-61.77073287963867,56.524986267089844],[-61.85902786254883,56.524986267089844],[-61.688087463378906,56.25059127807617],[-61.51192092895508,56.25059127807617],[-61.38524627685547,56.04508590698242],[-61.29731750488281,56.04508590698242],[-61.335750579833984,56.25059127807617],[-61.15958023071289,56.25059127807617],[-60.94560241699219,56.04508590698242],[-61.1214599609375,56.04508590698242],[-61.12571716308594,55.90821838378906],[-60.469635009765625,55.83982467651367],[-60.31796646118164,55.29362487792969],[-59.26954650878906,55.29362487792969],[-59.1900520324707,55.15733337402344],[-59.01551818847656,55.15733337402344],[-58.89738845825195,54.95309066772461],[-57.93907928466797,54.95309066772461],[-57.91051483154297,54.74907684326172],[-57.437557220458984,54.681121826171875],[-57.32387924194336,54.47740173339844],[-58.202091217041016,54.341712951660156],[-57.55767822265625,54.27390670776367],[-57.124427795410156,53.799922943115234],[-56.18907165527344,53.664710998535156],[-55.909156799316406,53.462066650390625],[-55.73207092285156,53.124786376953125],[-56.04011535644531,53.057395935058594],[-55.8492431640625,52.85536575317383],[-55.985633850097656,52.78806686401367],[-55.761634826660156,52.51908493041992],[-55.676231384277344,52.18334197998047],[-55.83022689819336,51.98215103149414],[-56.00037384033203,51.98215103149414],[-56.017974853515625,51.84812545776367],[-56.54524612426758,51.71418380737305],[-56.56284713745117,51.580322265625],[-56.95323181152344,51.51342010498047],[-56.91964340209961,51.44654083251953],[-57.766963958740234,51.44654083251953],[-57.73305892944336,51.37968063354492],[-58.12250518798828,51.31283950805664],[-58.0886116027832,51.24601745605469],[-58.630393981933594,51.31283950805664],[-58.61281967163086,51.112430572509766],[-58.91689682006836,51.04566955566406],[-58.95059585571289,50.77880859375],[-59.47329330444336,50.64549255371094],[-59.49038314819336,50.51224899291992],[-59.928138732910156,50.37908172607422],[-59.94542694091797,50.2459831237793],[-61.339447021484375,50.17946243286133],[-61.30567169189453,50.11296081542969],[-61.809165954589844,50.11296081542969],[-62.04530334472656,50.2459831237793],[-62.667877197265625,50.312522888183594],[-63.088050842285156,50.312522888183594],[-63.05324172973633,50.2459831237793],[-63.389225006103516,50.2459831237793],[-63.35437774658203,50.17946243286133],[-63.92839813232422,50.312522888183594],[-65.77716064453125,50.312522888183594],[-65.7410888671875,50.2459831237793],[-66.16106414794922,50.2459831237793],[-66.12490844726562,50.17946243286133],[-66.49703979492188,50.2459831237793],[-66.42454528808594,50.11296081542969],[-66.97563171386719,50.04647445678711],[-67.21428680419922,49.71431350708008],[-67.14286041259766,49.58156967163086],[-67.28711700439453,49.38258361816406],[-68.21765899658203,49.2500114440918],[-68.19480895996094,49.051273345947266],[-68.52802276611328,49.051273345947266],[-68.54067993164062,48.91886520385742],[-69.05258178710938,48.786521911621094],[-69.30597686767578,48.323814392089844],[-69.65092468261719,48.191749572753906],[-69.7611083984375,47.92780685424805],[-69.5957260131836,47.92780685424805],[-69.40243530273438,48.191749572753906],[-68.974365234375,48.323814392089844],[-68.8294906616211,48.52202224731445],[-68.58045959472656,48.52202224731445],[-68.48382568359375,48.654239654541016],[-68.31765747070312,48.654239654541016],[-68.3524398803711,48.72037124633789],[-68.18620300292969,48.72037124633789],[-68.22102355957031,48.786521911621094],[-67.3754653930664,48.91886520385742],[-67.41020965576172,48.98506164550781],[-66.51458740234375,49.18375015258789],[-66.5493392944336,49.2500114440918],[-64.79759979248047,49.2500114440918],[-64.24607849121094,48.98506164550781],[-64.14637756347656,48.786521911621094],[-64.31269073486328,48.786521911621094],[-64.18092346191406,48.52202224731445],[-64.28152465820312,48.38986587524414],[-64.53033447265625,48.38986587524414],[-64.49766540527344,48.323814392089844],[-64.6634750366211,48.323814392089844],[-64.63082885742188,48.257774353027344],[-64.79656219482422,48.257774353027344],[-64.76394653320312,48.191749572753906],[-64.92960357666016,48.191749572753906],[-64.89701080322266,48.1257438659668],[-65.0625991821289,48.1257438659668],[-65.16300964355469,47.993770599365234],[-66.47010803222656,48.1257438659668],[-65.90752410888672,47.993770599365234],[-65.6944351196289,47.730003356933594],[-65.39641571044922,47.79592514038086],[-65.42881774902344,47.86185836791992],[-64.7354736328125,47.79592514038086],[-64.67150115966797,47.664100646972656],[-65.02649688720703,47.20316696166992],[-65.19110870361328,47.20316696166992],[-64.83045959472656,47.13737487792969],[-64.76785278320312,47.005828857421875],[-64.90101623535156,46.94007873535156],[-64.51091766357422,46.283294677734375],[-64.10173797607422,46.283294677734375],[-63.90790557861328,46.21768569946289],[-63.869625091552734,45.95537567138672],[-62.74909973144531,45.82429504394531],[-62.69055938720703,45.693260192871094],[-62.2303581237793,45.75876998901367],[-62.1253547668457,45.889827728271484],[-61.96207809448242,45.889827728271484],[-61.79360580444336,45.693260192871094],[-61.548980712890625,45.693260192871094],[-61.64089584350586,46.08650588989258],[-61.48299026489258,46.283294677734375],[-61.31931686401367,46.283294677734375],[-60.822059631347656,47.005828857421875],[-60.604976654052734,47.07159423828125],[-60.264854431152344,46.677207946777344],[-60.34688949584961,46.677207946777344],[-60.28885269165039,46.54585266113281],[-60.44792938232422,46.348915100097656],[-59.899566650390625,46.21768569946289],[-59.786048889160156,45.95537567138672],[-60.137699127197266,45.82429504394531],[-60.29762268066406,45.62776184082031],[-60.54214859008789,45.62776184082031],[-60.51387405395508,45.56227111816406],[-61.32863998413086,45.56227111816406],[-61.0804328918457,45.36587905883789],[-61.07697677612305,45.169586181640625],[-61.645965576171875,45.169586181640625],[-61.61757278442383,45.10417556762695],[-62.07655715942383,45.03877639770508],[-62.44953536987305,44.77729415893555],[-63.49834442138672,44.58129119873047],[-63.52189636230469,44.45067596435547],[-64.06533813476562,44.58129119873047],[-64.08845520019531,44.45067596435547],[-64.43517303466797,44.32010269165039],[-64.42945861816406,44.12431716918945],[-64.77562713623047,43.99384307861328],[-64.95465850830078,43.6678352355957],[-65.35748291015625,43.6678352355957],[-65.43244171142578,43.472347259521484],[-66.1922378540039,43.73301696777344],[-66.33870697021484,44.05907440185547],[-66.18482208251953,44.25482940673828],[-66.2440414428711,44.38538360595703],[-65.9878158569336,44.71194839477539],[-65.74463653564453,44.71194839477539],[-65.67172241210938,44.908016204833984],[-65.50940704345703,44.908016204833984],[-65.4878158569336,45.03877639770508],[-64.60179138183594,45.23500442504883],[-64.6314468383789,45.300437927246094],[-64.87548828125,45.300437927246094],[-64.96510314941406,45.496795654296875],[-65.20943450927734,45.496795654296875],[-65.17940521240234,45.431331634521484],[-65.34223175048828,45.431331634521484],[-65.57758331298828,45.23500442504883],[-66.14679718017578,45.23500442504883],[-66.24894714355469,45.10417556762695],[-66.65521240234375,45.10417556762695],[-66.6249008178711,45.03877639770508],[-66.98021697998047,45.10417556762695],[-67.06147003173828,45.10417556762695],[-67.36653900146484,45.23500442504883],[-67.9030532836914,46.02093505859375],[-67.80277252197266,46.1520881652832],[-67.8661880493164,46.283294677734375],[-67.78434753417969,46.283294677734375],[-67.84799194335938,46.414546966552734],[-67.7660903930664,46.414546966552734],[-67.8267593383789,46.87434005737305],[-67.74462127685547,46.87434005737305],[-67.90721893310547,47.20316696166992],[-68.13761138916016,47.33478927612305],[-68.54948425292969,47.33478927612305],[-68.5163803100586,47.26897048950195],[-68.8948974609375,47.20316696166992],[-69.27550506591797,47.46647262573242],[-69.66688537597656,46.94007873535156],[-70.01122283935547,46.808616638183594],[-70.1091079711914,46.677207946777344],[-70.0593490600586,46.414546966552734],[-70.33763885498047,46.1520881652832],[-70.28924560546875,45.889827728271484],[-70.4369888305664,45.693260192871094],[-70.6000747680664,45.693260192871094],[-70.89524841308594,45.300437927246094],[-71.38333892822266,45.300437927246094],[-71.36784362792969,45.10417556762695],[-71.53034210205078,45.10417556762695],[-71.62834167480469,44.973392486572266],[-75.11945343017578,44.973392486572266],[-75.08592224121094,44.908016204833984],[-75.58670806884766,44.77729415893555],[-75.64822387695312,44.58129119873047],[-75.81021881103516,44.58129119873047],[-76.00016021728516,44.32010269165039],[-76.16191101074219,44.32010269165039],[-76.19538116455078,44.38538360595703],[-77.26029968261719,44.25482940673828],[-77.044921875,43.99384307861328],[-78.2896957397461,44.05907440185547],[-78.25570678710938,43.99384307861328],[-79.39779663085938,43.86341094970703],[-79.36357116699219,43.79821014404297],[-79.65179443359375,43.73301696777344],[-79.7104263305664,43.53750228881836],[-79.8714370727539,43.53750228881836],[-79.70176696777344,43.211830139160156],[-79.09246826171875,43.276947021484375],[-79.02548217773438,43.146724700927734],[-79.18612670898438,43.146724700927734],[-79.08607482910156,42.95146560668945],[-79.24653625488281,42.95146560668945],[-79.21329498291016,42.88639831542969],[-80.17574310302734,42.88639831542969],[-80.14221954345703,42.82133865356445],[-80.50951385498047,42.75628662109375],[-80.44259643554688,42.62621307373047],[-81.59762573242188,42.691246032714844],[-81.73649597167969,42.496177673339844],[-81.97657775878906,42.496177673339844],[-81.9891586303711,42.36617660522461],[-82.52772521972656,42.17123794555664],[-82.5405502319336,42.041324615478516],[-83.05315399169922,42.10627746582031],[-83.07473754882812,42.30118942260742],[-82.43521118164062,42.30118942260742],[-82.52483367919922,42.62621307373047],[-82.55901336669922,42.691246032714844],[-82.42146301269531,42.88639831542969],[-82.49042510986328,43.016544342041016],[-82.41015625,43.016544342041016],[-82.16936492919922,43.016544342041016],[-82.203857421875,43.08163070678711],[-81.91712951660156,43.146724700927734],[-81.90589904785156,43.276947021484375],[-81.69932556152344,43.342071533203125],[-81.72662353515625,43.99384307861328],[-81.23716735839844,44.58129119873047],[-81.47929382324219,45.169586181640625],[-81.13684844970703,44.842647552490234],[-80.356689453125,44.45067596435547],[-80.03294372558594,44.45067596435547],[-79.94117736816406,44.58129119873047],[-80.0010986328125,44.842647552490234],[-79.8388442993164,44.842647552490234],[-80.12338256835938,45.36587905883789],[-80.35810089111328,45.496795654296875],[-80.65738677978516,45.889827728271484],[-80.89402770996094,46.02093505859375],[-81.6293716430664,46.02093505859375],[-81.90452575683594,46.21768569946289],[-82.35112762451172,46.283294677734375],[-83.04976654052734,46.21768569946289],[-83.45309448242188,46.348915100097656],[-83.9443130493164,46.348915100097656],[-83.8677978515625,46.21768569946289],[-83.94960021972656,46.21768569946289],[-84.10311889648438,46.480194091796875],[-84.5127944946289,46.480194091796875],[-84.42642974853516,46.61152267456055],[-84.54339599609375,46.808616638183594],[-84.37919616699219,46.808616638183594],[-84.74032592773438,47.13737487792969],[-84.57577514648438,47.13737487792969],[-84.6551284790039,47.26897048950195],[-84.57279205322266,47.26897048950195],[-84.97830963134766,47.664100646972656],[-84.89424896240234,47.79592514038086],[-85.01667785644531,47.993770599365234],[-85.678466796875,47.993770599365234],[-86.00962829589844,48.1257438659668],[-86.1785888671875,48.52202224731445],[-86.47516632080078,48.852684020996094],[-87.47348022460938,48.852684020996094],[-87.93781280517578,49.051273345947266],[-88.35433197021484,49.051273345947266],[-88.25753021240234,48.654239654541016],[-88.47179412841797,48.852684020996094],[-88.72137451171875,48.852684020996094],[-88.58588409423828,48.52202224731445],[-89.12762451171875,48.5881233215332],[-89.08393859863281,48.52202224731445],[-89.24996185302734,48.52202224731445],[-89.28530883789062,48.323814392089844],[-89.45111083984375,48.323814392089844],[-89.48699951171875,48.1257438659668],[-89.81464385986328,47.993770599365234],[-89.89736938476562,47.993770599365234],[-90.14935302734375,48.1257438659668],[-90.77262878417969,48.191749572753906],[-91.18678283691406,48.191749572753906],[-91.14289093017578,48.1257438659668],[-91.51292419433594,48.059749603271484],[-92.10397338867188,48.323814392089844],[-92.43557739257812,48.323814392089844],[-92.86470794677734,48.5881233215332],[-92.94775390625,48.5881233215332],[-93.40866088867188,48.654239654541016],[-93.36298370361328,48.5881233215332],[-93.64949798583984,48.52202224731445],[-93.90715789794922,48.654239654541016],[-94.5350341796875,48.72037124633789],[-94.8049545288086,48.98506164550781],[-94.72168731689453,48.98506164550781],[-94.875,49.316287994384766],[-95.13780212402344,49.44889450073242],[-95.25675201416016,49.38258361816406],[-95.1610336303711,49.2500114440918],[-95.24444580078125,49.2500114440918],[-95.1492919921875,49.11750411987305],[-95.23262786865234,49.11750411987305],[-95.2212905883789,48.98506164550781],[-122.86582946777344,48.98506164550781],[-122.92542266845703,49.051273345947266],[-123.09203338623047,49.051273345947266],[-123.33270263671875,49.316287994384766],[-123.1657943725586,49.316287994384766],[-123.28720092773438,49.44889450073242],[-123.72734069824219,49.38258361816406],[-124.28565979003906,49.71431350708008],[-123.8054428100586,49.64793395996094],[-123.99150848388672,49.84712600708008],[-124.43159484863281,49.78071212768555],[-124.18388366699219,49.51522445678711],[-124.43458557128906,49.51522445678711],[-124.8291015625,49.84712600708008],[-124.66158294677734,49.84712600708008],[-124.85057067871094,50.04647445678711],[-124.76669311523438,50.04647445678711],[-124.89374542236328,50.17946243286133],[-124.78961944580078,50.2459831237793],[-124.85363006591797,50.312522888183594],[-125.06644439697266,50.445655822753906],[-125.57112884521484,50.445655822753906],[-124.62366485595703,49.44889450073242],[-123.93955993652344,49.2500114440918],[-123.29431915283203,48.72037124633789],[-123.5436782836914,48.72037124633789],[-123.25028991699219,48.38986587524414],[-123.8553695678711,48.323814392089844],[-125.1229476928711,48.72037124633789],[-125.24299621582031,48.852684020996094],[-125.13685607910156,48.91886520385742],[-125.19729614257812,48.98506164550781],[-125.84105682373047,49.051273345947266],[-125.96345520019531,49.18375015258789],[-125.71331787109375,49.18375015258789],[-125.98161315917969,49.38258361816406],[-126.56605529785156,49.38258361816406],[-126.67005157470703,49.58156967163086],[-126.83726501464844,49.58156967163086],[-127.36687469482422,50.04647445678711],[-127.85108184814453,50.11296081542969],[-128.09457397460938,50.445655822753906],[-128.3290557861328,50.51224899291992],[-128.5292205810547,50.71213912963867],[-128.41073608398438,50.84549331665039],[-128.47825622558594,50.912200927734375],[-127.88746643066406,50.912200927734375],[-127.19873046875,50.64549255371094],[-126.05687713623047,50.51224899291992],[-126.18790435791016,50.64549255371094],[-126.52484130859375,50.64549255371094],[-126.72357940673828,50.84549331665039],[-127.61717224121094,50.97892379760742],[-127.88866424560547,51.24601745605469],[-127.70316314697266,51.31283950805664],[-128.2876739501953,51.71418380737305],[-128.1877899169922,51.78114318847656],[-128.3845977783203,52.0491943359375],[-128.2994842529297,52.0491943359375],[-128.5130615234375,52.250450134277344],[-128.00157165527344,52.250450134277344],[-128.14456176757812,52.38472366333008],[-128.64329528808594,52.4518928527832],[-128.58470153808594,52.31757736206055],[-128.7552947998047,52.31757736206055],[-129.07020568847656,52.4518928527832],[-129.50863647460938,52.85536575317383],[-129.23971557617188,52.92268753051758],[-129.63377380371094,53.124786376953125],[-129.45082092285156,53.192195892333984],[-129.52557373046875,53.25962829589844],[-129.6974334716797,53.25962829589844],[-130.23748779296875,53.664710998535156],[-129.7084503173828,53.192195892333984],[-129.97711181640625,53.124786376953125],[-130.6685028076172,53.664710998535156],[-130.49610900878906,53.664710998535156],[-130.55393981933594,53.86756134033203],[-130.38125610351562,53.86756134033203],[-130.80392456054688,53.93522644042969],[-130.9591827392578,54.07062530517578],[-130.1717987060547,54.138362884521484],[-130.64935302734375,54.47740173339844],[-130.54669189453125,54.613189697265625],[-130.6182861328125,54.74907684326172],[-130.27040100097656,54.74907684326172],[-130.42935180664062,54.88506317138672],[-129.89183044433594,55.021148681640625],[-129.9716796875,55.089229583740234],[-129.88446044921875,55.089229583740234],[-130.03781127929688,55.29362487792969],[-129.950439453125,55.29362487792969],[-130.2618865966797,55.70311737060547],[-130.1682586669922,55.77145767211914],[-130.25018310546875,55.83982467651367],[-130.07464599609375,55.83982467651367],[-130.15109252929688,55.97663879394531],[-130.06321716308594,55.97663879394531],[-130.99777221679688,56.45634460449219],[-131.86988830566406,56.662349700927734],[-132.2963104248047,57.07511901855469],[-132.2075958251953,57.07511901855469],[-132.46636962890625,57.35087585449219],[-132.37742614746094,57.35087585449219],[-133.53453063964844,58.38920593261719],[-133.44476318359375,58.38920593261719],[-134.7296600341797,59.15507125854492],[-135.305908203125,59.714515686035156],[-135.94735717773438,59.78459548950195],[-135.8511962890625,59.714515686035156],[-136.3910369873047,59.64447021484375],[-136.29498291015625,59.574459075927734],[-136.4765167236328,59.574459075927734],[-136.38059997558594,59.504478454589844],[-136.56201171875,59.504478454589844],[-136.4662322998047,59.434532165527344],[-136.64752197265625,59.434532165527344],[-136.55189514160156,59.36461639404297],[-136.73306274414062,59.36461639404297],[-136.63758850097656,59.294734954833984],[-136.98983764648438,59.15507125854492],[-136.89479064941406,59.08528518676758],[-137.52232360839844,59.015533447265625],[-137.8144073486328,59.294734954833984],[-137.723876953125,59.294734954833984],[-138.87229919433594,59.92485809326172],[-139.28610229492188,60.34645080566406],[-139.83465576171875,60.34645080566406],[-139.73428344726562,60.276100158691406],[-139.91700744628906,60.276100158691406],[-139.81678771972656,60.20578384399414],[-140.0906982421875,60.20578384399414],[-140.83065795898438,60.276100158691406],[-141.1246337890625,60.416839599609375],[-141.03314208984375,60.416839599609375],[-141.15560913085938,60.628211975097656],[-140.97227478027344,60.628211975097656],[-141.118408203125,60.9812126159668],[-141.02642822265625,60.9812126159668],[-141.12979125976562,61.05192565917969],[-141.03773498535156,61.05192565917969],[-141.1413116455078,61.12267303466797],[-141.04920959472656,61.12267303466797],[-141.1529998779297,61.193458557128906],[-141.06082153320312,61.193458557128906],[-141.16485595703125,61.264278411865234],[-141.07261657714844,61.264278411865234],[-141.17684936523438,61.335140228271484],[-141.0845489501953,61.335140228271484],[-141.18902587890625,61.40604019165039],[-141.09666442871094,61.40604019165039],[-141.20135498046875,61.47697448730469],[-141.01649475097656,61.47697448730469],[-141.17269897460938,61.832237243652344],[-141.07994079589844,61.832237243652344],[-141.18594360351562,61.90340805053711],[-141.09312438964844,61.90340805053711],[-141.1993408203125,61.97461700439453],[-141.10646057128906,61.97461700439453],[-141.21292114257812,62.045867919921875],[-141.11996459960938,62.045867919921875],[-141.22665405273438,62.117156982421875],[-141.04063415527344,62.117156982421875],[-141.20449829101562,62.474212646484375],[-141.1111602783203,62.474212646484375],[-141.2191619873047,62.54574966430664],[-141.12576293945312,62.54574966430664],[-141.2340087890625,62.61732482910156],[-141.14053344726562,62.61732482910156],[-141.2490234375,62.68894577026367],[-141.0619354248047,62.68894577026367],[-141.2327423095703,63.047672271728516],[-141.0449676513672,63.047672271728516],[-141.20347595214844,63.33543014526367],[-141.01516723632812,63.33543014526367],[-141.1936492919922,63.69612503051758],[-141.004638671875,63.69612503051758],[-141.18753051757812,64.05794525146484],[-140.99781799316406,64.05794525146484],[-141.18515014648438,64.4209213256836],[-140.99472045898438,64.4209213256836],[-141.18655395507812,64.78507995605469],[-140.9954071044922,64.78507995605469],[-141.1918182373047,65.15044403076172],[-141.0958709716797,65.15044403076172],[-141.21253967285156,65.22367095947266],[-141.0205078125,65.22367095947266],[-141.22268676757812,65.59053039550781],[-141.02989196777344,65.59053039550781],[-141.23709106445312,65.95866394042969],[-141.04354858398438,65.95866394042969],[-141.25601196289062,66.32811737060547],[-141.0616912841797,66.32811737060547],[-141.2550811767578,66.6246337890625],[-141.0601348876953,66.6246337890625],[-141.23196411132812,66.84760284423828],[-141.0365447998047,66.84760284423828],[-141.2364044189453,67.14566802978516],[-141.0403594970703,67.14566802978516],[-141.24417114257812,67.44463348388672],[-141.04747009277344,67.44463348388672],[-141.22760009765625,67.66946411132812],[-141.03041076660156,67.66946411132812],[-141.21292114257812,67.89481353759766],[-141.01522827148438,67.89481353759766],[-141.22943115234375,68.19611358642578],[-141.03106689453125,68.19611358642578],[-141.21946716308594,68.42272186279297],[-141.02059936523438,68.42272186279297],[-141.24270629882812,68.7257080078125],[-141.04315185546875,68.7257080078125],[-141.2058868408203,68.87757110595703],[-141.0059814453125,68.87757110595703],[-141.16993713378906,69.0296859741211],[-140.9696807861328,69.0296859741211],[-141.1348876953125,69.18205261230469],[-140.9342803955078,69.18205261230469],[-141.1007537841797,69.33467864990234],[-140.89979553222656,69.33467864990234],[-141.1709442138672,69.71734619140625],[-141.07000732421875,69.71734619140625],[-140.06068420410156,69.71734619140625],[-139.18739318847656,69.5640869140625],[-137.89527893066406,69.10584259033203],[-136.7360076904297,68.95359802246094],[-136.63597106933594,68.95359802246094],[-136.40814208984375,68.87757110595703],[-136.5081024169922,68.87757110595703],[-136.3806915283203,68.8016128540039],[-136.48056030273438,68.8016128540039],[-136.35353088378906,68.7257080078125],[-136.45330810546875,68.7257080078125],[-136.32666015625,68.64987182617188]]],[[[-122.25565338134766,62.474212646484375],[-121.78705596923828,62.18848419189453],[-122.06594848632812,62.117156982421875],[-122.53449249267578,62.4027214050293],[-122.3489990234375,62.474212646484375],[-122.25565338134766,62.474212646484375]]],[[[-116.63532257080078,63.047672271728516],[-116.91880798339844,62.9758415222168],[-117.38264465332031,63.263427734375],[-117.19332885742188,63.33543014526367],[-117.09917449951172,63.33543014526367],[-116.63532257080078,63.047672271728516]]],[[[-123.81890869140625,65.07727813720703],[-124.1214370727539,65.22367095947266],[-123.8408432006836,65.29694366455078],[-123.33292388916016,65.004150390625],[-123.61358642578125,64.93107604980469],[-123.71610260009766,65.004150390625],[-123.81890869140625,65.07727813720703]]],[[[-37.327880859375,-54.41720962524414],[-37.450950622558594,-54.28156280517578],[-38.006614685058594,-54.14601516723633],[-37.956111907958984,-54.010562896728516],[-37.61033248901367,-54.010562896728516],[-37.63536071777344,-54.078277587890625],[-36.62197494506836,-54.14601516723633],[-36.522586822509766,-54.3493766784668],[-36.17584991455078,-54.3493766784668],[-36.0759162902832,-54.55295181274414],[-35.90225601196289,-54.55295181274414],[-35.73964309692383,-54.824737548828125],[-35.764278411865234,-54.89274597167969],[-36.162445068359375,-55.02883529663086],[-36.323909759521484,-54.756752014160156],[-36.795555114746094,-54.6208610534668],[-36.832401275634766,-54.485069274902344],[-37.327880859375,-54.41720962524414]]],[[[-61.00509262084961,-52.056766510009766],[-61.090213775634766,-52.056766510009766],[-61.05496597290039,-51.989723205566406],[-61.22512435913086,-51.989723205566406],[-61.11978530883789,-51.7887077331543],[-60.814815521240234,-51.85569381713867],[-61.00509262084961,-52.056766510009766]]],[[[-59.13203048706055,-51.721744537353516],[-59.23419189453125,-51.5878791809082],[-59.01553726196289,-51.32038497924805],[-58.338314056396484,-51.32038497924805],[-58.371273040771484,-51.387229919433594],[-57.811180114746094,-51.45409393310547],[-57.891685485839844,-51.7887077331543],[-58.5876579284668,-51.989723205566406],[-58.65574264526367,-52.12383270263672],[-58.99641036987305,-52.12383270263672],[-59.06527328491211,-52.25802993774414],[-59.15052795410156,-52.25802993774414],[-59.561279296875,-52.392311096191406],[-59.5263557434082,-52.32516098022461],[-59.83256149291992,-52.25802993774414],[-59.539920806884766,-51.85569381713867],[-59.13203048706055,-51.721744537353516]]],[[[-59.21821975708008,-51.387229919433594],[-59.744285583496094,-51.922698974609375],[-60.23898696899414,-52.056766510009766],[-60.51459503173828,-52.25802993774414],[-60.599849700927734,-52.25802993774414],[-60.90541458129883,-52.190921783447266],[-60.37120056152344,-51.65480041503906],[-60.540931701660156,-51.65480041503906],[-60.64177703857422,-51.52097702026367],[-60.57333755493164,-51.387229919433594],[-59.21821975708008,-51.387229919433594]]],[[[57.69823455810547,-20.350648880004883],[57.62409973144531,-20.350648880004883],[57.56508255004883,-20.543508529663086],[57.194278717041016,-20.543508529663086],[57.179283142089844,-20.350648880004883],[57.44566345214844,-19.96493148803711],[57.67298126220703,-20.029216766357422],[57.69823455810547,-20.350648880004883]]],[[[39.81342697143555,-7.685999870300293],[39.81732940673828,-7.878862857818604],[39.74433898925781,-7.878862857818604],[39.67397689819336,-8.007437705993652],[39.52798080444336,-8.007437705993652],[39.52406311035156,-7.8145751953125],[39.66746139526367,-7.685999870300293],[39.81342697143555,-7.685999870300293]]],[[[39.26820755004883,-5.757371425628662],[39.34318161010742,-5.885946750640869],[39.34423065185547,-5.950234413146973],[39.3474235534668,-6.143096923828125],[39.493255615234375,-6.143096923828125],[39.42695236206055,-6.528822898864746],[39.05683135986328,-6.207384586334229],[39.12240219116211,-5.757371425628662],[39.26820755004883,-5.757371425628662]]],[[[39.54886245727539,-5.050207138061523],[39.546966552734375,-4.921631813049316],[39.76653289794922,-4.98591947555542],[39.70050048828125,-5.435933113098145],[39.55472183227539,-5.435933113098145],[39.54981994628906,-5.114494800567627],[39.54886245727539,-5.050207138061523]]],[[[-57.12480926513672,5.942972660064697],[-57.19075012207031,5.62153434753418],[-57.33391571044922,5.492959022521973],[-57.325496673583984,5.042945861816406],[-57.90628433227539,4.914370536804199],[-57.90019607543945,4.528644561767578],[-58.11433410644531,4.207206249237061],[-58.11049270629883,3.885768175125122],[-57.66859817504883,3.371467113494873],[-57.303497314453125,3.242892026901245],[-57.2280387878418,2.7928786277771],[-56.93560791015625,2.471440553665161],[-56.935001373291016,2.150002479553223],[-56.71652603149414,1.892852187156677],[-57.444496154785156,1.957139730453491],[-57.59016799926758,1.76427698135376],[-58.46406936645508,1.507126569747925],[-58.61015319824219,1.314263939857483],[-58.97452926635742,1.185688734054565],[-59.77402114868164,1.76427698135376],[-59.846981048583984,2.085714817047119],[-59.7741813659668,2.085714817047119],[-59.55577850341797,2.085714817047119],[-59.4103889465332,2.214290142059326],[-59.4849739074707,2.728590965270996],[-59.3393440246582,2.728590965270996],[-59.27082061767578,3.371467113494873],[-59.05817413330078,3.950055837631226],[-59.4247932434082,4.142918586730957],[-59.50513458251953,4.657219886779785],[-59.43331527709961,4.721507549285889],[-59.58012008666992,4.785795211791992],[-59.80697250366211,5.235808849334717],[-60.17267608642578,5.300096035003662],[-60.60740661621094,5.171521186828613],[-60.6802864074707,5.171521186828613],[-61.274417877197266,5.685822010040283],[-61.35509490966797,6.007260322570801],[-61.14131546020508,6.200123310089111],[-61.15193176269531,6.585848808288574],[-60.93876647949219,6.778711795806885],[-60.64699935913086,6.778711795806885],[-60.36103820800781,6.971574783325195],[-60.36503982543945,7.100150108337402],[-60.66523361206055,7.357300281524658],[-60.67403030395508,7.614450931549072],[-59.88985824584961,8.128751754760742],[-59.82933807373047,8.450189590454102],[-59.756317138671875,8.450189590454102],[-59.31068801879883,8.25732707977295],[-58.480377197265625,7.485875606536865],[-58.46433639526367,6.971574783325195],[-58.46244430541992,6.907287120819092],[-57.800479888916016,6.714424133300781],[-57.49858856201172,6.328698635101318],[-57.27981948852539,6.328698635101318],[-57.12627410888672,6.007260322570801],[-57.12480926513672,5.942972660064697]]],[[[-60.17138671875,5.235808849334717],[-60.09850311279297,5.235808849334717],[-60.09724044799805,5.171521186828613],[-60.17012405395508,5.171521186828613],[-60.17138671875,5.235808849334717]]],[[[-60.99871063232422,10.057377815246582],[-61.72983932495117,10.057377815246582],[-61.666908264160156,10.250240325927734],[-61.45097732543945,10.314528465270996],[-61.45794677734375,10.443102836608887],[-61.46147537231445,10.507390975952148],[-61.61492156982422,10.635965347290039],[-61.552730560302734,10.828827857971191],[-60.89426803588867,10.828827857971191],[-61.026161193847656,10.571678161621094],[-60.9390754699707,10.314528465270996],[-60.99871063232422,10.057377815246582]]],[[[-60.83597183227539,11.085978507995605],[-60.70492935180664,11.343128204345703],[-60.558536529541016,11.343128204345703],[-60.616432189941406,11.085978507995605],[-60.76279067993164,11.085978507995605],[-60.83597183227539,11.085978507995605]]],[[[-61.56843185424805,12.24315357208252],[-61.551116943359375,11.986002922058105],[-61.775146484375,12.050291061401367],[-61.7105712890625,12.178865432739258],[-61.714962005615234,12.24315357208252],[-61.56843185424805,12.24315357208252]]],[[[-59.36457061767578,13.207467079162598],[-59.35515594482422,13.07889175415039],[-59.57047653198242,13.014603614807129],[-59.66753387451172,13.336042404174805],[-59.52082824707031,13.336042404174805],[-59.43791198730469,13.207467079162598],[-59.36457061767578,13.207467079162598]]],[[[-61.193267822265625,13.143178939819336],[-61.281307220458984,13.336042404174805],[-61.066200256347656,13.40032958984375],[-61.046592712402344,13.143178939819336],[-61.18844223022461,13.07889175415039],[-61.193267822265625,13.143178939819336]]],[[[-60.80828857421875,13.850343704223633],[-60.79795837402344,13.721768379211426],[-60.939613342285156,13.657480239868164],[-61.04430389404297,14.043206214904785],[-60.82405471801758,14.043206214904785],[-60.813507080078125,13.914630889892578],[-60.80828857421875,13.850343704223633]]],[[[-61.47107696533203,15.52182674407959],[-61.48359680175781,15.650403022766113],[-61.26287078857422,15.650403022766113],[-61.14630889892578,15.200387001037598],[-61.36689376831055,15.200387001037598],[-61.464874267578125,15.457538604736328],[-61.47107696533203,15.52182674407959]]],[[[-61.86532211303711,17.193313598632812],[-61.64407730102539,17.193313598632812],[-61.616119384765625,16.9361629486084],[-61.763553619384766,16.9361629486084],[-61.85826873779297,17.129026412963867],[-61.86532211303711,17.193313598632812]]],[[[-64.66875457763672,17.836191177368164],[-64.57978820800781,17.707616806030273],[-64.8674545288086,17.643327713012695],[-64.88261413574219,17.77190399169922],[-64.89022827148438,17.836191177368164],[-64.66875457763672,17.836191177368164]]],[[[-64.64949798583984,32.36451721191406],[-64.69085693359375,32.23596954345703],[-64.67342376708984,32.171695709228516],[-64.86115264892578,32.30024337768555],[-64.64949798583984,32.36451721191406]]],[[[-63.08987808227539,46.21768569946289],[-63.744300842285156,46.21768569946289],[-63.83478927612305,46.414546966552734],[-64.08049774169922,46.414546966552734],[-64.17192840576172,46.61152267456055],[-64.41793823242188,46.61152267456055],[-64.51034545898438,46.808616638183594],[-64.40799713134766,46.94007873535156],[-64.24365234375,46.94007873535156],[-64.22344970703125,47.07159423828125],[-64.05897521972656,47.07159423828125],[-63.956451416015625,46.677207946777344],[-63.84392166137695,46.61152267456055],[-63.51591491699219,46.61152267456055],[-63.29154586791992,46.480194091796875],[-62.01019287109375,46.54585266113281],[-61.95104217529297,46.414546966552734],[-62.08530807495117,46.348915100097656],[-62.16717529296875,46.348915100097656],[-62.46501922607422,46.283294677734375],[-62.48120880126953,45.95537567138672],[-62.80789566040039,45.95537567138672],[-63.000797271728516,46.02093505859375],[-63.08987808227539,46.21768569946289]]],[[[-56.1555290222168,50.04647445678711],[-55.56839370727539,50.04647445678711],[-55.506744384765625,49.91355895996094],[-55.8865852355957,49.64793395996094],[-55.74216842651367,49.51522445678711],[-55.40789794921875,49.51522445678711],[-55.234500885009766,49.316287994384766],[-54.9841423034668,49.316287994384766],[-54.96017074584961,49.44889450073242],[-54.7095832824707,49.44889450073242],[-54.76923370361328,49.58156967163086],[-54.51841735839844,49.58156967163086],[-54.45899200439453,49.44889450073242],[-53.903682708740234,49.51522445678711],[-53.48197555541992,49.316287994384766],[-53.42416000366211,49.18375015258789],[-53.590919494628906,49.18375015258789],[-53.671207427978516,48.98506164550781],[-53.83774185180664,48.98506164550781],[-54.00135040283203,48.786521911621094],[-53.80466842651367,48.52202224731445],[-53.55563735961914,48.52202224731445],[-53.52892303466797,48.654239654541016],[-53.25159454345703,48.5881233215332],[-53.22472381591797,48.72037124633789],[-53.05848693847656,48.72037124633789],[-52.9467658996582,48.455936431884766],[-53.11271286010742,48.455936431884766],[-53.084922790527344,48.38986587524414],[-53.25080108642578,48.38986587524414],[-53.4990348815918,48.191749572753906],[-53.83035659790039,48.191749572753906],[-53.63689041137695,47.92780685424805],[-53.82990264892578,47.79592514038086],[-53.58287811279297,47.598209381103516],[-53.6373291015625,47.730003356933594],[-53.49943161010742,47.79592514038086],[-53.49898147583008,47.993770599365234],[-53.333534240722656,47.993770599365234],[-53.1677131652832,48.191749572753906],[-52.91922378540039,48.191749572753906],[-52.86445617675781,48.059749603271484],[-53.22441482543945,47.730003356933594],[-53.225852966308594,47.53233337402344],[-53.06089782714844,47.53233337402344],[-52.921104431152344,47.79592514038086],[-52.7558708190918,47.79592514038086],[-52.621849060058594,47.46647262573242],[-52.70429229736328,47.46647262573242],[-52.6805534362793,47.20316696166992],[-52.8187255859375,47.13737487792969],[-52.766056060791016,47.005828857421875],[-52.9041633605957,46.94007873535156],[-52.85176086425781,46.808616638183594],[-53.019657135009766,46.61152267456055],[-53.6756706237793,46.61152267456055],[-53.75489044189453,46.808616638183594],[-53.617156982421875,46.87434005737305],[-53.67030334472656,47.005828857421875],[-53.919097900390625,46.808616638183594],[-54.24750900268555,46.808616638183594],[-54.27264404296875,47.07159423828125],[-53.913814544677734,47.4006233215332],[-54.105350494384766,47.86185836791992],[-54.49067687988281,47.4006233215332],[-55.01252746582031,47.26897048950195],[-55.012786865234375,47.07159423828125],[-55.36927032470703,46.94007873535156],[-55.34202194213867,46.87434005737305],[-55.999114990234375,46.87434005737305],[-56.08188247680664,47.07159423828125],[-55.42422866821289,47.26897048950195],[-55.28781509399414,47.53233337402344],[-55.04037857055664,47.53233337402344],[-55.09592819213867,47.664100646972656],[-55.42612075805664,47.664100646972656],[-55.37029266357422,47.53233337402344],[-55.479591369628906,47.4006233215332],[-55.837158203125,47.46647262573242],[-55.8670654296875,47.730003356933594],[-56.1973991394043,47.730003356933594],[-56.22330093383789,47.598209381103516],[-56.635868072509766,47.598209381103516],[-56.60747146606445,47.53233337402344],[-57.985111236572266,47.664100646972656],[-59.358802795410156,47.598209381103516],[-59.44792175292969,47.79592514038086],[-59.36530685424805,47.79592514038086],[-59.50775909423828,47.92780685424805],[-59.34977722167969,48.1257438659668],[-58.5889892578125,48.455936431884766],[-59.200321197509766,48.52202224731445],[-59.261634826660156,48.654239654541016],[-58.90755081176758,48.786521911621094],[-58.76313781738281,48.654239654541016],[-58.771976470947266,48.852684020996094],[-58.56254196166992,49.11750411987305],[-58.14583969116211,49.11750411987305],[-58.35353088378906,49.38258361816406],[-58.27003860473633,49.38258361816406],[-58.33275604248047,49.51522445678711],[-57.94624710083008,49.58156967163086],[-58.0726318359375,49.84712600708008],[-57.67755889892578,50.2459831237793],[-57.7421989440918,50.37908172607422],[-57.53587341308594,50.64549255371094],[-57.367401123046875,50.64549255371094],[-57.432891845703125,50.77880859375],[-57.12836837768555,50.84549331665039],[-56.88615798950195,51.37968063354492],[-56.580711364746094,51.44654083251953],[-56.6141357421875,51.51342010498047],[-56.2750358581543,51.51342010498047],[-56.17214584350586,51.64724349975586],[-55.460227966308594,51.580322265625],[-55.53112030029297,51.37968063354492],[-55.95457077026367,51.37968063354492],[-55.97346115112305,51.24601745605469],[-55.80424880981445,51.24601745605469],[-55.70660400390625,51.04566955566406],[-55.91518783569336,50.77880859375],[-56.16813659667969,50.77880859375],[-56.135948181152344,50.71213912963867],[-56.22022247314453,50.71213912963867],[-56.156089782714844,50.578861236572266],[-56.60637283325195,50.11296081542969],[-56.407161712646484,50.04647445678711],[-56.38607406616211,50.17946243286133],[-56.218162536621094,50.17946243286133],[-56.1555290222168,50.04647445678711]]],[[[-64.59197235107422,49.98000717163086],[-63.09821319580078,49.84712600708008],[-62.42756271362305,49.51522445678711],[-61.86016845703125,49.38258361816406],[-61.76201248168945,49.18375015258789],[-61.72950744628906,49.11750411987305],[-62.28023147583008,49.051273345947266],[-63.096065521240234,49.18375015258789],[-63.49641418457031,49.316287994384766],[-64.03435516357422,49.71431350708008],[-64.4036636352539,49.78071212768555],[-64.59197235107422,49.98000717163086]]],[[[147.96878051757812,-40.75128936767578],[148.33583068847656,-41.140167236328125],[148.2563934326172,-41.140167236328125],[148.32278442382812,-41.334712982177734],[148.24327087402344,-41.334712982177734],[148.3411865234375,-41.464447021484375],[148.23118591308594,-41.529327392578125],[148.3298797607422,-41.65911102294922],[148.2200927734375,-41.72401428222656],[148.31956481933594,-41.85384750366211],[148.20997619628906,-41.91877746582031],[148.3816680908203,-42.24354934692383],[147.9821014404297,-42.24354934692383],[148.05419921875,-42.438514709472656],[147.8006134033203,-42.82868576049805],[148.0358428955078,-43.023895263671875],[147.92718505859375,-43.08898162841797],[148.003173828125,-43.2843017578125],[147.28482055664062,-43.08898162841797],[147.36007690429688,-43.2843017578125],[146.95814514160156,-43.2843017578125],[147.06214904785156,-43.4145622253418],[146.92510986328125,-43.54486083984375],[146.97744750976562,-43.610023498535156],[146.8163604736328,-43.610023498535156],[146.86874389648438,-43.67519760131836],[145.93045043945312,-43.610023498535156],[145.82669067382812,-43.479705810546875],[145.93588256835938,-43.4145622253418],[145.72341918945312,-43.34942626953125],[145.06398010253906,-42.50352096557617],[145.14401245117188,-42.50352096557617],[144.99481201171875,-42.308528900146484],[145.18508911132812,-42.24354934692383],[145.08639526367188,-42.11361312866211],[145.16624450683594,-42.11361312866211],[144.60125732421875,-41.464447021484375],[144.6808319091797,-41.464447021484375],[144.4479217529297,-40.81608581542969],[144.62628173828125,-40.621726989746094],[145.0030059814453,-40.81608581542969],[145.1942901611328,-40.75128936767578],[146.0322265625,-41.140167236328125],[147.12796020507812,-41.01051330566406],[147.20733642578125,-41.01051330566406],[147.36610412597656,-41.01051330566406],[147.35009765625,-40.88088607788086],[147.74671936035156,-40.88088607788086],[147.73095703125,-40.75128936767578],[147.96878051757812,-40.75128936767578]]],[[[148.06468200683594,-40.55695343017578],[147.9242401123047,-40.36268615722656],[148.00335693359375,-40.36268615722656],[147.68133544921875,-39.909637451171875],[147.76025390625,-39.909637451171875],[147.6697235107422,-39.78025817871094],[147.78240966796875,-39.715576171875],[147.8274688720703,-39.78025817871094],[148.20054626464844,-39.97433853149414],[148.25949096679688,-40.168479919433594],[148.1804656982422,-40.168479919433594],[148.38143920898438,-40.55695343017578],[148.06468200683594,-40.55695343017578]]],[[[143.6120147705078,-39.84494400024414],[143.75279235839844,-39.586238861083984],[143.91038513183594,-39.586238861083984],[144.094970703125,-39.97433853149414],[144.01602172851562,-39.97433853149414],[143.99179077148438,-40.168479919433594],[143.75469970703125,-40.168479919433594],[143.6655731201172,-40.03904342651367],[143.7445526123047,-40.03904342651367],[143.6120147705078,-39.84494400024414]]],[[[137.95263671875,-35.78054428100586],[138.02220153808594,-35.909305572509766],[137.51458740234375,-35.973690032958984],[137.50694274902344,-36.10247039794922],[136.80899047851562,-36.10247039794922],[136.7314453125,-36.10247039794922],[136.46408081054688,-36.03807830810547],[136.36058044433594,-35.84492492675781],[136.4469451904297,-35.71617126464844],[137.49644470214844,-35.651798248291016],[137.56539916992188,-35.78054428100586],[137.95263671875,-35.78054428100586]]],[[[144.96304321289062,-14.821921348571777],[145.26869201660156,-14.886209487915039],[145.29226684570312,-15.014784812927246],[145.15713500976562,-15.079072952270508],[145.44273376464844,-16.171968460083008],[145.321533203125,-16.30054473876953],[145.36102294921875,-16.493408203125],[145.6624755859375,-16.879135131835938],[145.8836212158203,-16.879135131835938],[145.90597534179688,-17.329151153564453],[146.07781982421875,-17.779165267944336],[145.92735290527344,-18.100603103637695],[145.97032165527344,-18.293466567993164],[146.11807250976562,-18.293466567993164],[146.2352294921875,-18.486328125],[146.29327392578125,-18.743478775024414],[146.18910217285156,-18.93634033203125],[146.45492553710938,-19.129201889038086],[147.00228881835938,-19.257776260375977],[147.03184509277344,-19.386350631713867],[147.40191650390625,-19.386350631713867],[147.56512451171875,-19.772069931030273],[147.77239990234375,-19.70778465270996],[148.15838623046875,-20.093503952026367],[148.43980407714844,-20.029216766357422],[148.46981811523438,-20.15778923034668],[148.72225952148438,-20.28636360168457],[148.7825927734375,-20.543508529663086],[148.63426208496094,-20.543508529663086],[148.70997619628906,-20.864938735961914],[149.0220184326172,-20.92922592163086],[149.11399841308594,-21.31494140625],[149.2346954345703,-21.507801055908203],[149.3832550048828,-21.507801055908203],[149.37144470214844,-21.76494598388672],[149.29713439941406,-21.76494598388672],[149.49853515625,-22.279237747192383],[149.69589233398438,-22.472097396850586],[149.84471130371094,-22.472097396850586],[149.76394653320312,-22.150665283203125],[149.91268920898438,-22.150665283203125],[150.21678161621094,-22.472097396850586],[150.36561584472656,-22.472097396850586],[150.33302307128906,-22.343524932861328],[150.55621337890625,-22.343524932861328],[150.70504760742188,-22.922107696533203],[150.6305694580078,-22.922107696533203],[150.71035766601562,-23.50069808959961],[151.08316040039062,-23.50069808959961],[151.18992614746094,-23.886428833007812],[151.69239807128906,-24.079296112060547],[151.9922637939453,-24.593616485595703],[152.34950256347656,-24.786487579345703],[152.46925354003906,-25.172237396240234],[152.80947875976562,-25.30082130432129],[152.8067169189453,-25.750869750976562],[153.08726501464844,-26.136627197265625],[152.92918395996094,-26.329505920410156],[153.0847625732422,-26.972431182861328],[153.00961303710938,-26.972431182861328],[153.0811309814453,-27.165306091308594],[152.95480346679688,-27.229597091674805],[153.5148468017578,-28.643938064575195],[153.39642333984375,-28.901071548461914],[153.45120239257812,-29.02963638305664],[153.3275909423828,-29.093917846679688],[153.38304138183594,-29.22247886657715],[153.2596893310547,-29.286758422851562],[153.3158416748047,-29.415315628051758],[153.19273376464844,-29.47959327697754],[153.19569396972656,-29.993797302246094],[153.05645751953125,-30.186613082885742],[153.11587524414062,-30.315153121948242],[152.94802856445312,-30.443693161010742],[152.96812438964844,-31.2791748046875],[152.84744262695312,-31.343442916870117],[152.85455322265625,-31.664785385131836],[152.6353302001953,-31.98613739013672],[152.43907165527344,-32.05040740966797],[152.5181884765625,-32.50033187866211],[152.08367919921875,-32.69316864013672],[152.03224182128906,-32.88601303100586],[151.68341064453125,-32.95029830932617],[151.54835510253906,-33.2717399597168],[151.39500427246094,-33.2717399597168],[151.310791015625,-33.40032196044922],[151.3385467529297,-33.59321212768555],[151.1850128173828,-33.59321212768555],[151.28424072265625,-33.91472625732422],[151.00653076171875,-34.1076545715332],[151.078125,-34.23628616333008],[150.92420959472656,-34.23628616333008],[150.83740234375,-34.49356460571289],[150.6062774658203,-34.49356460571289],[150.7923583984375,-34.68655014038086],[150.6304931640625,-34.94389343261719],[150.81869506835938,-35.136924743652344],[150.5869903564453,-35.136924743652344],[150.66140747070312,-35.265628814697266],[150.4295654296875,-35.265628814697266],[150.15101623535156,-35.71617126464844],[150.2269744873047,-35.84492492675781],[150.0316619873047,-36.03807830810547],[150.0696258544922,-36.360069274902344],[149.95327758789062,-36.42448043823242],[150.0324249267578,-36.68215560913086],[149.8041229248047,-37.06878662109375],[149.96546936035156,-37.326629638671875],[149.88751220703125,-37.326629638671875],[149.96893310546875,-37.45557403564453],[149.89479064941406,-37.58454132080078],[149.54554748535156,-37.64903259277344],[149.4350128173828,-37.842533111572266],[147.99130249023438,-37.907039642333984],[148.0325164794922,-37.9715576171875],[147.6045684814453,-38.036075592041016],[147.64593505859375,-38.10060119628906],[147.37437438964844,-38.165130615234375],[147.37930297851562,-38.29420852661133],[147.22268676757812,-38.29420852661133],[147.22801208496094,-38.42330551147461],[147.0712890625,-38.42330551147461],[147.07701110839844,-38.552425384521484],[146.92019653320312,-38.552425384521484],[146.9263153076172,-38.68156814575195],[146.1479034423828,-38.810733795166016],[146.34747314453125,-38.87532424926758],[146.4053192138672,-39.1983757019043],[146.24801635742188,-39.1983757019043],[146.07598876953125,-38.93992233276367],[145.7617950439453,-38.93992233276367],[145.63467407226562,-38.74614715576172],[145.35723876953125,-38.68156814575195],[145.23211669921875,-38.48786163330078],[145.3061065673828,-38.3587532043457],[145.03399658203125,-38.42330551147461],[145.03846740722656,-38.552425384521484],[144.80325317382812,-38.552425384521484],[144.60110473632812,-38.3587532043457],[144.2877655029297,-38.3587532043457],[144.32876586914062,-38.42330551147461],[143.97801208496094,-38.48786163330078],[143.98208618164062,-38.61699295043945],[143.82522583007812,-38.61699295043945],[143.82968139648438,-38.74614715576172],[143.55734252929688,-38.810733795166016],[143.59906005859375,-38.87532424926758],[143.08633422851562,-38.810733795166016],[142.29147338867188,-38.42330551147461],[141.27281188964844,-38.42330551147461],[140.956787109375,-38.165130615234375],[140.3304443359375,-38.036075592041016],[139.78759765625,-37.520057678222656],[139.52456665039062,-37.06878662109375],[139.60244750976562,-37.06878662109375],[139.52833557128906,-36.93989562988281],[139.69253540039062,-36.68215560913086],[139.439453125,-36.23126220703125],[139.51705932617188,-36.23126220703125],[139.29727172851562,-35.973690032958984],[138.99441528320312,-35.84492492675781],[138.85501098632812,-35.58742904663086],[138.50270080566406,-35.651798248291016],[138.53738403320312,-35.71617126464844],[137.8834686279297,-35.651798248291016],[137.89207458496094,-35.52306365966797],[138.0467987060547,-35.52306365966797],[138.05563354492188,-35.39434051513672],[138.21026611328125,-35.39434051513672],[138.33987426757812,-35.20127487182617],[138.27210998535156,-35.07257843017578],[138.3590850830078,-34.94389343261719],[137.99481201171875,-34.23628616333008],[137.7296142578125,-34.62221908569336],[137.78538513183594,-34.879554748535156],[137.66448974609375,-34.94389343261719],[137.73158264160156,-35.07257843017578],[137.64453125,-35.20127487182617],[137.1037139892578,-35.20127487182617],[137.01661682128906,-35.32998275756836],[136.70741271972656,-35.32998275756836],[136.64016723632812,-35.20127487182617],[136.71742248535156,-35.20127487182617],[136.6505126953125,-35.07257843017578],[136.73834228515625,-34.94389343261719],[137.27859497070312,-34.94389343261719],[137.36634826660156,-34.815216064453125],[137.28225708007812,-34.04334259033203],[137.5067596435547,-33.7218132019043],[137.66036987304688,-33.7218132019043],[137.75051879882812,-33.59321212768555],[137.63912963867188,-33.20744705200195],[137.83804321289062,-33.143157958984375],[137.7454376220703,-32.95029830932617],[137.65383911132812,-33.07887268066406],[137.50059509277344,-33.07887268066406],[137.27249145507812,-33.40032196044922],[137.1995391845703,-33.7218132019043],[136.6934814453125,-33.78611755371094],[136.6800994873047,-33.91472625732422],[136.40443420410156,-33.979034423828125],[136.1675262451172,-34.42924118041992],[135.84719848632812,-34.557891845703125],[135.75814819335938,-34.68655014038086],[135.966552734375,-34.94389343261719],[135.8011016845703,-35.07257843017578],[135.31631469726562,-34.879554748535156],[135.1089324951172,-34.62221908569336],[134.95477294921875,-34.62221908569336],[134.93521118164062,-34.42924118041992],[135.19845581054688,-34.49356460571289],[135.13418579101562,-34.36492156982422],[135.21119689941406,-34.36492156982422],[134.95774841308594,-33.85042190551758],[134.77284240722656,-33.78611755371094],[134.66427612304688,-33.40032196044922],[134.41958618164062,-33.20744705200195],[134.1129608154297,-33.20744705200195],[133.9163360595703,-32.95029830932617],[133.85693359375,-32.82173156738281],[133.95094299316406,-32.69316864013672],[134.10397338867188,-32.69316864013672],[134.0452117919922,-32.56460952758789],[133.73931884765625,-32.56460952758789],[133.69970703125,-32.30750274658203],[133.48953247070312,-32.178955078125],[133.0598602294922,-32.243228912353516],[132.5647735595703,-31.98613739013672],[132.16305541992188,-32.114681243896484],[131.15150451660156,-31.53624725341797],[130.92291259765625,-31.53624725341797],[130.8247833251953,-31.664785385131836],[129.1477813720703,-31.664785385131836],[128.1385498046875,-31.98613739013672],[127.9147720336914,-32.178955078125],[127.08007049560547,-32.37178039550781],[125.98311614990234,-32.30750274658203],[124.80304718017578,-32.95029830932617],[124.0922622680664,-33.07887268066406],[123.94548034667969,-33.2717399597168],[124.00130462646484,-33.40032196044922],[123.48806762695312,-33.979034423828125],[122.9783935546875,-34.04334259033203],[122.76773834228516,-33.91472625732422],[122.46028137207031,-33.91472625732422],[122.48858642578125,-33.979034423828125],[121.9786605834961,-34.04334259033203],[121.92223358154297,-33.91472625732422],[121.12570190429688,-33.85042190551758],[121.15359497070312,-33.91472625732422],[120.69241333007812,-33.91472625732422],[120.72027587890625,-33.979034423828125],[119.95144653320312,-33.979034423828125],[119.97920227050781,-34.04334259033203],[119.41943359375,-34.17197036743164],[119.40543365478516,-34.49356460571289],[118.78911590576172,-34.49356460571289],[118.5933837890625,-34.75088119506836],[118.31314086914062,-34.815216064453125],[118.243896484375,-35.008235931396484],[117.80908966064453,-35.07257843017578],[117.83755493164062,-35.136924743652344],[116.34192657470703,-35.07257843017578],[115.76757049560547,-34.815216064453125],[115.37227630615234,-34.42924118041992],[114.88324737548828,-34.36492156982422],[114.69702911376953,-33.91472625732422],[114.77388763427734,-33.91472625732422],[114.7459487915039,-33.65751266479492],[115.20667266845703,-33.65751266479492],[115.53707885742188,-33.336029052734375],[115.35916900634766,-32.69316864013672],[115.53868103027344,-32.56460952758789],[115.46428680419922,-32.37178039550781],[115.54070281982422,-32.37178039550781],[115.49150085449219,-32.243228912353516],[115.5953369140625,-32.114681243896484],[115.49851989746094,-31.857595443725586],[115.57479858398438,-31.857595443725586],[114.8615493774414,-30.50796127319336],[114.7520751953125,-30.186613082885742],[114.82792663574219,-30.186613082885742],[114.74193572998047,-29.929523468017578],[114.8177261352539,-29.929523468017578],[114.73316192626953,-29.67242431640625],[114.80888366699219,-29.67242431640625],[114.62387084960938,-29.093917846679688],[114.2761001586914,-28.451082229614258],[113.97382354736328,-28.193937301635742],[113.75965881347656,-27.165306091308594],[113.139892578125,-26.522384643554688],[113.07489013671875,-26.265213012695312],[113.2999267578125,-26.265213012695312],[113.53172302246094,-26.58667755126953],[113.66531372070312,-26.522384643554688],[113.50886535644531,-26.20092010498047],[113.3428726196289,-26.136627197265625],[113.20287322998047,-25.55799102783203],[113.42753601074219,-25.55799102783203],[113.64282989501953,-26.136627197265625],[113.79280853271484,-26.136627197265625],[113.85758209228516,-26.393798828125],[114.05005645751953,-26.265213012695312],[114.01354217529297,-25.815162658691406],[113.47291564941406,-25.10794448852539],[113.17506408691406,-24.079296112060547],[113.61612701416016,-23.307832717895508],[113.5784683227539,-23.11496925354004],[113.65296936035156,-23.11496925354004],[113.46829986572266,-22.53638458251953],[113.7844009399414,-21.82923126220703],[114.00738525390625,-21.82923126220703],[113.99185943603516,-22.150665283203125],[114.11397552490234,-22.40781021118164],[114.26564025878906,-22.022090911865234],[114.51595306396484,-21.76494598388672],[115.28648376464844,-21.507801055908203],[115.66223907470703,-21.12208366394043],[115.81070709228516,-21.12208366394043],[116.04969024658203,-20.8006534576416],[116.34646606445312,-20.8006534576416],[116.53429412841797,-20.6077938079834],[117.51016998291016,-20.672080993652344],[118.10742950439453,-20.28636360168457],[118.62632751464844,-20.28636360168457],[118.8639907836914,-19.96493148803711],[119.8271255493164,-19.96493148803711],[120.0256118774414,-19.83635711669922],[120.32189178466797,-19.83635711669922],[121.06474304199219,-19.45063591003418],[121.4990005493164,-19.000627517700195],[121.43946838378906,-18.67919158935547],[121.58731842041016,-18.67919158935547],[121.56359100341797,-18.550617218017578],[121.74980163574219,-18.35775375366211],[122.03352355957031,-18.293466567993164],[122.21973419189453,-18.100603103637695],[122.0485610961914,-17.972028732299805],[121.9838638305664,-17.20057487487793],[122.35859680175781,-16.814847946166992],[122.64221954345703,-16.750560760498047],[122.79688262939453,-16.364831924438477],[122.9441909790039,-16.364831924438477],[122.92581939697266,-16.68627166748047],[123.04450225830078,-16.943424224853516],[123.4935073852539,-17.3934383392334],[123.41309356689453,-16.943424224853516],[123.71937561035156,-17.00771141052246],[123.69659423828125,-16.879135131835938],[123.5491714477539,-16.879135131835938],[123.35677337646484,-16.621984481811523],[123.33452606201172,-16.493408203125],[123.54444885253906,-16.429121017456055],[123.42693328857422,-16.171968460083008],[123.72146606445312,-16.171968460083008],[123.74335479736328,-16.30054473876953],[124.02693939208984,-16.236255645751953],[124.26993560791016,-16.364831924438477],[124.22595977783203,-16.10767936706543],[124.44683074951172,-16.10767936706543],[124.25633239746094,-15.850528717041016],[124.20339965820312,-15.529088973999023],[124.48719787597656,-15.464800834655762],[124.52970123291016,-15.271936416625977],[124.75031280517578,-15.271936416625977],[124.85665130615234,-15.014784812927246],[125.15069580078125,-15.014784812927246],[125.02751922607422,-14.69334602355957],[125.15499877929688,-14.564769744873047],[125.6499252319336,-14.43619441986084],[125.8161849975586,-14.564769744873047],[125.8416748046875,-14.243330955505371],[126.05253601074219,-14.179043769836426],[125.82288360595703,-14.114755630493164],[125.86853790283203,-13.921893119812012],[126.09796905517578,-13.986180305480957],[126.12596893310547,-14.179043769836426],[126.19939422607422,-14.179043769836426],[126.17138671875,-13.986180305480957],[126.55711364746094,-14.114755630493164],[126.68525695800781,-13.986180305480957],[126.6485366821289,-13.729029655456543],[126.86870574951172,-13.729029655456543],[127.04302215576172,-13.921893119812012],[127.26323699951172,-13.921893119812012],[128.03009033203125,-14.629057884216309],[128.091064453125,-15.014784812927246],[128.3115997314453,-15.014784812927246],[128.28077697753906,-14.821921348571777],[128.41758728027344,-14.757633209228516],[128.71153259277344,-14.757633209228516],[129.03628540039062,-14.9504976272583],[129.05715942382812,-15.079072952270508],[129.13067626953125,-15.079072952270508],[129.08917236328125,-14.821921348571777],[129.23614501953125,-14.821921348571777],[129.4982452392578,-15.079072952270508],[129.5198516845703,-14.757633209228516],[129.4159698486328,-14.564769744873047],[129.26904296875,-14.564769744873047],[129.15597534179688,-14.307619094848633],[129.29310607910156,-14.243330955505371],[129.33758544921875,-14.050468444824219],[129.61219787597656,-13.921893119812012],[129.62977600097656,-13.536166191101074],[130.11611938476562,-13.343303680419922],[129.92514038085938,-13.021865844726562],[130.19247436523438,-12.82900333404541],[130.24026489257812,-12.636139869689941],[130.38685607910156,-12.636139869689941],[130.36180114746094,-12.443277359008789],[130.7281951904297,-12.443277359008789],[130.71170043945312,-12.314702033996582],[130.8582305908203,-12.314702033996582],[130.90708923339844,-12.12183952331543],[131.2001190185547,-12.12183952331543],[131.36289978027344,-12.250414848327637],[132.24208068847656,-12.250414848327637],[132.29893493652344,-12.12183952331543],[132.44544982910156,-12.12183952331543],[132.46278381347656,-11.67182731628418],[132.37403869628906,-11.543251991271973],[131.9347686767578,-11.543251991271973],[131.6923370361328,-11.35038948059082],[131.80897521972656,-11.093239784240723],[132.33607482910156,-11.22181510925293],[132.32122802734375,-11.093239784240723],[132.53341674804688,-11.028952598571777],[132.5631561279297,-11.286102294921875],[132.48995971679688,-11.286102294921875],[132.58596801757812,-11.478964805603027],[132.86351013183594,-11.35038948059082],[133.04855346679688,-11.67182731628418],[133.3414306640625,-11.67182731628418],[133.5037384033203,-11.800402641296387],[133.78076171875,-11.67182731628418],[133.8046875,-11.864689826965332],[134.26856994628906,-12.057552337646484],[134.691650390625,-11.928977012634277],[134.8712158203125,-12.186127662658691],[135.1642608642578,-12.186127662658691],[135.2208251953125,-12.057552337646484],[135.44056701660156,-12.057552337646484],[135.42405700683594,-11.928977012634277],[135.7088165283203,-11.864689826965332],[135.74192810058594,-12.12183952331543],[135.88844299316406,-12.12183952331543],[135.99571228027344,-12.378990173339844],[136.1422576904297,-12.378990173339844],[136.03494262695312,-12.12183952331543],[136.08322143554688,-11.928977012634277],[136.4494171142578,-11.928977012634277],[136.48294067382812,-12.186127662658691],[136.77597045898438,-12.186127662658691],[136.81918334960938,-12.50756549835205],[136.5705108642578,-12.82900333404541],[136.42388916015625,-12.82900333404541],[136.5337677001953,-13.086153030395508],[136.39637756347656,-13.15044116973877],[136.41510009765625,-13.279016494750977],[135.82830810546875,-13.279016494750977],[135.85670471191406,-13.471879005432129],[135.7291717529297,-13.600454330444336],[135.95899963378906,-13.664741516113281],[135.9785919189453,-13.793316841125488],[135.81854248046875,-14.179043769836426],[135.68191528320312,-14.243330955505371],[135.70254516601562,-14.371907234191895],[135.56605529785156,-14.43619441986084],[135.5870361328125,-14.564769744873047],[135.3250732421875,-14.757633209228516],[135.34664916992188,-14.886209487915039],[136.08612060546875,-15.336224555969238],[136.10897827148438,-15.464800834655762],[136.6086883544922,-15.786240577697754],[136.63243103027344,-15.914815902709961],[136.9149169921875,-15.850528717041016],[137.25747680664062,-16.10767936706543],[137.56417846679688,-16.171968460083008],[138.1057586669922,-16.68627166748047],[138.95477294921875,-16.879135131835938],[139.10658264160156,-17.264863967895508],[140.0113525390625,-17.71487808227539],[140.3668975830078,-17.650590896606445],[140.75588989257812,-17.3934383392334],[140.77642822265625,-17.136287689208984],[140.9106903076172,-17.07200050354004],[140.93191528320312,-16.814847946166992],[141.06629943847656,-16.750560760498047],[141.2100830078125,-16.364831924438477],[141.28189086914062,-15.593376159667969],[141.48133850097656,-15.079072952270508],[141.35794067382812,-14.371907234191895],[141.47254943847656,-14.179043769836426],[141.30577087402344,-13.600454330444336],[141.4424591064453,-13.536166191101074],[141.5494842529297,-13.279016494750977],[141.4279022216797,-12.9575777053833],[141.5650634765625,-12.893290519714355],[141.6102752685547,-12.700428009033203],[141.7568817138672,-12.700428009033203],[141.66513061523438,-12.571852684020996],[141.44525146484375,-12.571852684020996],[141.42706298828125,-12.443277359008789],[141.6199951171875,-12.250414848327637],[141.5935821533203,-12.057552337646484],[141.87786865234375,-11.993265151977539],[141.83511352539062,-11.67182731628418],[142.0133056640625,-11.35038948059082],[141.97311401367188,-11.028952598571777],[142.29995727539062,-10.707514762878418],[142.51942443847656,-10.707514762878418],[142.54273986816406,-10.90037727355957],[142.7048797607422,-11.028952598571777],[142.8126678466797,-11.864689826965332],[143.1143035888672,-11.928977012634277],[143.01202392578125,-12.250414848327637],[143.19497680664062,-12.50756549835205],[143.26824951171875,-12.50756549835205],[143.63479614257812,-14.371907234191895],[143.93966674804688,-14.43619441986084],[144.05345153808594,-14.243330955505371],[144.42062377929688,-14.243330955505371],[144.6232452392578,-14.564769744873047],[144.96304321289062,-14.821921348571777]]],[[[131.0186767578125,-11.22181510925293],[131.38461303710938,-11.22181510925293],[131.3644561767578,-11.67182731628418],[131.02963256835938,-11.928977012634277],[130.73666381835938,-11.928977012634277],[130.66342163085938,-11.928977012634277],[129.92320251464844,-11.864689826965332],[130.01622009277344,-11.414677619934082],[130.21359252929688,-11.22181510925293],[130.88714599609375,-11.35038948059082],[131.0186767578125,-11.22181510925293]]],[[[136.45022583007812,-11.35038948059082],[136.43467712402344,-11.22181510925293],[136.64654541015625,-11.157526969909668],[136.5888214111328,-11.286102294921875],[136.59661865234375,-11.35038948059082],[136.45022583007812,-11.35038948059082]]],[[[150.834716796875,-10.514652252197266],[150.9321746826172,-10.707514762878418],[150.63955688476562,-10.707514762878418],[150.69647216796875,-10.578939437866211],[150.6884307861328,-10.514652252197266],[150.834716796875,-10.514652252197266]]],[[[150.13525390625,-9.550339698791504],[149.9746856689453,-9.421764373779297],[149.9534454345703,-9.228901863098145],[150.16563415527344,-9.1646146774292],[150.2598419189453,-9.357477188110352],[150.7054443359375,-9.421764373779297],[150.78573608398438,-9.486052513122559],[150.7569580078125,-9.871777534484863],[151.20314025878906,-9.936064720153809],[151.22616577148438,-10.128927230834961],[150.8683319091797,-10.193214416503906],[150.77976989746094,-10.064640045166016],[150.77210998535156,-10.000351905822754],[150.61074829101562,-9.871777534484863],[150.58840942382812,-9.678915023803711],[150.369140625,-9.678915023803711],[150.34725952148438,-9.486052513122559],[150.13525390625,-9.550339698791504]]],[[[145.499755859375,-6.914548873901367],[146.76266479492188,-8.007437705993652],[148.09500122070312,-8.200301170349121],[148.10122680664062,-8.264588356018066],[148.1265411376953,-8.52173900604248],[148.3585662841797,-8.650314331054688],[148.4715576171875,-9.036039352416992],[149.12222290039062,-8.971752166748047],[149.20208740234375,-9.036039352416992],[149.17800903320312,-9.486052513122559],[149.92327880859375,-9.61462688446045],[149.9453887939453,-9.807489395141602],[149.72608947753906,-9.807489395141602],[149.7485809326172,-10.000351905822754],[150.4296112060547,-10.193214416503906],[150.55825805664062,-10.643227577209473],[149.90802001953125,-10.707514762878418],[149.64862060546875,-10.386076927185059],[147.5703125,-10.128927230834961],[147.3285675048828,-9.936064720153809],[147.29937744140625,-9.678915023803711],[146.83950805664062,-9.486052513122559],[146.73182678222656,-9.1646146774292],[146.50587463378906,-9.100326538085938],[146.13609313964844,-8.328875541687012],[145.7406768798828,-8.007437705993652],[144.8529510498047,-7.878862857818604],[144.70115661621094,-7.8145751953125],[144.68968200683594,-7.685999870300293],[144.39208984375,-7.621712207794189],[144.1902313232422,-7.8145751953125],[143.82528686523438,-7.8145751953125],[143.77561950683594,-8.071725845336914],[143.48361206054688,-8.071725845336914],[143.5015106201172,-8.264588356018066],[142.92344665527344,-8.328875541687012],[142.9356231689453,-8.457450866699219],[143.37374877929688,-8.457450866699219],[143.53221130371094,-8.586026191711426],[143.55116271972656,-8.778888702392578],[143.24635314941406,-8.650314331054688],[143.34487915039062,-8.907464027404785],[143.2848358154297,-9.036039352416992],[142.99917602539062,-9.100326538085938],[142.6604766845703,-9.357477188110352],[142.13565063476562,-9.228901863098145],[140.89356994628906,-9.228901863098145],[140.8870391845703,-9.1646146774292],[140.885009765625,-8.393163681030273],[140.95802307128906,-8.393163681030273],[140.8835906982422,-7.557425022125244],[140.95655822753906,-7.557425022125244],[140.90911865234375,-6.978836059570312],[140.75314331054688,-6.850261211395264],[140.7286376953125,-6.528822898864746],[140.9285125732422,-6.271672248840332],[140.91619873046875,-4.98591947555542],[142.32501220703125,-5.371645450592041],[143.07962036132812,-5.757371425628662],[143.15252685546875,-5.757371425628662],[143.38465881347656,-5.950234413146973],[144.2828826904297,-6.271672248840332],[144.67189025878906,-6.59311056137085],[144.96864318847656,-6.657398223876953],[144.9788055419922,-6.78597354888916],[145.499755859375,-6.914548873901367]]],[[[103.85067749023438,1.249976277351379],[103.77788543701172,1.249976277351379],[103.7051010131836,1.249976277351379],[103.63231658935547,1.249976277351379],[103.63459777832031,1.314263939857483],[103.56181335449219,1.314263939857483],[103.56411743164062,1.378551483154297],[103.49132537841797,1.378551483154297],[103.27066040039062,1.314263939857483],[103.27527618408203,1.442839026451111],[103.06398010253906,1.635701775550842],[102.63202667236328,1.76427698135376],[102.4209976196289,1.957139730453491],[102.42349243164062,2.021427392959595],[102.35069274902344,2.021427392959595],[101.9917221069336,2.150002479553223],[101.71080780029297,2.407152891159058],[101.71607971191406,2.535728216171265],[101.42749786376953,2.600015640258789],[101.2171630859375,2.7928786277771],[101.23393249511719,3.178604364395142],[100.81448364257812,3.564330101013184],[100.48112487792969,4.207206249237061],[100.5107650756836,4.785795211791992],[100.23651123046875,5.10723352432251],[100.25794982910156,5.492959022521973],[100.26160430908203,5.557246685028076],[100.48028564453125,5.557246685028076],[100.53154754638672,5.171521186828613],[100.67731475830078,5.171521186828613],[100.90669250488281,5.364383697509766],[100.99797058105469,5.685822010040283],[101.1400375366211,5.62153434753418],[101.44673156738281,5.878684997558594],[101.7307357788086,5.750109672546387],[101.7777099609375,5.300096035003662],[101.54832458496094,5.10723352432251],[101.53434753417969,4.850082874298096],[101.68704223632812,4.978658199310303],[102.48865509033203,4.978658199310303],[102.70027160644531,4.850082874298096],[102.7627944946289,4.657219886779785],[102.90852355957031,4.657219886779785],[102.81559753417969,4.271493911743164],[103.02442169189453,4.078630924224854],[103.17012023925781,4.078630924224854],[103.25271606445312,4.271493911743164],[103.3951416015625,4.207206249237061],[103.39189147949219,4.142918586730957],[103.4043960571289,2.857166290283203],[103.68736267089844,2.664303302764893],[103.68463897705078,2.600015640258789],[103.7574462890625,2.600015640258789],[104.1631851196289,1.828564524650574],[104.16072845458984,1.76427698135376],[104.2192153930664,1.378551483154297],[104.00084686279297,1.378551483154297],[103.92806243896484,1.378551483154297],[103.92575073242188,1.314263939857483],[103.85296630859375,1.314263939857483],[103.85067749023438,1.249976277351379]]],[[[103.98136138916016,2.728590965270996],[104.06256103515625,2.921453714370728],[104.20537567138672,2.857166290283203],[104.19979858398438,2.728590965270996],[104.12698364257812,2.728590965270996],[103.98136138916016,2.728590965270996]]],[[[114.41215515136719,1.442839026451111],[113.3130111694336,1.249976277351379],[112.95390319824219,1.378551483154297],[112.81573486328125,1.571414232254028],[112.37899017333984,1.571414232254028],[112.08043670654297,1.378551483154297],[111.99812316894531,1.121401190757751],[111.70236206054688,0.992826044559479],[110.8289566040039,0.992826044559479],[110.46053314208984,0.864250957965851],[109.8896713256836,1.185688734054565],[109.61785125732422,1.699989318847656],[109.47477722167969,1.76427698135376],[109.48245239257812,1.957139730453491],[109.48505401611328,2.021427392959595],[109.63065338134766,2.021427392959595],[109.6254653930664,1.892852187156677],[109.98182678222656,1.699989318847656],[110.27806854248047,1.828564524650574],[110.48639678955078,1.571414232254028],[110.9206771850586,1.507126569747925],[111.01384735107422,2.021427392959595],[111.1647720336914,2.150002479553223],[111.10289764404297,2.407152891159058],[111.2485122680664,2.407152891159058],[111.26271057128906,2.728590965270996],[111.70841979980469,2.921453714370728],[112.80979919433594,3.114316701889038],[113.11360931396484,3.371467113494873],[113.20266723632812,3.692905426025391],[113.65660095214844,4.01434326171875],[113.90727233886719,4.592932224273682],[114.27529907226562,4.657219886779785],[114.73540496826172,5.042945861816406],[115.31841278076172,5.042945861816406],[115.39128875732422,5.042945861816406],[115.39522552490234,5.10723352432251],[115.4720687866211,5.171521186828613],[115.26142883300781,5.300096035003662],[115.3465347290039,5.492959022521973],[115.5006103515625,5.62153434753418],[115.79219818115234,5.62153434753418],[116.04978942871094,6.200123310089111],[116.35498809814453,6.392985820770264],[116.69381713867188,7.035862445831299],[116.8397216796875,7.035862445831299],[116.82048797607422,6.778711795806885],[116.8934326171875,6.778711795806885],[116.90299224853516,6.907287120819092],[117.2044906616211,7.035862445831299],[117.25814056396484,6.778711795806885],[117.74519348144531,6.457273483276367],[117.63619232177734,5.942972660064697],[117.70909881591797,5.942972660064697],[118.00959777832031,6.071547985076904],[118.06488800048828,5.81439733505249],[118.36087799072266,5.878684997558594],[118.562255859375,5.62153434753418],[119.13690185546875,5.492959022521973],[119.2742691040039,5.364383697509766],[119.26185607910156,5.171521186828613],[118.80848693847656,4.914370536804199],[118.15660095214844,4.978658199310303],[118.14480590820312,4.785795211791992],[118.50140380859375,4.657219886779785],[118.5553970336914,4.335781574249268],[117.60829162597656,4.335781574249268],[117.52452087402344,4.142918586730957],[117.45167541503906,4.142918586730957],[117.1711654663086,4.335781574249268],[115.78693389892578,4.335781574249268],[115.62692260742188,4.078630924224854],[115.5267562866211,3.564330101013184],[115.5234603881836,3.50004243850708],[115.35546112060547,3.050029039382935],[115.05803680419922,2.921453714370728],[115.11013793945312,2.471440553665161],[114.73482513427734,2.214290142059326],[114.79673767089844,1.957139730453491],[114.41215515136719,1.442839026451111]]],[[[117.22929382324219,7.357300281524658],[117.21431732177734,7.164437294006348],[116.99051666259766,7.100150108337402],[117.00537872314453,7.293012619018555],[117.01039123535156,7.357300281524658],[117.22929382324219,7.357300281524658]]],[[[98.3015365600586,10.764540672302246],[98.08775329589844,10.828827857971191],[98.09922790527344,10.957403182983398],[98.24556732177734,10.957403182983398],[98.30723571777344,10.828827857971191],[98.3015365600586,10.764540672302246]]],[[[98.30491638183594,11.6002779006958],[98.32334899902344,11.793140411376953],[98.61006927490234,11.728853225708008],[98.51847076416016,11.535990715026855],[98.44525909423828,11.535990715026855],[98.30491638183594,11.6002779006958]]],[[[98.48676300048828,12.69316577911377],[98.46028900146484,12.436016082763672],[98.24700164794922,12.500303268432617],[98.26020050048828,12.628878593444824],[98.26686096191406,12.69316577911377],[98.48676300048828,12.69316577911377]]],[[[114.31842803955078,22.59341049194336],[114.6038818359375,22.529123306274414],[114.5916519165039,22.46483612060547],[114.5794677734375,22.400548934936523],[114.56732177734375,22.33626365661621],[114.53111267089844,22.143402099609375],[113.99858856201172,22.079116821289062],[113.9842300415039,22.400548934936523],[113.99634552001953,22.46483612060547],[114.31842803955078,22.59341049194336]]],[[[121.9146499633789,37.254878997802734],[121.96505737304688,37.51277160644531],[121.99740600585938,37.5772590637207],[122.0754623413086,37.5772590637207],[122.15351867675781,37.5772590637207],[122.1211166381836,37.51277160644531],[122.19915008544922,37.51277160644531],[122.27717590332031,37.51277160644531],[122.35520935058594,37.51277160644531],[122.18048858642578,37.3193473815918],[121.9146499633789,37.254878997802734]]],[[[117.33784484863281,39.19107437133789],[117.25920104980469,39.19107437133789],[117.2256851196289,39.1264533996582],[116.91120147705078,39.1264533996582],[117.05682373046875,39.25570297241211],[117.13549041748047,39.25570297241211],[117.36046600341797,39.38497543334961],[117.33784484863281,39.19107437133789]]],[[[166.32522583007812,-50.586387634277344],[166.3932647705078,-50.719669342041016],[166.2168426513672,-50.786338806152344],[166.2860870361328,-50.919734954833984],[166.20167541503906,-50.919734954833984],[166.0328826904297,-50.919734954833984],[165.8115692138672,-50.653018951416016],[166.1568145751953,-50.586387634277344],[166.08114624023438,-50.519771575927734],[166.32522583007812,-50.586387634277344]]],[[[167.58734130859375,-47.07902526855469],[167.5886993408203,-46.750328063964844],[167.523681640625,-46.684627532958984],[167.85183715820312,-46.684627532958984],[168.2291717529297,-47.14480209350586],[167.5385284423828,-47.276405334472656],[167.4064178466797,-47.14480209350586],[167.58734130859375,-47.07902526855469]]],[[[174.2152557373047,-41.91877746582031],[173.95541381835938,-41.98371505737305],[173.93434143066406,-42.308528900146484],[173.4749298095703,-42.50352096557617],[173.47686767578125,-42.763633728027344],[173.31655883789062,-42.763633728027344],[173.33905029296875,-42.95881652832031],[172.78126525878906,-43.21918487548828],[172.84278869628906,-43.2843017578125],[172.6820068359375,-43.2843017578125],[172.83030700683594,-43.610023498535156],[172.74977111816406,-43.610023498535156],[172.97311401367188,-43.67519760131836],[173.142822265625,-43.93598937988281],[172.65867614746094,-43.93598937988281],[172.4530029296875,-43.805572509765625],[172.5154266357422,-43.87077713012695],[172.2734375,-43.87077713012695],[172.33590698242188,-43.93598937988281],[172.1745147705078,-43.93598937988281],[172.23704528808594,-44.0012092590332],[171.815185546875,-44.066444396972656],[171.87779235839844,-44.13168716430664],[171.71621704101562,-44.13168716430664],[171.7788848876953,-44.196937561035156],[171.53643798828125,-44.196937561035156],[171.59913635253906,-44.262203216552734],[171.23944091796875,-44.392757415771484],[171.1952667236328,-44.850032806396484],[171.1141357421875,-44.850032806396484],[171.17759704589844,-44.91539764404297],[171.096435546875,-44.91539764404297],[171.15997314453125,-44.980777740478516],[171.0787811279297,-44.980777740478516],[171.1424102783203,-45.046165466308594],[171.06118774414062,-45.046165466308594],[171.1248779296875,-45.11156463623047],[170.8460235595703,-45.24239730834961],[170.8064727783203,-45.700660705566406],[170.64337158203125,-45.700660705566406],[170.755615234375,-45.89723205566406],[170.2318115234375,-46.02833938598633],[170.2632598876953,-46.225093841552734],[169.82080078125,-46.356327056884766],[169.86964416503906,-46.48760986328125],[169.7057647705078,-46.48760986328125],[169.77130126953125,-46.55326843261719],[168.81979370117188,-46.750328063964844],[168.6068878173828,-46.61894226074219],[168.1968536376953,-46.61894226074219],[168.0841827392578,-46.42196273803711],[167.67466735839844,-46.42196273803711],[167.48184204101562,-46.225093841552734],[167.21861267089844,-46.290706634521484],[167.28274536132812,-46.356327056884766],[166.64573669433594,-46.290706634521484],[166.2652587890625,-45.89723205566406],[166.44715881347656,-45.831695556640625],[166.38426208496094,-45.766170501708984],[166.7105712890625,-45.766170501708984],[166.56015014648438,-45.438724517822266],[166.7229766845703,-45.438724517822266],[166.6796112060547,-45.30782699584961],[166.98609924316406,-45.37327194213867],[166.81832885742188,-45.11156463623047],[167.1624298095703,-45.046165466308594],[167.0384063720703,-44.91539764404297],[167.3010711669922,-44.850032806396484],[167.2392120361328,-44.78467559814453],[167.4824981689453,-44.78467559814453],[167.43994140625,-44.653995513916016],[167.70230102539062,-44.58866882324219],[167.66001892089844,-44.45804977416992],[167.84127807617188,-44.392757415771484],[167.79934692382812,-44.262203216552734],[168.16171264648438,-44.13168716430664],[168.10052490234375,-44.066444396972656],[169.0665283203125,-43.805572509765625],[169.0055389404297,-43.740379333496094],[169.26693725585938,-43.67519760131836],[169.20608520507812,-43.610023498535156],[169.44769287109375,-43.610023498535156],[169.38687133789062,-43.54486083984375],[169.7483367919922,-43.4145622253418],[169.687744140625,-43.34942626953125],[170.12948608398438,-43.21918487548828],[170.06910705566406,-43.15407943725586],[170.24977111816406,-43.08898162841797],[170.18959045410156,-43.023895263671875],[170.43038940429688,-43.023895263671875],[170.37026977539062,-42.95881652832031],[170.81170654296875,-42.82868576049805],[170.77220153808594,-42.69859313964844],[171.0534210205078,-42.56853485107422],[170.9939727783203,-42.50352096557617],[171.07400512695312,-42.50352096557617],[171.01467895507812,-42.438514709472656],[171.0946807861328,-42.438514709472656],[171.0354766845703,-42.37351608276367],[171.11544799804688,-42.37351608276367],[171.05638122558594,-42.308528900146484],[171.13632202148438,-42.308528900146484],[171.077392578125,-42.24354934692383],[171.1573028564453,-42.24354934692383],[171.2492218017578,-41.72401428222656],[171.6694793701172,-41.65911102294922],[171.61180114746094,-41.594215393066406],[171.77105712890625,-41.594215393066406],[171.7356719970703,-41.464447021484375],[171.8948211669922,-41.464447021484375],[171.88243103027344,-41.26985549926758],[172.03012084960938,-41.07533645629883],[171.9175262451172,-40.94569396972656],[171.9968719482422,-40.94569396972656],[171.98780822753906,-40.75128936767578],[172.24923706054688,-40.68650436401367],[172.1937713623047,-40.621726989746094],[172.63754272460938,-40.492191314697266],[172.748291015625,-40.621726989746094],[172.6454620361328,-40.68650436401367],[172.9158172607422,-40.81608581542969],[173.08505249023438,-41.01051330566406],[173.0056610107422,-41.01051330566406],[173.0970001220703,-41.20500946044922],[173.5613250732422,-41.01051330566406],[173.5045623779297,-40.94569396972656],[173.7426300048828,-40.94569396972656],[173.8564910888672,-41.07533645629883],[174.03759765625,-41.01051330566406],[174.11697387695312,-41.01051330566406],[174.26712036132812,-41.26985549926758],[174.02865600585938,-41.26985549926758],[174.1443328857422,-41.399574279785156],[173.98524475097656,-41.399574279785156],[174.2152557373047,-41.91877746582031]]],[[[173.7426300048828,-40.94569396972656],[173.62950134277344,-40.81608581542969],[173.70880126953125,-40.81608581542969],[173.67562866210938,-40.68650436401367],[173.9467010498047,-40.81608581542969],[173.8219757080078,-40.94569396972656],[173.7426300048828,-40.94569396972656]]],[[[175.3167724609375,-37.133243560791016],[175.19012451171875,-36.746585845947266],[175.25259399414062,-36.61772918701172],[175.53228759765625,-36.68215560913086],[175.76708984375,-37.004337310791016],[175.68922424316406,-37.004337310791016],[175.91664123535156,-37.520057678222656],[175.83860778808594,-37.520057678222656],[176.06292724609375,-37.71352767944336],[176.8858184814453,-37.9715576171875],[177.2767791748047,-37.9715576171875],[177.22689819335938,-37.907039642333984],[177.48976135253906,-37.842533111572266],[177.46873474121094,-37.71352767944336],[177.83856201171875,-37.58454132080078],[177.78941345214844,-37.520057678222656],[178.17958068847656,-37.520057678222656],[178.4557342529297,-37.77802658081055],[178.2377166748047,-38.10060119628906],[178.33920288085938,-38.22966766357422],[178.1793212890625,-38.42330551147461],[178.2557830810547,-38.61699295043945],[177.78419494628906,-38.810733795166016],[177.8890380859375,-38.93992233276367],[177.78457641601562,-39.0045280456543],[177.8932647705078,-39.32763671875],[177.73587036132812,-39.32763671875],[177.57594299316406,-39.133750915527344],[177.10418701171875,-39.133750915527344],[177.15716552734375,-39.1983757019043],[176.89561462402344,-39.26300048828125],[176.87347412109375,-39.521575927734375],[176.79469299316406,-39.521575927734375],[177.0359344482422,-39.715576171875],[176.860595703125,-39.97433853149414],[176.84561157226562,-40.23320770263672],[176.58523559570312,-40.297943115234375],[176.57313537597656,-40.55695343017578],[176.31304931640625,-40.621726989746094],[176.30369567871094,-40.88088607788086],[176.14505004882812,-40.88088607788086],[176.15928649902344,-41.07533645629883],[176.00047302246094,-41.07533645629883],[176.01588439941406,-41.26985549926758],[175.7562713623047,-41.334712982177734],[175.7938995361328,-41.464447021484375],[175.4340057373047,-41.594215393066406],[175.4930419921875,-41.65911102294922],[175.17440795898438,-41.65911102294922],[174.9981689453125,-41.464447021484375],[174.54205322265625,-41.399574279785156],[174.4261016845703,-41.26985549926758],[174.70803833007812,-41.140167236328125],[174.6505584716797,-41.07533645629883],[174.8093719482422,-41.07533645629883],[174.841552734375,-40.75128936767578],[175.00010681152344,-40.75128936767578],[174.9663543701172,-40.621726989746094],[175.11483764648438,-40.427433013916016],[174.97210693359375,-40.168479919433594],[175.0511474609375,-40.168479919433594],[174.6745147705078,-39.909637451171875],[173.7754364013672,-39.586238861083984],[173.51263427734375,-39.26300048828125],[173.59130859375,-39.26300048828125],[173.5660858154297,-39.133750915527344],[173.7233428955078,-39.133750915527344],[173.671630859375,-39.06913757324219],[174.354248046875,-38.93992233276367],[174.33010864257812,-38.810733795166016],[174.46351623535156,-38.68156814575195],[174.36212158203125,-38.552425384521484],[174.4684600830078,-38.48786163330078],[174.36802673339844,-38.3587532043457],[174.4463653564453,-38.3587532043457],[174.48219299316406,-38.10060119628906],[174.638671875,-38.10060119628906],[174.52017211914062,-37.842533111572266],[174.6571044921875,-37.71352767944336],[174.46401977539062,-37.45557403564453],[174.57211303710938,-37.3911018371582],[174.00904846191406,-36.61772918701172],[174.08677673339844,-36.61772918701172],[173.9949493408203,-36.4888916015625],[174.27389526367188,-36.55331039428711],[174.13661193847656,-36.360069274902344],[174.21424865722656,-36.360069274902344],[174.01351928710938,-36.2956657409668],[174.1045684814453,-36.42448043823242],[173.87159729003906,-36.42448043823242],[172.96127319335938,-35.32998275756836],[172.87489318847656,-35.20127487182617],[173.02064514160156,-35.07257843017578],[172.56918334960938,-34.62221908569336],[172.5207061767578,-34.42924118041992],[172.8287811279297,-34.42924118041992],[173.12399291992188,-34.879554748535156],[173.31288146972656,-34.815216064453125],[173.39817810058594,-34.94389343261719],[174.1883087158203,-35.20127487182617],[174.55128479003906,-35.84492492675781],[174.47381591796875,-35.84492492675781],[174.39634704589844,-35.84492492675781],[174.31887817382812,-35.84492492675781],[174.80348205566406,-36.42448043823242],[174.6163787841797,-36.4888916015625],[174.6923065185547,-36.81101608276367],[175.0502471923828,-36.87545394897461],[175.3167724609375,-37.133243560791016]]],[[[178.00918579101562,-19.000627517700195],[177.9911346435547,-18.93634033203125],[178.2130126953125,-18.93634033203125],[178.24917602539062,-19.06491470336914],[177.9713592529297,-19.129201889038086],[177.93521118164062,-19.000627517700195],[178.00918579101562,-19.000627517700195]]],[[[178.4136505126953,-17.522014617919922],[178.64535522460938,-18.100603103637695],[178.1815643310547,-18.293466567993164],[177.42507934570312,-18.22917938232422],[177.35121154785156,-18.22917938232422],[177.1858367919922,-18.164892196655273],[177.13731384277344,-17.71487808227539],[177.36343383789062,-17.457727432250977],[177.8455047607422,-17.329151153564453],[178.06678771972656,-17.329151153564453],[178.4136505126953,-17.522014617919922]]],[[[179.53408813476562,-16.171968460083008],[179.82861328125,-16.171968460083008],[179.86134338378906,-16.30054473876953],[179.67335510253906,-16.429121017456055],[179.83726501464844,-16.493408203125],[179.83055114746094,-16.750560760498047],[179.2010040283203,-16.879135131835938],[179.09359741210938,-16.750560760498047],[178.92306518554688,-16.943424224853516],[178.775634765625,-16.943424224853516],[178.79258728027344,-17.00771141052246],[178.3901824951172,-16.879135131835938],[178.33995056152344,-16.68627166748047],[178.74879455566406,-16.557695388793945],[178.7894287109375,-16.429121017456055],[179.08407592773438,-16.429121017456055],[179.53408813476562,-16.171968460083008]]],[[[160.12142944335938,-11.543251991271973],[160.19464111328125,-11.543251991271973],[160.46246337890625,-11.864689826965332],[160.2427520751953,-11.864689826965332],[160.22332763671875,-11.736114501953125],[160.0672607421875,-11.67182731628418],[160.12142944335938,-11.543251991271973]]],[[[153.40411376953125,-11.67182731628418],[153.17532348632812,-11.607540130615234],[153.05743408203125,-11.286102294921875],[153.59652709960938,-11.478964805603027],[153.623779296875,-11.67182731628418],[153.47732543945312,-11.67182731628418],[153.40411376953125,-11.67182731628418]]],[[[165.84664916992188,-10.643227577209473],[166.0660858154297,-10.643227577209473],[166.084228515625,-10.771801948547363],[165.66358947753906,-10.90037727355957],[165.63619995117188,-10.707514762878418],[165.77349853515625,-10.643227577209473],[165.84664916992188,-10.643227577209473]]],[[[152.62303161621094,-10.771801948547363],[152.46841430664062,-10.707514762878418],[152.52511596679688,-10.578939437866211],[152.67962646484375,-10.643227577209473],[152.69619750976562,-10.771801948547363],[152.62303161621094,-10.771801948547363]]],[[[162.2978973388672,-10.90037727355957],[161.70359802246094,-10.836090087890625],[161.4576416015625,-10.643227577209473],[161.44891357421875,-10.578939437866211],[161.12210083007812,-10.321789741516113],[161.1053009033203,-10.193214416503906],[161.3977813720703,-10.193214416503906],[161.94361877441406,-10.45036506652832],[162.1891326904297,-10.643227577209473],[162.2978973388672,-10.90037727355957]]],[[[160.67478942871094,-9.678915023803711],[160.70681762695312,-9.936064720153809],[160.49563598632812,-10.000351905822754],[160.2601318359375,-9.871777534484863],[159.89462280273438,-9.871777534484863],[159.82151794433594,-9.871777534484863],[159.4244384765625,-9.61462688446045],[159.45169067382812,-9.228901863098145],[159.67088317871094,-9.228901863098145],[159.83975219726562,-9.421764373779297],[160.50514221191406,-9.486052513122559],[160.67478942871094,-9.678915023803711]]],[[[152.66395568847656,-9.29318904876709],[152.57659912109375,-9.1646146774292],[152.5035400390625,-9.1646146774292],[152.41639709472656,-9.036039352416992],[152.47555541992188,-8.907464027404785],[152.85472106933594,-9.036039352416992],[152.81008911132812,-9.29318904876709],[152.66395568847656,-9.29318904876709]]],[[[161.19015502929688,-9.100326538085938],[161.22816467285156,-9.421764373779297],[161.46298217773438,-9.550339698791504],[161.49476623535156,-9.807489395141602],[161.34056091308594,-9.743202209472656],[161.2674560546875,-9.743202209472656],[160.605712890625,-9.100326538085938],[160.4401397705078,-8.264588356018066],[160.8189239501953,-8.393163681030273],[160.9271240234375,-8.714601516723633],[160.86126708984375,-8.778888702392578],[161.19015502929688,-9.100326538085938]]],[[[157.1680145263672,-8.393163681030273],[157.31405639648438,-8.393163681030273],[157.26840209960938,-8.650314331054688],[157.12234497070312,-8.650314331054688],[157.1017608642578,-8.457450866699219],[157.17478942871094,-8.457450866699219],[157.1680145263672,-8.393163681030273]]],[[[150.9810791015625,-8.586026191711426],[150.83502197265625,-8.586026191711426],[150.8884735107422,-8.393163681030273],[151.03451538085938,-8.393163681030273],[151.05410766601562,-8.586026191711426],[150.9810791015625,-8.586026191711426]]],[[[156.75701904296875,-7.943150520324707],[156.81732177734375,-7.8145751953125],[157.0363006591797,-7.8145751953125],[157.13491821289062,-8.071725845336914],[157.2679901123047,-7.943150520324707],[157.49342346191406,-8.007437705993652],[157.8388214111328,-8.52173900604248],[157.98487854003906,-8.52173900604248],[157.9468231201172,-8.84317684173584],[157.8007354736328,-8.84317684173584],[157.7135772705078,-8.714601516723633],[157.70660400390625,-8.650314331054688],[157.3938446044922,-8.457450866699219],[157.38034057617188,-8.328875541687012],[157.08828735351562,-8.328875541687012],[157.0749969482422,-8.200301170349121],[156.84942626953125,-8.13601303100586],[156.75701904296875,-7.943150520324707]]],[[[159.7100372314453,-8.264588356018066],[159.7374725341797,-8.52173900604248],[159.28553771972656,-8.393163681030273],[159.2787322998047,-8.328875541687012],[158.5819091796875,-7.943150520324707],[158.32501220703125,-7.557425022125244],[158.61691284179688,-7.557425022125244],[158.86102294921875,-7.8145751953125],[159.31185913085938,-7.943150520324707],[159.7100372314453,-8.264588356018066]]],[[[156.37313842773438,-7.750287532806396],[156.36692810058594,-7.685999870300293],[156.35464477539062,-7.557425022125244],[156.57357788085938,-7.557425022125244],[156.6840362548828,-7.943150520324707],[156.54444885253906,-8.007437705993652],[156.37313842773438,-7.750287532806396]]],[[[155.58932495117188,-7.171699047088623],[155.57215881347656,-6.978836059570312],[155.7180633544922,-6.978836059570312],[155.80242919921875,-7.10741138458252],[155.80819702148438,-7.171699047088623],[155.58932495117188,-7.171699047088623]]],[[[157.35214233398438,-7.30027437210083],[157.3641357421875,-7.428849697113037],[156.99928283691406,-7.428849697113037],[156.9143524169922,-7.30027437210083],[156.7684326171875,-7.30027437210083],[156.6779022216797,-7.10741138458252],[156.6049346923828,-7.10741138458252],[156.36895751953125,-6.914548873901367],[156.26840209960938,-6.59311056137085],[156.78988647460938,-6.721685886383057],[157.02548217773438,-6.914548873901367],[157.0426788330078,-7.10741138458252],[157.35214233398438,-7.30027437210083]]]]}},{"type":"Feature","properties":{"Name":"Natalia Republic","FromYear":1900,"ToYear":1907,"Area":62052.17711587225,"Type":"POLITY","Wikipedia":"Natalia Republic","Wikidata":"Q1029847","SeshatID":"","Components":"","MemberOf":"","DISPLAY_NAME":"Natalia Republic","ADMIN_NAME":"Natalia Republic","TERRITORIAL_STATUS":"sovereign","TERRITORIAL_STATUS_ZH":"独立政治实体","POLICY_NOTE":"按 ClioPatria 目标年份记录的实际控制几何显示","SOURCE_NAME":"Natalia Republic","WIKIPEDIA_URL":"https://en.wikipedia.org/wiki/Natalia_Republic","WIKIDATA_URL":"https://www.wikidata.org/wiki/Q1029847","SESHAT_URL":"","DATA_SOURCE":"ClioPatria ad28a691","LEADER":"领导人资料待补充","LEADER_SOURCE_URL":""},"geometry":{"type":"Polygon","coordinates":[[[32.05937194824219,-28.836788177490234],[31.471363067626953,-29.093917846679688],[31.479625701904297,-29.22247886657715],[31.050657272338867,-29.6081485748291],[30.92886734008789,-30.058069229125977],[30.709970474243164,-30.186613082885742],[30.579875946044922,-30.50796127319336],[30.50394630432129,-30.50796127319336],[30.00271987915039,-29.800975799560547],[29.6917724609375,-29.67242431640625],[29.237411499023438,-29.67242431640625],[29.286575317382812,-29.22247886657715],[28.814884185791016,-28.901071548461914],[28.804338455200195,-28.708221435546875],[29.53798484802246,-28.322511672973633],[29.651071548461914,-27.615341186523438],[29.876893997192383,-27.615341186523438],[30.03426742553711,-27.743919372558594],[30.044649124145508,-27.936786651611328],[30.1988582611084,-28.001075744628906],[30.342479705810547,-27.87249755859375],[31.23545265197754,-27.679630279541016],[31.443267822265625,-27.358179092407227],[31.518491744995117,-27.358179092407227],[31.593713760375977,-27.358179092407227],[31.668935775756836,-27.358179092407227],[31.66535186767578,-27.293888092041016],[31.74056053161621,-27.293888092041016],[31.815771102905273,-27.293888092041016],[31.69089126586914,-27.743919372558594],[32.075016021728516,-27.87249755859375],[32.158077239990234,-28.001075744628906],[32.23343276977539,-28.001075744628906],[32.38808059692383,-28.06536293029785],[32.40810012817383,-28.386796951293945],[32.13490676879883,-28.836788177490234],[32.05937194824219,-28.836788177490234]]]}},{"type":"Feature","properties":{"Name":"Austria-Hungary","FromYear":1900,"ToYear":1904,"Area":677652.899039379,"Type":"POLITY","Wikipedia":"Austria-Hungary","Wikidata":"Q28513","SeshatID":"at_habsburg_2","Components":"","MemberOf":"","DISPLAY_NAME":"Austria-Hungary","ADMIN_NAME":"Austria-Hungary","TERRITORIAL_STATUS":"sovereign","TERRITORIAL_STATUS_ZH":"独立政治实体","POLICY_NOTE":"按 ClioPatria 目标年份记录的实际控制几何显示","SOURCE_NAME":"Austria-Hungary","WIKIPEDIA_URL":"https://en.wikipedia.org/wiki/Austria-Hungary","WIKIDATA_URL":"https://www.wikidata.org/wiki/Q28513","SESHAT_URL":"https://seshat-db.com/core/polity/at_habsburg_2","DATA_SOURCE":"ClioPatria ad28a691","LEADER":"领导人资料待补充","LEADER_SOURCE_URL":""},"geometry":{"type":"MultiPolygon","coordinates":[[[[14.350428581237793,44.973392486572266],[14.51131820678711,44.908016204833984],[14.502378463745117,44.5159797668457],[14.260871887207031,44.58129119873047],[14.269240379333496,44.973392486572266],[14.350428581237793,44.973392486572266]]],[[[19.84113311767578,50.11296081542969],[20.33548927307129,49.98000717163086],[20.51714324951172,50.17946243286133],[21.02581787109375,50.2459831237793],[21.477136611938477,50.64549255371094],[21.735273361206055,50.71213912963867],[21.74620246887207,50.84549331665039],[21.99927520751953,50.84549331665039],[21.988101959228516,50.71213912963867],[22.15102195739746,50.64549255371094],[22.656435012817383,50.64549255371094],[23.00547981262207,50.77880859375],[23.764331817626953,50.77880859375],[24.00420570373535,50.64549255371094],[24.341148376464844,50.64549255371094],[24.566909790039062,50.37908172607422],[25.07135772705078,50.37908172607422],[25.29567527770996,50.11296081542969],[25.722383499145508,50.17946243286133],[25.701093673706055,49.98000717163086],[25.854578018188477,49.84712600708008],[25.841760635375977,48.91886520385742],[25.924989700317383,48.91886520385742],[25.904876708984375,48.72037124633789],[26.140729904174805,48.5881233215332],[26.26645278930664,48.191749572753906],[26.068124771118164,47.86185836791992],[26.30950927734375,47.79592514038086],[26.378965377807617,47.664100646972656],[25.959848403930664,47.598209381103516],[25.769779205322266,47.33478927612305],[25.45248794555664,47.46647262573242],[25.016605377197266,47.20316696166992],[25.668907165527344,47.13737487792969],[25.72661018371582,46.87434005737305],[25.966814041137695,46.808616638183594],[25.942142486572266,46.54585266113281],[26.477930068969727,46.1520881652832],[26.44038200378418,45.75876998901367],[25.93889808654785,45.62776184082031],[25.84545135498047,45.496795654296875],[25.438228607177734,45.496795654296875],[25.34526824951172,45.36587905883789],[25.042299270629883,45.62776184082031],[24.634754180908203,45.62776184082031],[24.13511848449707,45.496795654296875],[23.483562469482422,45.496795654296875],[23.47352409362793,45.36587905883789],[23.138248443603516,45.23500442504883],[22.73638343811035,45.300437927246094],[22.531999588012695,44.71194839477539],[22.275287628173828,44.5159797668457],[21.951416015625,44.5159797668457],[21.879146575927734,44.64661407470703],[21.40547752380371,44.842647552490234],[20.748632431030273,44.71194839477539],[20.590364456176758,44.77729415893555],[20.52076530456543,44.973392486572266],[20.280941009521484,45.03877639770508],[20.114822387695312,44.973392486572266],[20.019073486328125,44.71194839477539],[19.856950759887695,44.71194839477539],[19.624204635620117,44.908016204833984],[19.380733489990234,44.908016204833984],[19.117544174194336,44.5159797668457],[19.107723236083984,44.32010269165039],[19.498432159423828,44.05907440185547],[19.400859832763672,43.73301696777344],[19.55523681640625,43.6026611328125],[19.954360961914062,43.53750228881836],[20.108163833618164,43.407203674316406],[20.100984573364258,43.276947021484375],[19.92967987060547,43.08163070678711],[19.68539047241211,43.016544342041016],[18.978776931762695,43.342071533203125],[18.65407943725586,43.276947021484375],[18.47258949279785,42.82133865356445],[18.71311378479004,42.82133865356445],[18.85202980041504,42.36617660522461],[18.77206039428711,42.36617660522461],[18.143457412719727,42.62621307373047],[17.83389663696289,42.88639831542969],[17.593284606933594,42.88639831542969],[17.50791358947754,42.75628662109375],[17.515670776367188,42.95146560668945],[17.35520362854004,42.95146560668945],[17.36538314819336,43.211830139160156],[17.12186050415039,43.146724700927734],[17.05129051208496,43.407203674316406],[16.727190017700195,43.342071533203125],[16.734172821044922,43.53750228881836],[16.575437545776367,43.6026611328125],[15.927099227905273,43.472347259521484],[16.01169204711914,43.6026611328125],[15.856636047363281,43.79821014404297],[15.695383071899414,43.79821014404297],[15.618592262268066,43.92862319946289],[15.374701499938965,43.86341094970703],[15.459075927734375,43.99384307861328],[15.218687057495117,44.05907440185547],[15.146636962890625,44.38538360595703],[14.908865928649902,44.58129119873047],[14.91874885559082,44.973392486572266],[14.515777587890625,45.10417556762695],[14.603090286254883,45.36587905883789],[14.196189880371094,45.36587905883789],[14.189410209655762,45.03877639770508],[13.945749282836914,45.03877639770508],[13.943220138549805,44.908016204833984],[13.780906677246094,44.908016204833984],[13.705584526062012,45.23500442504883],[13.544051170349121,45.300437927246094],[13.547340393066406,45.496795654296875],[13.710229873657227,45.496795654296875],[13.714865684509277,45.75876998901367],[13.633292198181152,45.75876998901367],[13.475451469421387,46.08650588989258],[13.31297492980957,46.1520881652832],[13.398871421813965,46.414546966552734],[13.237005233764648,46.54585266113281],[12.09045124053955,46.677207946777344],[11.843135833740234,46.480194091796875],[11.841521263122559,46.21768569946289],[11.677236557006836,46.08650588989258],[11.350288391113281,46.08650588989258],[11.022930145263672,45.75876998901367],[10.696676254272461,45.693260192871094],[10.45177173614502,45.82429504394531],[10.532170295715332,46.480194091796875],[10.367905616760254,46.61152267456055],[10.44906997680664,46.94007873535156],[10.366899490356445,46.94007873535156],[10.36669635772705,47.005828857421875],[10.202829360961914,46.87434005737305],[9.9564208984375,46.87434005737305],[9.625838279724121,47.13737487792969],[9.625325202941895,47.20316696166992],[9.54301929473877,47.20316696166992],[9.542471885681152,47.26897048950195],[9.541923522949219,47.33478927612305],[9.541373252868652,47.4006233215332],[9.623783111572266,47.4006233215332],[9.62326717376709,47.46647262573242],[9.622751235961914,47.53233337402344],[9.952665328979492,47.53233337402344],[10.118547439575195,47.33478927612305],[10.36567211151123,47.33478927612305],[10.447366714477539,47.598209381103516],[10.859928131103516,47.53233337402344],[11.024742126464844,47.4006233215332],[11.933061599731445,47.664100646972656],[12.75854206085205,47.664100646972656],[12.839411735534668,47.53233337402344],[13.004368782043457,47.53233337402344],[13.088733673095703,47.664100646972656],[12.924517631530762,47.730003356933594],[12.927179336547852,47.92780685424805],[12.762627601623535,47.993770599365234],[12.765129089355469,48.191749572753906],[13.26423168182373,48.323814392089844],[13.434637069702148,48.5881233215332],[13.768134117126465,48.654239654541016],[13.770781517028809,48.786521911621094],[12.532414436340332,49.51522445678711],[12.534139633178711,49.64793395996094],[12.36764907836914,49.71431350708008],[12.370920181274414,49.98000717163086],[12.204005241394043,50.04647445678711],[12.20633602142334,50.2459831237793],[12.376081466674805,50.37908172607422],[12.796454429626465,50.37908172607422],[13.391927719116211,50.71213912963867],[14.153997421264648,50.84549331665039],[14.328418731689453,51.04566955566406],[14.497381210327148,51.04566955566406],[14.577799797058105,50.912200927734375],[15.255345344543457,50.97892379760742],[15.416954040527344,50.77880859375],[16.338764190673828,50.64549255371094],[16.24351692199707,50.37908172607422],[16.487279891967773,50.17946243286133],[16.823102951049805,50.17946243286133],[16.919164657592773,50.445655822753906],[17.1715087890625,50.445655822753906],[17.49802589416504,50.2459831237793],[17.750011444091797,50.2459831237793],[17.739870071411133,50.04647445678711],[17.904199600219727,49.98000717163086],[18.487384796142578,49.91355895996094],[18.807432174682617,49.64793395996094],[18.799970626831055,49.51522445678711],[19.23357391357422,49.78071212768555],[19.165773391723633,50.04647445678711],[19.84113311767578,50.11296081542969]]]]}},{"type":"Feature","properties":{"Name":"Sultanate of Muscat and Oman","FromYear":1900,"ToYear":1904,"Area":126816.01061542773,"Type":"POLITY","Wikipedia":"Muscat and Oman","Wikidata":"Q157734","SeshatID":"","Components":"","MemberOf":"","DISPLAY_NAME":"Sultanate of Muscat and Oman","ADMIN_NAME":"Sultanate of Muscat and Oman","TERRITORIAL_STATUS":"sovereign","TERRITORIAL_STATUS_ZH":"独立政治实体","POLICY_NOTE":"按 ClioPatria 目标年份记录的实际控制几何显示","SOURCE_NAME":"Sultanate of Muscat and Oman","WIKIPEDIA_URL":"https://en.wikipedia.org/wiki/Muscat_and_Oman","WIKIDATA_URL":"https://www.wikidata.org/wiki/Q157734","SESHAT_URL":"","DATA_SOURCE":"ClioPatria ad28a691","LEADER":"领导人资料待补充","LEADER_SOURCE_URL":""},"geometry":{"type":"MultiPolygon","coordinates":[[[[53.89468002319336,16.87187385559082],[54.070377349853516,17.257600784301758],[54.29164123535156,17.257600784301758],[54.49858474731445,17.06473731994629],[54.27265930175781,17.000450134277344],[54.19893264770508,17.000450134277344],[53.89468002319336,16.87187385559082]]],[[[59.00082778930664,20.664819717407227],[58.97935485839844,20.40767478942871],[58.81501007080078,20.214815139770508],[58.666770935058594,20.214815139770508],[58.76761245727539,20.53624725341797],[58.772953033447266,20.60053253173828],[59.00082778930664,20.664819717407227]]],[[[58.811527252197266,23.622013092041016],[59.08000183105469,23.30057144165039],[59.0682487487793,23.171995162963867],[59.280067443847656,23.043420791625977],[59.2684440612793,22.914846420288086],[59.543212890625,22.657697677612305],[59.903873443603516,22.529123306274414],[59.864044189453125,22.079116821289062],[59.436954498291016,21.43625259399414],[58.799705505371094,20.921964645385742],[58.5291748046875,20.343387603759766],[58.30677032470703,20.343387603759766],[58.24849319458008,20.53624725341797],[58.03127670288086,20.60053253173828],[57.97814178466797,20.857677459716797],[57.760780334472656,20.921964645385742],[57.85076141357422,21.114822387695312],[57.341129302978516,22.143402099609375],[56.453956604003906,22.20768928527832],[55.694705963134766,22.014829635620117],[55.2949333190918,22.59341049194336],[55.3001594543457,22.657697677612305],[55.35348129272461,23.30057144165039],[55.61030197143555,23.68630027770996],[55.558345794677734,23.943456649780273],[55.70759963989258,23.943456649780273],[55.71334457397461,24.00774574279785],[56.0177001953125,24.07203483581543],[55.823150634765625,24.393482208251953],[55.865665435791016,24.843517303466797],[56.027706146240234,24.97209930419922],[56.08375549316406,24.779226303100586],[56.23326873779297,24.779226303100586],[56.401641845703125,24.97209930419922],[56.4764289855957,24.97209930419922],[56.78811264038086,24.329193115234375],[57.06272888183594,24.07203483581543],[57.355316162109375,24.00774574279785],[57.34935760498047,23.943456649780273],[58.811527252197266,23.622013092041016]]],[[[56.392086029052734,25.615020751953125],[56.249000549316406,25.67931365966797],[56.28312683105469,26.000778198242188],[56.06513595581055,26.06507110595703],[56.072078704833984,26.129364013671875],[56.32533645629883,26.386537551879883],[56.47541046142578,26.386537551879883],[56.53614807128906,26.257951736450195],[56.52906036376953,26.19365882873535],[56.39881896972656,25.67931365966797],[56.392086029052734,25.615020751953125]]],[[[47.85165023803711,29.40805435180664],[48.078643798828125,29.40805435180664],[48.21538543701172,29.279497146606445],[48.19374465942383,29.08665657043457],[48.3234977722168,28.893810272216797],[48.3164176940918,28.829526901245117],[47.863216400146484,28.829526901245117],[47.444862365722656,29.150936126708984],[47.48051834106445,29.472333908081055],[47.66110610961914,29.729440689086914],[48.36544418334961,29.922264099121094],[48.357852935791016,29.857990264892578],[48.40353012084961,29.600887298583984],[47.8662223815918,29.536611557006836],[47.85165023803711,29.40805435180664]]]]}},{"type":"Feature","properties":{"Name":"French Third Republic","FromYear":1900,"ToYear":1904,"Area":4488203.128163913,"Type":"POLITY","Wikipedia":"French Africa","Wikidata":"Q19951607","SeshatID":"fr_france_modern_1","Components":"","MemberOf":"(French Third Republic)","DISPLAY_NAME":"French Third Republic · French Africa","ADMIN_NAME":"French Third Republic","TERRITORIAL_STATUS":"colony","TERRITORIAL_STATUS_ZH":"殖民地（计入宗主国）","POLICY_NOTE":"殖民地按本项目口径计入宗主国领土","SOURCE_NAME":"French Africa","WIKIPEDIA_URL":"https://en.wikipedia.org/wiki/French_Africa","WIKIDATA_URL":"https://www.wikidata.org/wiki/Q19951607","SESHAT_URL":"https://seshat-db.com/core/polity/fr_france_modern_1","DATA_SOURCE":"ClioPatria ad28a691","LEADER":"领导人资料待补充","LEADER_SOURCE_URL":""},"geometry":{"type":"MultiPolygon","coordinates":[[[[23.566953659057617,8.771627426147461],[24.076921463012695,8.707340240478516],[24.22038459777832,8.578764915466309],[24.146059036254883,8.514476776123047],[24.213891983032227,8.25732707977295],[24.723649978637695,8.193038940429688],[24.937376022338867,7.935888767242432],[25.226688385009766,7.807313442230225],[25.218721389770508,7.421587944030762],[25.79710578918457,7.164437294006348],[26.083538055419922,6.907287120819092],[26.08084487915039,6.778711795806885],[26.296966552734375,6.650136470794678],[26.290231704711914,6.328698635101318],[26.504953384399414,6.135835647583008],[26.502262115478516,6.007260322570801],[27.22317886352539,5.62153434753418],[27.215042114257812,5.235808849334717],[26.846609115600586,5.042945861816406],[26.409351348876953,5.042945861816406],[26.26624298095703,5.171521186828613],[25.394269943237305,5.300096035003662],[25.243330001831055,5.042945861816406],[24.949260711669922,4.914370536804199],[24.29593849182129,5.042945861816406],[24.22054100036621,4.914370536804199],[23.33989715576172,4.592932224273682],[22.760662078857422,4.785795211791992],[22.457063674926758,4.142918586730957],[22.310155868530273,4.078630924224854],[21.80381965637207,4.271493911743164],[20.567659378051758,4.400069236755371],[20.139705657958984,4.914370536804199],[19.705862045288086,5.10723352432251],[19.268592834472656,5.10723352432251],[18.824682235717773,4.721507549285889],[18.747371673583984,4.464356899261475],[18.52657699584961,4.335781574249268],[18.579145431518555,3.178604364395142],[18.0556697845459,2.407152891159058],[17.971233367919922,1.76427698135376],[18.0428524017334,1.699989318847656],[17.813817977905273,1.121401190757751],[17.873321533203125,0.414238125085831],[17.64887046813965,0.092800483107567],[17.66450309753418,-0.421499729156494],[17.520097732543945,-0.67864990234375],[17.229829788208008,-0.871512532234192],[17.230398178100586,-1.00008761882782],[16.722021102905273,-1.257237911224365],[16.433595657348633,-1.900113701820374],[16.143207550048828,-2.092976570129395],[16.072528839111328,-2.607277393341064],[16.145339965820312,-2.607277393341064],[16.147998809814453,-3.250153541564941],[15.859294891357422,-3.893029928207397],[15.641023635864258,-3.957317352294922],[15.350887298583984,-4.278755664825439],[15.205182075500488,-4.278755664825439],[14.914715766906738,-4.535906314849854],[14.915185928344727,-4.664481639862061],[14.551765441894531,-4.921631813049316],[14.332929611206055,-4.857344150543213],[14.331172943115234,-4.343043327331543],[13.748747825622559,-4.47161865234375],[13.458487510681152,-4.857344150543213],[13.239876747131348,-4.857344150543213],[13.093583106994629,-4.664481639862061],[12.947854042053223,-4.664481639862061],[12.6556978225708,-4.407330989837646],[11.928659439086914,-5.050207138061523],[11.855782508850098,-5.050207138061523],[11.709745407104492,-4.921631813049316],[11.489850997924805,-4.343043327331543],[10.83321762084961,-3.893029928207397],[10.394654273986816,-3.185865879058838],[9.373335838317871,-2.350126981735229],[9.226644515991211,-1.900113701820374],[9.080726623535156,-1.771538615226746],[9.153019905090332,-1.578675746917725],[8.93447494506836,-1.514388203620911],[8.933778762817383,-1.257237911224365],[8.641728401184082,-0.935800075531006],[8.713746070861816,-0.67864990234375],[8.932085990905762,-0.67864990234375],[9.149606704711914,-0.421499729156494],[9.137816429138184,0.285663068294525],[9.572155952453613,0.15708801150322],[9.141240119934082,0.478525668382645],[9.217402458190918,0.671388268470764],[9.435741424560547,0.671388268470764],[9.440199851989746,0.928538501262665],[9.441303253173828,0.992826044559479],[9.94968032836914,0.928538501262665],[11.116446495056152,1.057113647460938],[11.189230918884277,1.057113647460938],[11.271918296813965,1.635701775550842],[11.20765209197998,2.150002479553223],[11.355353355407715,2.27857780456543],[12.520223617553711,2.27857780456543],[13.24610710144043,2.150002479553223],[14.556543350219727,2.150002479553223],[14.990005493164062,1.957139730453491],[15.644059181213379,1.892852187156677],[15.786234855651855,1.699989318847656],[16.005762100219727,1.76427698135376],[16.08988380432129,2.407152891159058],[16.02594566345215,2.921453714370728],[15.810763359069824,3.114316701889038],[15.520553588867188,3.178604364395142],[15.380249977111816,3.50004243850708],[15.09312629699707,3.757192850112915],[15.098320960998535,4.078630924224854],[14.670328140258789,4.657219886779785],[14.676270484924316,5.042945861816406],[14.532469749450684,5.171521186828613],[14.614980697631836,5.81439733505249],[14.398153305053711,5.942972660064697],[14.401887893676758,6.200123310089111],[14.474806785583496,6.200123310089111],[14.6954345703125,6.328698635101318],[15.146060943603516,7.228724956512451],[15.441617965698242,7.485875606536865],[15.806485176086426,7.485875606536865],[16.320171356201172,7.678738594055176],[16.469968795776367,7.935888767242432],[16.61595916748047,7.935888767242432],[16.684112548828125,7.614450931549072],[16.90304946899414,7.614450931549072],[16.977994918823242,7.743025779724121],[17.565893173217773,8.000176429748535],[18.515911102294922,8.06446361541748],[18.960275650024414,8.450189590454102],[19.03753662109375,8.707340240478516],[18.820528030395508,8.835914611816406],[18.89566993713379,8.964489936828613],[20.066661834716797,9.09306526184082],[20.58144760131836,9.285927772521973],[20.952539443969727,9.607365608215332],[20.954843521118164,9.735940933227539],[21.622203826904297,10.250240325927734],[21.702529907226562,10.635965347290039],[22.219520568847656,10.893115997314453],[22.292686462402344,10.893115997314453],[22.87929916381836,10.957403182983398],[22.948627471923828,10.764540672302246],[23.165523529052734,10.635965347290039],[23.16295051574707,10.507390975952148],[23.451618194580078,10.314528465270996],[23.72848892211914,9.543078422546387],[23.72719383239746,9.478790283203125],[23.50156021118164,9.157352447509766],[23.566953659057617,8.771627426147461]]],[[[3.633700609207153,10.314528465270996],[3.706018924713135,10.057377815246582],[3.559149742126465,9.86451530456543],[3.412948131561279,9.86451530456543],[3.117725372314453,9.09306526184082],[3.044669389724731,9.09306526184082],[2.751929998397827,8.964489936828613],[2.745050668716431,7.614450931549072],[2.818030118942261,7.614450931549072],[2.73602032661438,6.328698635101318],[2.663097143173218,6.328698635101318],[1.859966158866882,6.200123310089111],[1.787047982215881,6.200123310089111],[1.57152271270752,6.650136470794678],[1.656200885772705,8.964489936828613],[1.437975764274597,9.285927772521973],[1.366227030754089,9.928803443908691],[0.854804277420044,10.314528465270996],[0.927925407886505,11.021690368652344],[1.001100897789001,11.021690368652344],[1.439951062202454,11.47170352935791],[2.025606870651245,11.47170352935791],[2.318400859832764,11.728853225708008],[2.391306638717651,12.24315357208252],[2.684263706207275,12.37172794342041],[2.757538080215454,12.37172794342041],[3.123961210250854,12.178865432739258],[3.270430326461792,11.92171573638916],[3.636523246765137,11.793140411376953],[3.636461734771729,11.728853225708008],[3.56277871131897,11.343128204345703],[3.782027721405029,11.15026569366455],[3.781491041183472,10.893115997314453],[3.78134298324585,10.828827857971191],[3.85450553894043,10.828827857971191],[3.853475093841553,10.443102836608887],[3.633700609207153,10.314528465270996]]],[[[-12.477396965026855,15.457538604736328],[-12.473990440368652,15.328963279724121],[-12.023077011108398,14.943235397338867],[-11.802569389343262,14.943235397338867],[-11.805700302124023,15.07181167602539],[-11.583601951599121,15.007523536682129],[-10.779487609863281,15.200387001037598],[-9.006892204284668,14.81466007232666],[-8.271997451782227,14.81466007232666],[-7.174245357513428,15.07181167602539],[-6.659639358520508,15.07181167602539],[-6.367794990539551,15.200387001037598],[-6.370052814483643,15.328963279724121],[-6.148314476013184,15.26467514038086],[-5.562168121337891,15.393251419067383],[-5.637900829315186,15.52182674407959],[-5.197597980499268,15.586114883422852],[-4.908662796020508,15.907554626464844],[-4.105281352996826,16.293283462524414],[-3.7423255443573,16.614723205566406],[-3.376015424728394,16.743297576904297],[-2.711770534515381,16.67901039123535],[-2.483289480209351,16.16470718383789],[-2.479777336120605,15.907554626464844],[-2.624393463134766,15.714691162109375],[-2.546696901321411,15.393251419067383],[-2.693793058395386,15.393251419067383],[-2.761036396026611,14.878947257995605],[-2.979994773864746,14.750371932983398],[-3.195234537124634,14.300357818603516],[-3.849642992019653,13.721768379211426],[-3.992383480072021,13.336042404174805],[-4.211137294769287,13.207467079162598],[-4.134123802185059,12.821741104125977],[-4.426170825958252,12.69316577911377],[-4.351162433624268,12.500303268432617],[-4.422273635864258,12.24315357208252],[-4.713222026824951,11.986002922058105],[-5.298102378845215,11.857428550720215],[-5.147765159606934,11.343128204345703],[-5.438344478607178,11.021690368652344],[-5.363206386566162,10.7002534866333],[-5.436359882354736,10.7002534866333],[-5.434601783752441,10.378815650939941],[-4.994929790496826,10.185953140258789],[-4.920783042907715,9.928803443908691],[-4.700825214385986,9.735940933227539],[-4.335012912750244,9.607365608215332],[-4.116438865661621,9.86451530456543],[-3.897316217422485,9.928803443908691],[-3.239373207092285,9.928803443908691],[-2.873397588729858,9.671652793884277],[-2.800064563751221,9.478790283203125],[-2.726986646652222,9.478790283203125],[-2.653759002685547,9.285927772521973],[-2.726825475692749,9.285927772521973],[-2.726715087890625,8.964489936828613],[-2.507708787918091,8.643052101135254],[-2.508231639862061,8.193038940429688],[-2.874063730239868,7.743025779724121],[-2.87452220916748,7.550163269042969],[-3.020807981491089,7.421587944030762],[-3.241532325744629,6.842999458312988],[-3.171709775924683,6.135835647583008],[-3.026559114456177,6.007260322570801],[-2.955893516540527,5.62153434753418],[-2.738029479980469,5.492959022521973],[-2.739772319793701,5.235808849334717],[-2.959325551986694,5.10723352432251],[-2.960261583328247,4.978658199310303],[-3.033135890960693,4.978658199310303],[-3.177960634231567,5.10723352432251],[-3.688109636306763,5.10723352432251],[-3.978779077529907,5.235808849334717],[-4.634724140167236,5.235808849334717],[-4.708407402038574,5.10723352432251],[-5.2910475730896,5.171521186828613],[-5.291830539703369,5.042945861816406],[-5.87484073638916,5.042945861816406],[-7.48237133026123,4.335781574249268],[-7.555225372314453,4.335781574249268],[-7.62455415725708,4.914370536804199],[-7.403665542602539,5.364383697509766],[-7.402568817138672,5.62153434753418],[-7.983836650848389,6.264410972595215],[-8.566877365112305,6.457273483276367],[-8.274633407592773,6.971574783325195],[-8.420724868774414,7.550163269042969],[-8.71280288696289,7.678738594055176],[-8.858329772949219,7.293012619018555],[-9.223098754882812,7.228724956512451],[-9.44219970703125,7.421587944030762],[-9.370221138000488,7.935888767242432],[-9.517651557922363,8.385902404785156],[-9.664202690124512,8.514476776123047],[-10.24810791015625,8.450189590454102],[-10.685644149780273,8.321614265441895],[-10.540809631347656,8.578764915466309],[-10.542537689208984,8.900202751159668],[-10.689813613891602,9.09306526184082],[-10.692002296447754,9.41450309753418],[-10.838627815246582,9.478790283203125],[-10.913736343383789,9.735940933227539],[-11.281484603881836,9.993090629577637],[-11.939462661743164,9.993090629577637],[-12.084430694580078,9.86451530456543],[-12.449934959411621,9.86451530456543],[-12.882011413574219,9.157352447509766],[-13.319286346435547,9.028778076171875],[-13.31982135772705,9.09306526184082],[-13.32149600982666,9.285927772521973],[-13.467629432678223,9.285927772521973],[-13.76574993133545,9.86451530456543],[-13.911952018737793,9.86451530456543],[-14.060364723205566,10.057377815246582],[-14.575383186340332,10.314528465270996],[-14.6537504196167,10.7002534866333],[-14.800058364868164,10.7002534866333],[-14.803834915161133,10.957403182983398],[-14.877005577087402,10.957403182983398],[-14.950177192687988,10.957403182983398],[-14.809881210327148,11.343128204345703],[-14.593442916870117,11.535990715026855],[-13.863401412963867,11.664566040039062],[-13.720138549804688,11.857428550720215],[-13.721223831176758,11.92171573638916],[-13.8699312210083,12.050291061401367],[-13.873369216918945,12.24315357208252],[-13.582629203796387,12.37172794342041],[-13.587417602539062,12.628878593444824],[-15.346488952636719,12.628878593444824],[-15.562348365783691,12.436016082763672],[-16.22186279296875,12.436016082763672],[-16.65877342224121,12.307440757751465],[-16.73204231262207,12.307440757751465],[-16.821340560913086,13.014603614807129],[-16.748014450073242,13.014603614807129],[-16.749553680419922,13.07889175415039],[-15.871064186096191,13.143178939819336],[-15.725882530212402,13.207467079162598],[-15.728910446166992,13.336042404174805],[-15.362143516540527,13.336042404174805],[-15.146598815917969,13.528904914855957],[-14.926488876342773,13.528904914855957],[-14.25903606414795,13.207467079162598],[-14.039009094238281,13.207467079162598],[-13.749756813049316,13.40032958984375],[-13.825939178466797,13.528904914855957],[-14.264707565307617,13.464617729187012],[-14.782773971557617,13.657480239868164],[-14.859247207641602,13.786055564880371],[-15.226210594177246,13.786055564880371],[-15.515010833740234,13.593193054199219],[-15.88029956817627,13.528904914855957],[-16.542268753051758,13.593193054199219],[-16.54392433166504,13.657480239868164],[-16.62067222595215,13.786055564880371],[-16.767457962036133,13.786055564880371],[-16.7744197845459,14.043206214904785],[-17.007564544677734,14.493220329284668],[-17.23375701904297,14.686083793640137],[-17.454187393188477,14.686083793640137],[-17.45818328857422,14.81466007232666],[-17.094730377197266,14.943235397338867],[-17.02732276916504,15.136098861694336],[-16.81085968017578,15.26467514038086],[-16.535690307617188,15.843266487121582],[-16.551259994506836,16.293283462524414],[-16.348773956298828,16.807586669921875],[-16.19902992248535,16.743297576904297],[-15.9088773727417,16.87187385559082],[-15.540326118469238,16.87187385559082],[-15.178592681884766,17.06473731994629],[-14.439057350158691,17.000450134277344],[-13.992412567138672,16.87187385559082],[-13.912371635437012,16.67901039123535],[-13.016307830810547,16.293283462524414],[-13.014383316040039,16.228994369506836],[-13.088020324707031,16.228994369506836],[-13.00309944152832,15.843266487121582],[-12.477396965026855,15.457538604736328]]],[[[42.0477180480957,10.893115997314453],[41.830623626708984,10.957403182983398],[41.8602294921875,11.728853225708008],[42.4015998840332,12.436016082763672],[42.76530075073242,12.37172794342041],[42.99604415893555,12.628878593444824],[43.21870422363281,12.69316577911377],[43.2159309387207,12.628878593444824],[43.49530792236328,12.307440757751465],[43.48179626464844,11.986002922058105],[42.81216049194336,11.728853225708008],[42.73379135131836,11.6002779006958],[43.24630355834961,11.6002779006958],[43.24113845825195,11.47170352935791],[43.23857116699219,11.407415390014648],[42.85749435424805,11.021690368652344],[42.34526824951172,11.021690368652344],[42.0477180480957,10.893115997314453]]],[[[15.889759063720703,13.593193054199219],[15.88805866241455,13.464617729187012],[16.540258407592773,12.886029243469238],[16.60637855529785,12.37172794342041],[17.041383743286133,12.050291061401367],[17.03952980041504,11.92171573638916],[17.40097427368164,11.6002779006958],[17.547407150268555,11.6002779006958],[17.83146858215332,11.021690368652344],[17.827556610107422,10.764540672302246],[17.754398345947266,10.764540672302246],[17.75244903564453,10.635965347290039],[17.605182647705078,10.571678161621094],[17.6763858795166,10.443102836608887],[17.38479232788086,10.507390975952148],[16.795969009399414,10.250240325927734],[16.794116973876953,10.121665954589844],[16.57476806640625,10.121665954589844],[16.501651763916016,10.121665954589844],[15.036818504333496,9.928803443908691],[14.965373039245605,10.057377815246582],[14.237383842468262,10.314528465270996],[13.806816101074219,11.021690368652344],[13.889492988586426,11.857428550720215],[13.81625747680664,11.857428550720215],[13.824073791503906,12.564591407775879],[13.536355972290039,13.07889175415039],[13.245640754699707,13.336042404174805],[12.806138038635254,13.40032958984375],[12.58365249633789,13.143178939819336],[12.143057823181152,13.07889175415039],[11.851381301879883,13.271754264831543],[10.752090454101562,13.40032958984375],[10.752551078796387,13.464617729187012],[10.981362342834473,14.686083793640137],[11.426970481872559,15.328963279724121],[12.017375946044922,15.586114883422852],[12.973158836364746,15.52182674407959],[13.851774215698242,15.136098861694336],[13.999518394470215,15.200387001037598],[14.143720626831055,14.943235397338867],[14.217222213745117,14.943235397338867],[14.871766090393066,14.364645004272461],[14.945211410522461,14.364645004272461],[15.889759063720703,13.593193054199219]]],[[[-3.846963405609131,13.464617729187012],[-3.846315622329712,13.40032958984375],[-3.919674634933472,13.40032958984375],[-3.92032790184021,13.464617729187012],[-3.846963405609131,13.464617729187012]]],[[[11.082771301269531,35.00096893310547],[10.85119342803955,34.93662643432617],[10.851213455200195,34.80794906616211],[10.543014526367188,34.55062484741211],[10.004497528076172,34.2933349609375],[10.081672668457031,34.22901916503906],[10.005777359008789,33.90746307373047],[10.23681354522705,33.71455001831055],[10.544031143188477,33.71455001831055],[10.697741508483887,33.52165222167969],[11.081541061401367,33.5859489440918],[11.157825469970703,33.20018768310547],[11.464286804199219,33.13589859008789],[11.540922164916992,33.13589859008789],[11.539381980895996,32.557350158691406],[11.615853309631348,32.557350158691406],[11.538878440856934,32.36451721191406],[11.003870010375977,32.23596954345703],[10.469846725463867,31.7217960357666],[10.165175437927246,31.593257904052734],[10.318992614746094,30.822044372558594],[9.940349578857422,30.372163772583008],[9.410012245178223,30.179353713989258],[9.410943984985352,29.986536026000977],[9.4112548828125,29.922264099121094],[8.506240844726562,29.34377670288086],[8.354940414428711,29.34377670288086],[7.979628562927246,29.022375106811523],[7.828474998474121,29.022375106811523],[7.379186153411865,28.636676788330078],[6.850748062133789,28.636676788330078],[6.028728008270264,28.058101654052734],[4.230945110321045,27.4794979095459],[3.560265779495239,27.158044815063477],[3.334716558456421,27.158044815063477],[3.187060594558716,27.029460906982422],[2.961587190628052,27.029460906982422],[2.442787408828735,26.70800018310547],[1.618311405181885,26.643707275390625],[1.314716815948486,26.772293090820312],[-0.493710070848465,26.96516990661621],[-1.182590007781982,27.35091781616211],[-1.193309545516968,27.6723690032959],[-1.268596053123474,27.6723690032959],[-1.295392155647278,28.44382095336914],[-1.219943046569824,28.44382095336914],[-1.313979029655457,28.958093643188477],[-1.162853956222534,28.958093643188477],[-0.983693659305573,30.243623733520508],[-0.907829463481903,30.243623733520508],[-0.950782835483551,31.336183547973633],[-1.11368727684021,31.593257904052734],[-1.127174496650696,31.91460609436035],[-1.285293340682983,32.043148040771484],[-1.214496254920959,32.171695709228516],[-1.296466112136841,32.30024337768555],[-1.072803139686584,32.428794860839844],[-1.081177830696106,32.62162780761719],[-1.472355008125305,32.81447219848633],[-1.649446129798889,33.32876968383789],[-1.652490973472595,33.393062591552734],[-1.578816890716553,33.45735549926758],[-1.683483719825745,34.03607940673828],[-1.612862586975098,34.164703369140625],[-1.689801573753357,34.164703369140625],[-1.715473294258118,34.679283142089844],[-2.114432096481323,34.93662643432617],[-2.121232748031616,35.065311431884766],[-2.044016122817993,35.065311431884766],[-1.358735799789429,35.258358001708984],[-1.136477708816528,35.45143127441406],[-1.223541498184204,35.644527435302734],[-1.065529465675354,35.58015823364258],[-0.917115688323975,35.708900451660156],[-0.530006587505341,35.708900451660156],[-0.458719998598099,35.837650299072266],[0.083524890244007,35.837650299072266],[0.376142233610153,36.2239875793457],[0.683685302734375,36.28839111328125],[0.678023815155029,36.417205810546875],[0.913757801055908,36.3527946472168],[1.216211557388306,36.5460319519043],[1.529616475105286,36.48161697387695],[2.376901149749756,36.67487716674805],[2.690169095993042,36.61045455932617],[2.841080188751221,36.73930740356445],[3.229894161224365,36.73930740356445],[3.458978891372681,36.8681755065918],[3.850007295608521,36.80373764038086],[4.235154151916504,36.932613372802734],[4.859498500823975,36.8681755065918],[5.097836971282959,36.67487716674805],[5.56428337097168,36.67487716674805],[5.639055728912354,36.80373764038086],[6.105763912200928,36.80373764038086],[6.103042125701904,36.932613372802734],[6.333924293518066,37.06150817871094],[6.804664611816406,36.8681755065918],[7.193697929382324,36.8681755065918],[7.346271514892578,37.06150817871094],[7.658689975738525,36.9970588684082],[7.738344192504883,36.8681755065918],[8.516410827636719,36.8681755065918],[8.903155326843262,37.12596130371094],[9.05947494506836,37.06150817871094],[9.603086471557617,37.3193473815918],[9.993423461914062,37.1904182434082],[10.226980209350586,37.254878997802734],[10.227567672729492,37.06150817871094],[10.305440902709961,37.06150817871094],[10.228352546691895,36.80373764038086],[10.461837768554688,36.73930740356445],[11.006271362304688,36.9970588684082],[11.006199836730957,36.80373764038086],[10.462488174438477,36.417205810546875],[10.540250778198242,36.3527946472168],[10.463515281677246,35.902034759521484],[10.851000785827637,35.708900451660156],[10.851019859313965,35.644527435302734],[11.08318042755127,35.58015823364258],[11.083049774169922,35.38706970214844],[11.005731582641602,35.38706970214844],[11.082771301269531,35.00096893310547]]],[[[50.15726852416992,-14.757633209228516],[50.398712158203125,-15.14336109161377],[50.42414474487305,-15.593376159667969],[50.22584915161133,-15.979104042053223],[49.9314079284668,-15.979104042053223],[49.758392333984375,-15.529088973999023],[49.607669830322266,-15.464800834655762],[49.55594253540039,-15.850528717041016],[49.71809005737305,-16.10767936706543],[49.75656509399414,-16.750560760498047],[49.62094497680664,-16.943424224853516],[49.473506927490234,-16.943424224853516],[49.34577941894531,-17.264863967895508],[49.45573043823242,-17.84345245361328],[49.3243293762207,-18.100603103637695],[49.3406867980957,-18.35775375366211],[48.94633865356445,-19.129201889038086],[48.90104293823242,-19.57921028137207],[48.69929885864258,-19.900644302368164],[48.719642639160156,-20.222076416015625],[48.51344680786133,-20.47922134399414],[48.3435173034668,-21.31494140625],[48.07908248901367,-21.82923126220703],[48.09147644042969,-22.022090911865234],[47.9510612487793,-22.150665283203125],[47.77859115600586,-22.922107696533203],[47.7041130065918,-22.922107696533203],[47.72151184082031,-23.179258346557617],[47.4635009765625,-23.757850646972656],[47.4166145324707,-24.143585205078125],[47.21153259277344,-24.400745391845703],[47.16598129272461,-24.786487579345703],[46.966697692871094,-25.10794448852539],[46.67759704589844,-25.236528396606445],[46.07894515991211,-25.236528396606445],[45.510433197021484,-25.622283935546875],[44.986148834228516,-25.622283935546875],[44.66682434082031,-25.365114212036133],[44.29255676269531,-25.365114212036133],[43.81547546386719,-24.979360580444336],[43.713863372802734,-24.593616485595703],[43.47248458862305,-24.336454391479492],[43.43121337890625,-23.69356346130371],[43.564430236816406,-23.43640899658203],[43.411407470703125,-23.372121810913086],[43.39591598510742,-23.11496925354004],[43.161048889160156,-22.922107696533203],[43.03547286987305,-22.022090911865234],[43.31147384643555,-21.63637351989746],[43.297367095947266,-21.379228591918945],[43.4388542175293,-21.250656127929688],[43.6616096496582,-21.250656127929688],[43.71464157104492,-20.864938735961914],[43.91600036621094,-20.47922134399414],[44.3358154296875,-20.029216766357422],[44.25455093383789,-19.900644302368164],[44.29985046386719,-19.386350631713867],[44.144657135009766,-19.257776260375977],[44.11962127685547,-18.80776596069336],[43.87657928466797,-18.422040939331055],[43.75056838989258,-17.457727432250977],[44.36663818359375,-16.557695388793945],[44.27314376831055,-16.171968460083008],[44.7885627746582,-16.171968460083008],[45.0698356628418,-15.914815902709961],[45.2939567565918,-15.979104042053223],[45.51145553588867,-15.914815902709961],[45.50483322143555,-15.786240577697754],[46.16379165649414,-15.721952438354492],[46.157142639160156,-15.593376159667969],[46.44478225708008,-15.464800834655762],[46.58203125,-15.271936416625977],[46.94970703125,-15.271936416625977],[46.93991470336914,-15.079072952270508],[47.22427749633789,-14.886209487915039],[47.214759826660156,-14.69334602355957],[47.4351921081543,-14.69334602355957],[47.515045166015625,-14.821921348571777],[47.5086669921875,-14.69334602355957],[47.65245056152344,-14.629057884216309],[47.563438415527344,-14.307619094848633],[47.8480339050293,-14.114755630493164],[47.74816131591797,-13.536166191101074],[47.89204025268555,-13.471879005432129],[48.197139739990234,-13.729029655456543],[48.188385009765625,-13.536166191101074],[48.61991500854492,-13.343303680419922],[48.81470489501953,-12.764715194702148],[48.65470504760742,-12.443277359008789],[49.01319885253906,-12.250414848327637],[49.00288009643555,-11.993265151977539],[49.29843521118164,-12.057552337646484],[49.544986724853516,-12.700428009033203],[49.770484924316406,-12.82900333404541],[50.01962661743164,-13.471879005432129],[50.03492736816406,-13.793316841125488],[50.038047790527344,-13.85760498046875],[50.111446380615234,-13.85760498046875],[50.15726852416992,-14.757633209228516]]],[[[49.91581726074219,-16.943424224853516],[49.77631759643555,-17.07200050354004],[49.70258331298828,-17.07200050354004],[49.75656509399414,-16.750560760498047],[49.90395736694336,-16.750560760498047],[49.91581726074219,-16.943424224853516]]],[[[48.035919189453125,-13.407590866088867],[48.10361099243164,-13.279016494750977],[48.100807189941406,-13.214728355407715],[48.247493743896484,-13.214728355407715],[48.25886535644531,-13.471879005432129],[48.035919189453125,-13.407590866088867]]],[[[45.1494255065918,-12.764715194702148],[45.086097717285156,-13.021865844726562],[45.01277160644531,-13.021865844726562],[44.9394416809082,-13.021865844726562],[44.92706298828125,-12.700428009033203],[45.1494255065918,-12.764715194702148]]],[[[43.738128662109375,-12.250414848327637],[43.7426643371582,-12.378990173339844],[43.74495315551758,-12.443277359008789],[43.5228385925293,-12.378990173339844],[43.518333435058594,-12.250414848327637],[43.738128662109375,-12.250414848327637]]],[[[44.477752685546875,-12.443277359008789],[44.40447235107422,-12.443277359008789],[44.33119201660156,-12.443277359008789],[44.175437927246094,-12.186127662658691],[44.46847915649414,-12.186127662658691],[44.477752685546875,-12.443277359008789]]],[[[43.122318267822266,-11.35038948059082],[43.341915130615234,-11.35038948059082],[43.3608283996582,-11.928977012634277],[43.21220397949219,-11.864689826965332],[43.13896560668945,-11.864689826965332],[43.05732345581055,-11.607540130615234],[43.13053894042969,-11.607540130615234],[43.122318267822266,-11.35038948059082]]]]}},{"type":"Feature","properties":{"Name":"Sultanate of Terengganu","FromYear":1900,"ToYear":1904,"Area":14423.903518576788,"Type":"POLITY","Wikipedia":"Sultan of Terengganu","Wikidata":"Q5769444","SeshatID":"","Components":"","MemberOf":"","DISPLAY_NAME":"Sultanate of Terengganu","ADMIN_NAME":"Sultanate of Terengganu","TERRITORIAL_STATUS":"sovereign","TERRITORIAL_STATUS_ZH":"独立政治实体","POLICY_NOTE":"按 ClioPatria 目标年份记录的实际控制几何显示","SOURCE_NAME":"Sultanate of Terengganu","WIKIPEDIA_URL":"https://en.wikipedia.org/wiki/Sultan_of_Terengganu","WIKIDATA_URL":"https://www.wikidata.org/wiki/Q5769444","SESHAT_URL":"","DATA_SOURCE":"ClioPatria ad28a691","LEADER":"领导人资料待补充","LEADER_SOURCE_URL":""},"geometry":{"type":"Polygon","coordinates":[[[103.47457122802734,4.335781574249268],[103.47127532958984,4.271493911743164],[103.4679946899414,4.207206249237061],[103.3951416015625,4.207206249237061],[103.25271606445312,4.271493911743164],[103.17012023925781,4.078630924224854],[103.02442169189453,4.078630924224854],[102.81559753417969,4.271493911743164],[102.90852355957031,4.657219886779785],[102.7627944946289,4.657219886779785],[102.70027160644531,4.850082874298096],[102.48865509033203,4.978658199310303],[102.36444091796875,5.364383697509766],[102.22233581542969,5.428671360015869],[102.24869537353516,5.878684997558594],[102.40226745605469,6.007260322570801],[102.47518157958984,6.007260322570801],[103.16619873046875,5.364383697509766],[103.47789764404297,4.400069236755371],[103.47457122802734,4.335781574249268]]]}},{"type":"Feature","properties":{"Name":"Kelantan","FromYear":1900,"ToYear":1904,"Area":8210.836784587678,"Type":"POLITY","Wikipedia":"Kelantan","Wikidata":"Q185944","SeshatID":"","Components":"","MemberOf":"","DISPLAY_NAME":"Kelantan","ADMIN_NAME":"Kelantan","TERRITORIAL_STATUS":"sovereign","TERRITORIAL_STATUS_ZH":"独立政治实体","POLICY_NOTE":"按 ClioPatria 目标年份记录的实际控制几何显示","SOURCE_NAME":"Kelantan","WIKIPEDIA_URL":"https://en.wikipedia.org/wiki/Kelantan","WIKIDATA_URL":"https://www.wikidata.org/wiki/Q185944","SESHAT_URL":"","DATA_SOURCE":"ClioPatria ad28a691","LEADER":"领导人资料待补充","LEADER_SOURCE_URL":""},"geometry":{"type":"Polygon","coordinates":[[[102.0534896850586,6.264410972595215],[101.87653350830078,5.750109672546387],[101.7307357788086,5.750109672546387],[101.7777099609375,5.300096035003662],[101.54832458496094,5.10723352432251],[101.53434753417969,4.850082874298096],[101.68704223632812,4.978658199310303],[102.48865509033203,4.978658199310303],[102.36444091796875,5.364383697509766],[102.22233581542969,5.428671360015869],[102.24869537353516,5.878684997558594],[102.40226745605469,6.007260322570801],[102.40618896484375,6.071547985076904],[102.12641143798828,6.264410972595215],[102.0534896850586,6.264410972595215]]]}},{"type":"Feature","properties":{"Name":"Qing Empire","FromYear":1900,"ToYear":1904,"Area":10369188.147735184,"Type":"POLITY","Wikipedia":"Qing dynasty","Wikidata":"Q8733","SeshatID":"cn_qing_dyn_2","Components":"","MemberOf":"","DISPLAY_NAME":"Qing Empire","ADMIN_NAME":"Qing Empire","TERRITORIAL_STATUS":"sovereign","TERRITORIAL_STATUS_ZH":"独立政治实体","POLICY_NOTE":"按 ClioPatria 目标年份记录的实际控制几何显示","SOURCE_NAME":"Qing Dynasty","WIKIPEDIA_URL":"https://en.wikipedia.org/wiki/Qing_dynasty","WIKIDATA_URL":"https://www.wikidata.org/wiki/Q8733","SESHAT_URL":"https://seshat-db.com/core/polity/cn_qing_dyn_2","DATA_SOURCE":"ClioPatria ad28a691","LEADER":"领导人资料待补充","LEADER_SOURCE_URL":""},"geometry":{"type":"MultiPolygon","coordinates":[[[[109.86219787597656,18.350492477416992],[109.84064483642578,18.2219181060791],[109.24968719482422,18.2219181060791],[109.12333679199219,18.350492477416992],[108.76459503173828,18.414779663085938],[108.63818359375,18.543354034423828],[108.70427703857422,19.379087448120117],[109.20277404785156,19.700523376464844],[109.2463607788086,19.95766830444336],[110.15737915039062,20.08624267578125],[110.59095001220703,20.021955490112305],[110.613037109375,20.150527954101562],[110.90947723388672,20.150527954101562],[111.08741760253906,19.893383026123047],[111.03193664550781,19.571949005126953],[110.88386535644531,19.571949005126953],[110.85066986083984,19.379087448120117],[110.68057250976562,19.25051498413086],[110.50775909423828,18.67193031311035],[110.1902847290039,18.543354034423828],[110.1794204711914,18.479066848754883],[109.86219787597656,18.350492477416992]]],[[[122.2725830078125,30.179353713989258],[122.27982330322266,29.986536026000977],[121.97661590576172,29.986536026000977],[122.02213287353516,30.115081787109375],[122.04503631591797,30.179353713989258],[122.2725830078125,30.179353713989258]]],[[[119.38044738769531,39.77294921875],[119.21530151367188,39.320335388183594],[118.98941802978516,39.19107437133789],[118.44984436035156,39.06184005737305],[118.0568618774414,39.06184005737305],[118.04566192626953,39.19107437133789],[117.77603912353516,39.1264533996582],[117.74246978759766,39.06184005737305],[117.6187973022461,39.1264533996582],[117.8774642944336,39.320335388183594],[117.79876708984375,39.320335388183594],[117.6649169921875,39.51427459716797],[117.42859649658203,39.51427459716797],[117.46285247802734,39.57893371582031],[117.49723052978516,39.64360046386719],[117.41841125488281,39.64360046386719],[117.33958435058594,39.64360046386719],[117.30525970458984,39.57893371582031],[117.2264633178711,39.57893371582031],[117.05864715576172,39.70827102661133],[116.88814544677734,39.38497543334961],[117.04558563232422,39.38497543334961],[117.01180267333984,39.320335388183594],[117.09049987792969,39.320335388183594],[117.05682373046875,39.25570297241211],[116.91120147705078,39.1264533996582],[117.2256851196289,39.1264533996582],[117.0804443359375,38.997230529785156],[117.20441436767578,38.93262481689453],[117.13841247558594,38.80344009399414],[117.10558319091797,38.738853454589844],[117.64249420166016,38.8680305480957],[117.60245513916016,38.48057174682617],[118.05360412597656,38.28691864013672],[118.06742095947266,38.157840728759766],[118.58300018310547,38.09331130981445],[118.64759826660156,38.22237777709961],[118.80416870117188,38.22237777709961],[118.77176666259766,38.157840728759766],[119.4571304321289,37.96426773071289],[119.3928451538086,37.835243225097656],[119.23655700683594,37.835243225097656],[118.98403930664062,37.3193473815918],[119.13996124267578,37.3193473815918],[119.15568542480469,37.1904182434082],[119.70111083984375,37.1904182434082],[119.82661437988281,37.44829177856445],[120.20220184326172,37.5772590637207],[120.18807220458984,37.706241607666016],[120.75377655029297,37.89975357055664],[121.11202239990234,37.835243225097656],[121.17103576660156,37.641746520996094],[121.48333740234375,37.641746520996094],[121.49687957763672,37.51277160644531],[121.88703155517578,37.51277160644531],[121.96505737304688,37.51277160644531],[121.9146499633789,37.254878997802734],[122.18048858642578,37.3193473815918],[122.35520935058594,37.51277160644531],[122.43323516845703,37.51277160644531],[122.71288299560547,37.44829177856445],[122.44239044189453,37.06150817871094],[122.56636810302734,36.9970588684082],[122.50314331054688,36.8681755065918],[122.16053771972656,36.80373764038086],[122.14556121826172,36.932613372802734],[121.91207885742188,36.932613372802734],[121.21208190917969,36.61045455932617],[120.97892761230469,36.61045455932617],[120.96481323242188,36.417205810546875],[120.73184967041016,36.417205810546875],[120.70149230957031,36.3527946472168],[120.3133316040039,36.3527946472168],[120.25309753417969,36.2239875793457],[120.1755142211914,36.2239875793457],[120.11569213867188,36.09519577026367],[120.31848907470703,36.03080368041992],[120.25907897949219,35.902034759521484],[119.7734603881836,35.51579284667969],[119.61874389648438,35.51579284667969],[119.22760772705078,34.80794906616211],[119.45901489257812,34.80794906616211],[119.43090057373047,34.743614196777344],[119.71125030517578,34.679283142089844],[119.73230743408203,34.55062484741211],[120.3418197631836,34.3576545715332],[120.48936462402344,34.164703369140625],[120.55045318603516,33.5859489440918],[120.92630004882812,33.20018768310547],[120.91920471191406,32.62162780761719],[121.40264892578125,32.493072509765625],[121.50330352783203,32.171695709228516],[121.9613265991211,31.978878021240234],[121.93677520751953,31.7217960357666],[121.83556365966797,31.65752601623535],[121.96309661865234,31.593257904052734],[121.91353607177734,31.464719772338867],[121.58425903320312,31.40045166015625],[121.73657989501953,31.40045166015625],[121.99526977539062,31.079113006591797],[121.89926147460938,30.822044372558594],[121.51921844482422,30.822044372558594],[121.19719696044922,30.564971923828125],[121.04530334472656,30.564971923828125],[120.67976379394531,30.179353713989258],[120.80880737304688,30.115081787109375],[121.10469055175781,30.307893753051758],[121.48409271240234,30.307893753051758],[121.6202392578125,30.050809860229492],[122.02978515625,29.922264099121094],[121.864501953125,29.665164947509766],[122.01595306396484,29.665164947509766],[121.93843078613281,29.21521759033203],[121.71156311035156,29.21521759033203],[121.74463653564453,29.536611557006836],[121.57134246826172,29.472333908081055],[121.64702606201172,29.472333908081055],[121.53888702392578,29.150936126708984],[121.74431610107422,29.08665657043457],[121.7143325805664,28.765243530273438],[121.52177429199219,28.636676788330078],[121.65211486816406,28.572391510009766],[121.64590454101562,28.315250396728516],[121.15326690673828,28.186676025390625],[121.1933822631836,28.315250396728516],[121.11795806884766,28.315250396728516],[121.03816223144531,28.058101654052734],[120.86773681640625,27.993812561035156],[120.71461486816406,27.736658096313477],[120.65725708007812,27.54378890991211],[120.73251342773438,27.54378890991211],[120.54503631591797,27.158044815063477],[120.39466857910156,27.158044815063477],[120.24666595458984,26.900876998901367],[120.09639739990234,26.900876998901367],[120.06058502197266,26.772293090820312],[120.21080017089844,26.772293090820312],[120.1576919555664,26.57941436767578],[119.83992767333984,26.515121459960938],[119.93810272216797,26.32224464416504],[119.5870132446289,26.129364013671875],[119.77836608886719,26.000778198242188],[119.52989959716797,25.615020751953125],[119.90438079833984,25.615020751953125],[119.87213897705078,25.48643684387207],[119.46599578857422,25.357851028442383],[119.42289733886719,25.48643684387207],[119.27314758300781,25.48643684387207],[119.39114379882812,25.357851028442383],[119.34419250488281,25.164974212646484],[119.02947998046875,25.100683212280273],[119.07367706298828,24.97209930419922],[118.8191146850586,24.843517303466797],[118.75972747802734,24.586353302001953],[118.14736938476562,24.522062301635742],[118.07573699951172,24.200613021850586],[117.72126770019531,23.943456649780273],[117.69377136230469,23.814878463745117],[117.46995544433594,23.814878463745117],[117.1788330078125,23.493436813354492],[116.8938980102539,23.557723999023438],[116.7796401977539,23.36486053466797],[116.81497955322266,23.171995162963867],[116.59144592285156,23.171995162963867],[116.54004669189453,22.914846420288086],[115.69562530517578,22.786272048950195],[115.67061614990234,22.657697677612305],[115.37285614013672,22.657697677612305],[115.17442321777344,22.786272048950195],[114.90156555175781,22.529123306274414],[114.75272369384766,22.529123306274414],[114.64081573486328,22.72198486328125],[114.61614990234375,22.59341049194336],[114.6038818359375,22.529123306274414],[114.31842803955078,22.59341049194336],[113.99634552001953,22.46483612060547],[113.92193603515625,22.46483612060547],[113.78524017333984,22.529123306274414],[113.7474365234375,22.72198486328125],[113.59854125976562,22.72198486328125],[113.69869995117188,22.46483612060547],[113.68661499023438,22.400548934936523],[113.4513931274414,22.33626365661621],[113.41557312011719,22.143402099609375],[113.4037094116211,22.079116821289062],[113.10626220703125,22.079116821289062],[113.07096862792969,21.88625717163086],[112.77362823486328,21.88625717163086],[112.6760025024414,21.7576847076416],[111.85850524902344,21.7576847076416],[111.6640625,21.500539779663086],[110.89862823486328,21.371967315673828],[110.8243637084961,21.371967315673828],[110.6353759765625,21.5648250579834],[110.33821105957031,21.5648250579834],[110.19672393798828,21.179107666015625],[110.40829467773438,21.114822387695312],[110.48252868652344,21.114822387695312],[110.36384582519531,20.857677459716797],[110.61627197265625,20.60053253173828],[110.5720443725586,20.343387603759766],[109.88289642333984,20.214815139770508],[109.9267807006836,20.471960067749023],[109.7894515991211,20.53624725341797],[109.7702407836914,20.857677459716797],[109.69603729248047,20.857677459716797],[109.87005615234375,21.43625259399414],[109.80696105957031,21.500539779663086],[109.11621856689453,21.371967315673828],[109.08638000488281,21.629112243652344],[108.65169525146484,21.693397521972656],[108.55519104003906,21.5648250579834],[108.17271423339844,21.500539779663086],[108.09842681884766,21.500539779663086],[107.97187042236328,21.629112243652344],[107.58939361572266,21.5648250579834],[107.4627456665039,21.693397521972656],[107.10216522216797,21.7576847076416],[106.6590805053711,22.20768928527832],[106.67022705078125,22.271976470947266],[106.70928955078125,22.914846420288086],[106.32543182373047,22.85055923461914],[106.19947814941406,22.97913360595703],[105.75257110595703,22.97913360595703],[105.43790435791016,23.30057144165039],[105.21431732177734,23.30057144165039],[104.95609283447266,23.107707977294922],[104.83610534667969,22.85055923461914],[104.51583099365234,22.72198486328125],[104.15472412109375,22.786272048950195],[104.0359878540039,22.529123306274414],[103.88714599609375,22.529123306274414],[103.77134704589844,22.72198486328125],[103.32465362548828,22.72198486328125],[103.21734619140625,22.529123306274414],[102.91966247558594,22.529123306274414],[102.86701202392578,22.657697677612305],[102.58016967773438,22.72198486328125],[102.15396881103516,22.400548934936523],[101.71820831298828,22.46483612060547],[101.64425659179688,22.014829635620117],[101.87920379638672,21.629112243652344],[101.80736541748047,21.179107666015625],[101.3619155883789,21.179107666015625],[101.31816864013672,21.371967315673828],[101.17981719970703,21.43625259399414],[101.15673828125,21.7576847076416],[100.74431610107422,21.500539779663086],[100.22432708740234,21.500539779663086],[100.03181457519531,21.693397521972656],[100.07260131835938,21.950544357299805],[99.94442749023438,22.079116821289062],[99.28540802001953,22.143402099609375],[99.57035827636719,22.97913360595703],[98.94291687011719,23.236284255981445],[98.87066650390625,23.68630027770996],[98.7326431274414,23.75058937072754],[98.8753662109375,24.136323928833008],[97.64704895019531,23.943456649780273],[97.78995513916016,24.329193115234375],[97.58908081054688,24.457773208618164],[97.64815521240234,24.779226303100586],[97.82181549072266,24.907808303833008],[97.87094116210938,25.164974212646484],[98.13310241699219,25.357851028442383],[98.17144775390625,25.55072784423828],[98.67317199707031,25.807899475097656],[98.83740234375,26.57941436767578],[98.7623291015625,26.57941436767578],[98.81936645507812,26.836584091186523],[98.74424743652344,26.836584091186523],[98.78654479980469,27.35091781616211],[98.56119537353516,27.6723690032959],[98.26004791259766,27.6723690032959],[98.15814971923828,28.186676025390625],[97.70979309082031,28.508106231689453],[97.55886840820312,28.508106231689453],[97.4198989868164,28.25096321105957],[96.86382293701172,28.44382095336914],[96.33567810058594,28.44382095336914],[96.35145568847656,28.508106231689453],[96.38323211669922,28.636676788330078],[96.18873596191406,28.765243530273438],[95.58457946777344,28.765243530273438],[94.76673126220703,28.508106231689453],[94.38845825195312,28.186676025390625],[93.0367660522461,27.54378890991211],[92.105712890625,27.41520881652832],[92.09185028076172,27.35091781616211],[91.66815948486328,27.4794979095459],[91.75271606445312,27.865236282348633],[91.56981658935547,28.058101654052734],[90.43932342529297,28.058101654052734],[90.27063751220703,28.315250396728516],[89.72833251953125,28.25096321105957],[88.94587707519531,27.41520881652832],[88.79541015625,27.41520881652832],[88.95187377929688,27.800947189331055],[88.78125762939453,28.058101654052734],[88.47978973388672,28.058101654052734],[88.13705444335938,27.865236282348633],[87.44561767578125,27.800947189331055],[86.8970947265625,28.058101654052734],[86.28067779541016,27.993812561035156],[86.2323226928711,28.12238883972168],[85.97926330566406,27.993812561035156],[85.745361328125,28.315250396728516],[85.35469818115234,28.25096321105957],[85.15557098388672,28.379535675048828],[85.19670867919922,28.572391510009766],[84.81932067871094,28.572391510009766],[84.4076919555664,28.765243530273438],[84.22280883789062,28.958093643188477],[84.26506042480469,29.150936126708984],[84.14226531982422,29.279497146606445],[83.8397216796875,29.279497146606445],[83.66020965576172,29.150936126708984],[83.44743347167969,29.21521759033203],[83.42857360839844,29.472333908081055],[83.305908203125,29.600887298583984],[82.46930694580078,29.922264099121094],[82.04134368896484,30.372163772583008],[81.58596801757812,30.372163772583008],[81.29988098144531,30.115081787109375],[81.01100158691406,30.179353713989258],[80.8416519165039,30.436433792114258],[80.26356506347656,30.564971923828125],[79.97239685058594,30.950578689575195],[79.4549560546875,31.014846801757812],[79.1644515991211,31.40045166015625],[78.76864624023438,31.336183547973633],[78.7987060546875,31.78606605529785],[78.46499633789062,32.30024337768555],[78.54415130615234,32.62162780761719],[78.62064361572266,32.62162780761719],[78.7131576538086,32.685909271240234],[78.87867736816406,32.428794860839844],[79.10797882080078,32.428794860839844],[79.46202087402344,32.62162780761719],[79.51081085205078,32.81447219848633],[79.33027648925781,33.00732421875],[79.36327362060547,33.13589859008789],[79.08979034423828,33.26447677612305],[78.98632049560547,33.45735549926758],[78.8328628540039,33.45735549926758],[78.9262924194336,33.52165222167969],[78.9848861694336,34.03607940673828],[79.4462890625,34.03607940673828],[79.58578491210938,34.55062484741211],[80.02449798583984,34.743614196777344],[80.17362213134766,35.00096893310547],[80.22421264648438,35.45143127441406],[79.73794555664062,35.644527435302734],[79.44332122802734,35.9664192199707],[78.97828674316406,35.9664192199707],[78.47664642333984,35.837650299072266],[78.42212677001953,35.644527435302734],[78.09453582763672,35.58015823364258],[77.98138427734375,35.45143127441406],[77.51734924316406,35.45143127441406],[77.64811706542969,35.644527435302734],[77.58860778808594,35.708900451660156],[76.92737579345703,35.837650299072266],[76.8081283569336,35.9664192199707],[76.80255126953125,36.2239875793457],[76.27738952636719,36.28839111328125],[76.23583221435547,36.417205810546875],[76.02091979980469,36.48161697387695],[76.00286865234375,36.417205810546875],[75.7826156616211,36.73930740356445],[75.41193389892578,36.80373764038086],[75.31097412109375,36.9970588684082],[74.55056762695312,37.06150817871094],[74.58694458007812,37.1904182434082],[74.91697692871094,37.254878997802734],[75.0504379272461,37.44829177856445],[74.9724349975586,37.44829177856445],[75.0284423828125,37.641746520996094],[74.86949920654297,37.89975357055664],[74.8675537109375,38.157840728759766],[74.78929138183594,38.157840728759766],[74.86648559570312,38.416015625],[74.47406005859375,38.67427444458008],[74.1602554321289,38.67427444458008],[73.96465301513672,38.54513168334961],[73.76799774169922,38.67427444458008],[73.78703308105469,38.997230529785156],[73.61043548583984,39.19107437133789],[73.7104263305664,39.51427459716797],[73.88824462890625,39.57893371582031],[73.93253326416016,39.9670295715332],[74.46929931640625,40.16116714477539],[74.89260864257812,40.4848747253418],[75.18754577636719,40.42012023925781],[75.49051666259766,40.614410400390625],[75.6489486694336,40.614410400390625],[75.64057159423828,40.355369567871094],[75.77702331542969,40.29063034057617],[76.27342987060547,40.355369567871094],[76.45368957519531,40.42012023925781],[76.89373016357422,41.00318908691406],[78.02827453613281,41.06801223754883],[78.77457427978516,41.586883544921875],[80.14240264892578,42.041324615478516],[80.28723907470703,42.82133865356445],[80.47344207763672,42.88639831542969],[80.47109985351562,43.08163070678711],[80.63168334960938,43.08163070678711],[80.79065704345703,43.276947021484375],[80.68252563476562,43.407203674316406],[80.73538970947266,43.53750228881836],[80.35716247558594,43.99384307861328],[80.38319396972656,44.45067596435547],[80.30226135253906,44.45067596435547],[80.41033935546875,44.71194839477539],[79.97791290283203,44.842647552490234],[79.95085144042969,44.973392486572266],[81.38834381103516,45.300437927246094],[81.79508209228516,45.300437927246094],[81.90180206298828,45.169586181640625],[82.55207824707031,45.169586181640625],[82.71826171875,45.36587905883789],[82.31475830078125,45.56227111816406],[83.04255676269531,47.20316696166992],[83.37178039550781,47.20316696166992],[83.34169006347656,47.13737487792969],[83.50623321533203,47.13737487792969],[83.61055755615234,47.005828857421875],[83.93936920166016,47.005828857421875],[83.90924072265625,46.94007873535156],[85.14179229736328,46.94007873535156],[85.67636108398438,47.20316696166992],[85.73870849609375,47.33478927612305],[85.55406188964844,47.46647262573242],[85.61689758300781,47.598209381103516],[85.46395874023438,47.79592514038086],[85.63751220703125,48.323814392089844],[86.59848022460938,48.5881233215332],[86.78173828125,48.786521911621094],[86.64897918701172,48.852684020996094],[86.75032806396484,49.051273345947266],[87.06861114501953,49.18375015258789],[87.41675567626953,49.051273345947266],[87.90239715576172,49.18375015258789],[88.32806396484375,49.51522445678711],[88.9966049194336,49.51522445678711],[89.60647583007812,49.71431350708008],[89.63236236572266,49.91355895996094],[89.45447540283203,50.04647445678711],[89.5657958984375,50.2459831237793],[89.97700500488281,50.37908172607422],[90.09091186523438,50.578861236572266],[89.95314025878906,50.77880859375],[89.39368438720703,50.97892379760742],[89.25631713867188,51.17921447753906],[89.08718872070312,51.17921447753906],[89.28882598876953,51.37968063354492],[89.75177764892578,51.44654083251953],[90.2911605834961,51.78114318847656],[90.63094329833984,51.78114318847656],[90.59040069580078,51.71418380737305],[90.76020812988281,51.71418380737305],[90.7197265625,51.64724349975586],[91.1440200805664,51.64724349975586],[91.10346221923828,51.580322265625],[92.71295928955078,51.71418380737305],[93.13627624511719,51.84812545776367],[93.86016845703125,52.31757736206055],[94.51556396484375,53.057395935058594],[96.1114501953125,53.25962829589844],[96.42964935302734,53.597137451171875],[96.85269165039062,53.462066650390625],[96.80596160888672,53.39456558227539],[97.06401062011719,53.39456558227539],[97.01728057861328,53.32708740234375],[97.43952178955078,53.192195892333984],[97.39295196533203,53.124786376953125],[97.86124420166016,53.057395935058594],[97.81468963623047,52.99003219604492],[98.75784301757812,52.99003219604492],[98.71092987060547,52.92268753051758],[98.8354721069336,52.85536575317383],[98.69580841064453,52.653533935546875],[98.78131866455078,52.653533935546875],[98.68234252929688,52.38472366333008],[98.76768493652344,52.38472366333008],[98.80116271972656,52.18334197998047],[99.3062744140625,52.0491943359375],[99.2608413696289,51.98215103149414],[99.43099212646484,51.98215103149414],[99.38562774658203,51.91512680053711],[99.72575378417969,51.91512680053711],[99.68035888671875,51.84812545776367],[100.1447982788086,51.78114318847656],[100.09945678710938,51.71418380737305],[100.77867889404297,51.71418380737305],[100.73314666748047,51.64724349975586],[100.98772430419922,51.64724349975586],[100.94223022460938,51.580322265625],[101.32075500488281,51.51342010498047],[101.27536010742188,51.44654083251953],[101.91417694091797,51.51342010498047],[101.86848449707031,51.44654083251953],[102.03794860839844,51.44654083251953],[101.99232482910156,51.37968063354492],[102.15538024902344,51.24601745605469],[102.06499481201172,51.112430572509766],[102.30792999267578,50.84549331665039],[102.21905517578125,50.71213912963867],[102.30332946777344,50.71213912963867],[102.2992172241211,50.578861236572266],[102.8002700805664,50.445655822753906],[102.75635528564453,50.37908172607422],[102.92450714111328,50.37908172607422],[102.88067626953125,50.312522888183594],[103.2168197631836,50.312522888183594],[103.1729965209961,50.2459831237793],[103.34098052978516,50.2459831237793],[103.2972412109375,50.17946243286133],[104.05284118652344,50.17946243286133],[104.90313720703125,50.445655822753906],[106.45564270019531,50.37908172607422],[106.41014099121094,50.312522888183594],[106.83031463623047,50.312522888183594],[106.78478240966797,50.2459831237793],[107.32022094726562,50.04647445678711],[107.27505493164062,49.98000717163086],[107.778076171875,49.98000717163086],[107.73284912109375,49.91355895996094],[107.90045166015625,49.91355895996094],[107.97184753417969,49.64793395996094],[108.26168823242188,49.58156967163086],[108.21710968017578,49.51522445678711],[108.42328643798828,49.44889450073242],[108.37891387939453,49.38258361816406],[109.41960144042969,49.316287994384766],[109.37506103515625,49.2500114440918],[109.7921371459961,49.2500114440918],[109.74756622314453,49.18375015258789],[110.74810791015625,49.18375015258789],[111.2176284790039,49.38258361816406],[112.72975158691406,49.51522445678711],[113.26355743408203,49.91355895996094],[114.00835418701172,50.2459831237793],[114.84830474853516,50.2459831237793],[114.79914093017578,50.17946243286133],[115.05101013183594,50.17946243286133],[115.00191497802734,50.11296081542969],[115.40729522705078,49.98000717163086],[115.3585205078125,49.91355895996094],[116.49718475341797,49.98000717163086],[116.4478988647461,49.91355895996094],[116.73384094238281,49.84712600708008],[116.68476867675781,49.78071212768555],[117.82736206054688,49.51522445678711],[118.5428695678711,49.91355895996094],[119.01231384277344,49.98000717163086],[119.3327407836914,50.17946243286133],[119.15091705322266,50.37908172607422],[119.73025512695312,51.112430572509766],[119.64573669433594,51.112430572509766],[120.19185638427734,51.78114318847656],[120.6709213256836,52.0491943359375],[120.55712127685547,52.11625671386719],[120.6705551147461,52.250450134277344],[120.5005874633789,52.4518928527832],[120.53005981445312,52.586299896240234],[119.90364074707031,52.653533935546875],[120.42314910888672,53.057395935058594],[121.08898162841797,53.32708740234375],[123.1629867553711,53.52959060668945],[123.85186004638672,53.52959060668945],[123.79042053222656,53.462066650390625],[124.2452621459961,53.39456558227539],[124.18391418457031,53.32708740234375],[124.4664535522461,53.25962829589844],[124.4052963256836,53.192195892333984],[124.74880981445312,53.192195892333984],[124.68766021728516,53.124786376953125],[125.54598236083984,53.124786376953125],[125.48456573486328,53.057395935058594],[125.65613555908203,53.057395935058594],[125.61939239501953,52.92268753051758],[125.90101623535156,52.85536575317383],[125.88972473144531,52.653533935546875],[126.06075286865234,52.653533935546875],[126.02523803710938,52.51908493041992],[126.3065414428711,52.4518928527832],[126.246337890625,52.38472366333008],[126.33167266845703,52.38472366333008],[126.27162170410156,52.31757736206055],[126.3569107055664,52.31757736206055],[126.29701232910156,52.250450134277344],[126.38225555419922,52.250450134277344],[126.322509765625,52.18334197998047],[126.40771484375,52.18334197998047],[126.4516372680664,51.84812545776367],[126.62161254882812,51.84812545776367],[126.562744140625,51.78114318847656],[126.64768981933594,51.78114318847656],[126.5889663696289,51.71418380737305],[126.67387390136719,51.71418380737305],[126.61531066894531,51.64724349975586],[126.7001724243164,51.64724349975586],[126.64176177978516,51.580322265625],[126.72657775878906,51.580322265625],[126.6683349609375,51.51342010498047],[126.75310516357422,51.51342010498047],[126.69501495361328,51.44654083251953],[126.77974700927734,51.44654083251953],[126.85755157470703,51.04566955566406],[127.0265121459961,51.04566955566406],[127.02477264404297,50.84549331665039],[127.19348907470703,50.84549331665039],[127.1648178100586,50.71213912963867],[127.30517578125,50.578861236572266],[127.19352722167969,50.445655822753906],[127.30615997314453,50.37908172607422],[126.6475601196289,49.78071212768555],[124.73687744140625,49.051273345947266],[124.23605346679688,48.38986587524414],[124.07017517089844,48.38986587524414],[124.08587646484375,48.52202224731445],[123.78755950927734,48.455936431884766],[122.27734375,47.4006233215332],[122.18435668945312,47.26897048950195],[122.50323486328125,47.13737487792969],[122.52924346923828,46.94007873535156],[122.85791778564453,46.94007873535156],[123.04342651367188,47.20316696166992],[123.20803833007812,47.20316696166992],[123.16140747070312,47.13737487792969],[123.27938079833984,47.07159423828125],[122.93008422851562,46.808616638183594],[122.6379623413086,46.74290466308594],[122.50118255615234,46.54585266113281],[122.73815155029297,46.414546966552734],[122.38616943359375,46.02093505859375],[121.73253631591797,46.02093505859375],[121.55545043945312,45.75876998901367],[121.74947357177734,45.56227111816406],[121.6556396484375,45.300437927246094],[121.77464294433594,45.23500442504883],[121.59516906738281,44.842647552490234],[121.67630004882812,44.842647552490234],[121.67095184326172,44.71194839477539],[122.07078552246094,44.58129119873047],[122.02763366699219,44.5159797668457],[122.14643096923828,44.45067596435547],[122.06039428710938,44.32010269165039],[122.34608459472656,44.38538360595703],[122.6436996459961,44.71194839477539],[122.63777923583984,44.58129119873047],[122.79977416992188,44.58129119873047],[122.94441986083984,44.18956756591797],[123.10604858398438,44.18956756591797],[123.21896362304688,43.99384307861328],[123.13304901123047,43.86341094970703],[123.25148010253906,43.79821014404297],[123.08084869384766,43.53750228881836],[123.27984619140625,43.472347259521484],[122.70556640625,43.08163070678711],[122.14350891113281,43.08163070678711],[121.9390640258789,42.88639831542969],[121.57717895507812,42.82133865356445],[121.29442596435547,42.62621307373047],[120.89398956298828,42.62621307373047],[120.17340087890625,42.236209869384766],[119.9356918334961,41.97637939453125],[118.94744873046875,41.521995544433594],[118.64099884033203,41.132843017578125],[118.72042846679688,41.132843017578125],[118.57698059082031,40.74397277832031],[119.38078308105469,40.4848747253418],[119.42972564697266,40.29063034057617],[119.587890625,40.29063034057617],[119.80270385742188,39.9670295715332],[119.76698303222656,39.90232849121094],[119.38044738769531,39.77294921875]]],[[[117.2256851196289,39.1264533996582],[117.25920104980469,39.19107437133789],[117.33784484863281,39.19107437133789],[117.30430603027344,39.1264533996582],[117.2256851196289,39.1264533996582]]]]}},{"type":"Feature","properties":{"Name":"French Third Republic","FromYear":1900,"ToYear":1904,"Area":699168.4386367549,"Type":"POLITY","Wikipedia":"French Indochina","Wikidata":"Q185682","SeshatID":"fr_france_modern_1","Components":"","MemberOf":"(French Third Republic)","DISPLAY_NAME":"French Third Republic · French Indochina","ADMIN_NAME":"French Third Republic","TERRITORIAL_STATUS":"colony","TERRITORIAL_STATUS_ZH":"殖民地（计入宗主国）","POLICY_NOTE":"殖民地按本项目口径计入宗主国领土","SOURCE_NAME":"French Indochina","WIKIPEDIA_URL":"https://en.wikipedia.org/wiki/French_Indochina","WIKIDATA_URL":"https://www.wikidata.org/wiki/Q185682","SESHAT_URL":"https://seshat-db.com/core/polity/fr_france_modern_1","DATA_SOURCE":"ClioPatria ad28a691","LEADER":"领导人资料待补充","LEADER_SOURCE_URL":""},"geometry":{"type":"MultiPolygon","coordinates":[[[[69.95783233642578,-49.52272033691406],[70.20854949951172,-49.52272033691406],[70.2652359008789,-49.65542984008789],[70.15489959716797,-49.788211822509766],[69.81999969482422,-49.788211822509766],[69.76334381103516,-49.65542984008789],[69.09416198730469,-49.65542984008789],[69.06646728515625,-49.788211822509766],[68.81529235839844,-49.788211822509766],[68.6535415649414,-48.99253845214844],[68.82008361816406,-48.99253845214844],[68.73973083496094,-48.79399490356445],[68.9625015258789,-48.72784423828125],[69.2093734741211,-48.92634201049805],[69.56951904296875,-48.99253845214844],[69.59589385986328,-49.25749588012695],[70.42990112304688,-49.058753967285156],[70.56975555419922,-49.390071868896484],[70.18035888671875,-49.45638656616211],[70.0968246459961,-49.45638656616211],[69.81829071044922,-49.390071868896484],[69.95783233642578,-49.52272033691406]]],[[[55.40795135498047,-21.443513870239258],[55.0963249206543,-21.250656127929688],[55.07707595825195,-20.993511199951172],[55.21589660644531,-20.864938735961914],[55.58690643310547,-20.864938735961914],[55.59175109863281,-20.92922592163086],[55.769493103027344,-21.31494140625],[55.63078308105469,-21.443513870239258],[55.40795135498047,-21.443513870239258]]],[[[103.94351959228516,10.057377815246582],[103.81444549560547,10.250240325927734],[103.90501403808594,10.443102836608887],[103.9781494140625,10.443102836608887],[104.12442779541016,10.443102836608887],[104.0897445678711,10.057377815246582],[103.94351959228516,10.057377815246582]]],[[[79.8111343383789,11.021690368652344],[79.88430786132812,11.021690368652344],[79.87494659423828,10.893115997314453],[79.72860717773438,10.893115997314453],[79.8111343383789,11.021690368652344]]],[[[75.59862518310547,11.47170352935791],[75.5254135131836,11.47170352935791],[75.530029296875,11.535990715026855],[75.53466796875,11.6002779006958],[75.60787963867188,11.6002779006958],[75.68109893798828,11.6002779006958],[75.67645263671875,11.535990715026855],[75.60324096679688,11.535990715026855],[75.59862518310547,11.47170352935791]]],[[[79.80611419677734,11.92171573638916],[79.87935638427734,11.92171573638916],[79.86930084228516,11.793140411376953],[79.72283935546875,11.793140411376953],[79.80611419677734,11.92171573638916]]],[[[82.34681701660156,16.87187385559082],[82.42052459716797,16.87187385559082],[82.40552520751953,16.743297576904297],[82.25813293457031,16.743297576904297],[82.34681701660156,16.87187385559082]]],[[[88.4442138671875,22.786272048950195],[88.51866912841797,22.786272048950195],[88.49099731445312,22.59341049194336],[88.34213256835938,22.59341049194336],[88.4442138671875,22.786272048950195]]],[[[167.6926727294922,-21.63637351989746],[167.6221923828125,-21.379228591918945],[167.6964569091797,-21.379228591918945],[167.77072143554688,-21.379228591918945],[168.01112365722656,-21.443513870239258],[168.0076446533203,-21.700658798217773],[167.6926727294922,-21.63637351989746]]],[[[166.85113525390625,-22.08637809753418],[166.8672332763672,-22.40781021118164],[166.0869903564453,-22.279237747192383],[165.84886169433594,-21.957805633544922],[165.00042724609375,-21.572086334228516],[164.0933074951172,-20.672080993652344],[163.88504028320312,-20.15778923034668],[164.4373779296875,-20.28636360168457],[164.74398803710938,-20.6077938079834],[165.1657257080078,-20.8006534576416],[165.41668701171875,-21.186368942260742],[165.7828369140625,-21.443513870239258],[165.85711669921875,-21.443513870239258],[166.39044189453125,-21.76494598388672],[166.51795959472656,-21.957805633544922],[166.85113525390625,-22.08637809753418]]],[[[167.0603790283203,-20.672080993652344],[167.2603759765625,-20.864938735961914],[167.32962036132812,-21.12208366394043],[167.12428283691406,-21.186368942260742],[167.05003356933594,-21.186368942260742],[166.90660095214844,-20.92922592163086],[166.9120330810547,-20.672080993652344],[167.0603790283203,-20.672080993652344]]],[[[107.58939361572266,21.5648250579834],[107.97187042236328,21.629112243652344],[108.09842681884766,21.500539779663086],[108.08744049072266,21.43625259399414],[107.79033660888672,21.43625259399414],[107.41735076904297,20.986249923706055],[106.87641143798828,20.857677459716797],[106.8337173461914,20.60053253173828],[106.68537902832031,20.60053253173828],[106.53694915771484,20.150527954101562],[105.9654769897461,19.8290958404541],[105.73389434814453,18.864791870117188],[106.05134582519531,18.543354034423828],[106.030517578125,18.414779663085938],[106.17830657958984,18.414779663085938],[106.29487609863281,18.2219181060791],[106.56956481933594,18.093341827392578],[106.51790618896484,17.77190399169922],[106.7720947265625,17.514753341674805],[106.75170135498047,17.38617706298828],[107.10018157958984,17.257600784301758],[107.3345718383789,16.87187385559082],[107.48199462890625,16.87187385559082],[107.67310333251953,16.67901039123535],[107.65324401855469,16.550434112548828],[107.86437225341797,16.486146926879883],[107.84467315673828,16.35757064819336],[108.1392822265625,16.35757064819336],[108.33081817626953,16.16470718383789],[108.36572265625,15.907554626464844],[108.69552612304688,15.650403022766113],[108.67666625976562,15.52182674407959],[109.01643371582031,15.328963279724121],[108.97062683105469,15.007523536682129],[109.15530395507812,14.750371932983398],[109.17644500732422,14.364645004272461],[109.3543701171875,14.043206214904785],[109.33059692382812,13.271754264831543],[109.51193237304688,12.950316429138184],[109.46688079833984,12.564591407775879],[109.32029724121094,12.564591407775879],[109.22508239746094,12.37172794342041],[109.2141342163086,11.6002779006958],[108.72840118408203,11.15026569366455],[108.58203125,11.15026569366455],[108.56910705566406,11.021690368652344],[108.11732482910156,10.893115997314453],[108.02532958984375,10.7002534866333],[107.33641815185547,10.378815650939941],[107.04991149902344,10.443102836608887],[107.07432556152344,10.7002534866333],[107.00117492675781,10.7002534866333],[106.98281860351562,10.507390975952148],[106.75736236572266,10.443102836608887],[106.81851196289062,10.314528465270996],[106.66631317138672,10.250240325927734],[106.80664825439453,10.185953140258789],[106.79491424560547,10.057377815246582],[106.64287567138672,9.993090629577637],[106.69871520996094,9.800228118896484],[106.55252075195312,9.800228118896484],[106.60304260253906,9.543078422546387],[106.2320785522461,9.478790283203125],[106.14253997802734,9.285927772521973],[105.62030029296875,9.157352447509766],[105.36956787109375,8.771627426147461],[104.9839859008789,8.514476776123047],[104.69692993164062,8.578764915466309],[104.8531723022461,8.707340240478516],[104.71222686767578,8.771627426147461],[104.7926025390625,9.735940933227539],[105.03448486328125,9.993090629577637],[104.53990173339844,10.185953140258789],[104.4169692993164,10.443102836608887],[104.12442779541016,10.443102836608887],[103.91679382324219,10.571678161621094],[103.54518127441406,10.507390975952148],[103.48978424072266,10.7002534866333],[103.64208221435547,10.764540672302246],[103.66635131835938,11.021690368652344],[103.59317016601562,11.021690368652344],[103.59931945800781,11.085978507995605],[103.61795806884766,11.278841018676758],[103.7769546508789,11.407415390014648],[103.85558319091797,12.178865432739258],[104.10974884033203,12.500303268432617],[104.33551025390625,13.207467079162598],[104.49713897705078,13.336042404174805],[104.7905502319336,13.336042404174805],[104.84146881103516,13.143178939819336],[105.14227294921875,13.207467079162598],[105.15731811523438,13.336042404174805],[105.46598052978516,13.464617729187012],[105.5048599243164,13.786055564880371],[105.88773345947266,13.914630889892578],[105.70797729492188,14.236069679260254],[105.79792785644531,14.364645004272461],[105.75802612304688,14.621796607971191],[105.91348266601562,14.686083793640137],[105.90089416503906,15.136098861694336],[105.65156555175781,15.457538604736328],[105.67894744873047,15.650403022766113],[105.4030532836914,15.77897834777832],[105.43096923828125,15.971842765808105],[105.1552734375,16.100418090820312],[105.036376953125,16.293283462524414],[104.88909149169922,16.293283462524414],[104.77997589111328,16.550434112548828],[104.83367919921875,17.38617706298828],[104.44100189208984,17.707616806030273],[104.46113586425781,17.836191177368164],[104.01504516601562,18.286205291748047],[103.36023712158203,18.350492477416992],[102.92076873779297,17.90047836303711],[102.5516128540039,17.90047836303711],[102.49761199951172,18.029054641723633],[102.0743408203125,18.157629013061523],[101.74929809570312,17.964767456054688],[101.72966003417969,17.836191177368164],[101.50818634033203,17.836191177368164],[101.48344421386719,18.157629013061523],[101.92240142822266,18.607641220092773],[101.98258209228516,18.993366241455078],[101.81095123291016,19.314802169799805],[101.95559692382812,19.764808654785156],[101.90171813964844,19.893383026123047],[101.60540771484375,19.893383026123047],[101.43716430664062,19.764808654785156],[100.69654083251953,19.764808654785156],[100.55836486816406,19.8290958404541],[100.5439224243164,20.214815139770508],[100.1288833618164,20.40767478942871],[100.24270629882812,20.664819717407227],[100.6435546875,20.857677459716797],[100.69373321533203,21.179107666015625],[101.17981719970703,21.43625259399414],[101.31816864013672,21.371967315673828],[101.3619155883789,21.179107666015625],[101.80736541748047,21.179107666015625],[101.87920379638672,21.629112243652344],[101.64425659179688,22.014829635620117],[101.71820831298828,22.46483612060547],[102.15396881103516,22.400548934936523],[102.58016967773438,22.72198486328125],[102.86701202392578,22.657697677612305],[102.91966247558594,22.529123306274414],[103.21734619140625,22.529123306274414],[103.32465362548828,22.72198486328125],[103.77134704589844,22.72198486328125],[103.88714599609375,22.529123306274414],[104.0359878540039,22.529123306274414],[104.15472412109375,22.786272048950195],[104.51583099365234,22.72198486328125],[104.83610534667969,22.85055923461914],[104.95609283447266,23.107707977294922],[105.21431732177734,23.30057144165039],[105.43790435791016,23.30057144165039],[105.75257110595703,22.97913360595703],[106.19947814941406,22.97913360595703],[106.32543182373047,22.85055923461914],[106.70928955078125,22.914846420288086],[106.67022705078125,22.271976470947266],[106.6590805053711,22.20768928527832],[107.10216522216797,21.7576847076416],[107.4627456665039,21.693397521972656],[107.58939361572266,21.5648250579834]]],[[[110.64218139648438,21.179107666015625],[110.56793975830078,21.179107666015625],[110.49369049072266,21.179107666015625],[110.41944885253906,21.179107666015625],[110.40829467773438,21.114822387695312],[110.19672393798828,21.179107666015625],[110.33821105957031,21.5648250579834],[110.6353759765625,21.5648250579834],[110.8243637084961,21.371967315673828],[110.8131103515625,21.307680130004883],[110.73885345458984,21.307680130004883],[110.72762298583984,21.24339485168457],[110.71642303466797,21.179107666015625],[110.64218139648438,21.179107666015625]]],[[[117.2264633178711,39.57893371582031],[117.3840560913086,39.57893371582031],[117.39447021484375,39.449623107910156],[117.36046600341797,39.38497543334961],[117.13549041748047,39.25570297241211],[117.01180267333984,39.320335388183594],[117.2264633178711,39.57893371582031]]]]}},{"type":"Feature","properties":{"Name":"Belgian Congo","FromYear":1900,"ToYear":1910,"Area":2307867.775383025,"Type":"POLITY","Wikipedia":"Belgian Congo","Wikidata":"Q213510","SeshatID":"","Components":"","MemberOf":"","DISPLAY_NAME":"Belgian Congo","ADMIN_NAME":"Belgian Congo","TERRITORIAL_STATUS":"sovereign","TERRITORIAL_STATUS_ZH":"独立政治实体","POLICY_NOTE":"按 ClioPatria 目标年份记录的实际控制几何显示","SOURCE_NAME":"Belgian Congo","WIKIPEDIA_URL":"https://en.wikipedia.org/wiki/Belgian_Congo","WIKIDATA_URL":"https://www.wikidata.org/wiki/Q213510","SESHAT_URL":"","DATA_SOURCE":"ClioPatria ad28a691","LEADER":"领导人资料待补充","LEADER_SOURCE_URL":""},"geometry":{"type":"Polygon","coordinates":[[[29.038616180419922,-3.314441204071045],[28.965789794921875,-3.314441204071045],[28.902055740356445,-4.343043327331543],[29.048368453979492,-4.407330989837646],[28.98438262939453,-5.307357788085938],[29.20574951171875,-5.564508438110352],[29.20713233947754,-5.693083763122559],[29.062026977539062,-5.757371425628662],[29.06700325012207,-6.207384586334229],[29.214313507080078,-6.335959911346436],[29.44080924987793,-6.978836059570312],[29.955608367919922,-7.30027437210083],[30.1093807220459,-7.878862857818604],[30.405025482177734,-8.13601303100586],[30.406898498535156,-8.264588356018066],[30.333887100219727,-8.264588356018066],[28.94931983947754,-8.457450866699219],[28.808677673339844,-8.84317684173584],[28.30282211303711,-9.228901863098145],[28.601762771606445,-9.678915023803711],[28.536609649658203,-10.193214416503906],[28.61594581604004,-10.578939437866211],[28.402864456176758,-10.964664459228516],[28.34420394897461,-11.800402641296387],[29.01569366455078,-12.443277359008789],[29.308813095092773,-12.443277359008789],[29.523456573486328,-12.186127662658691],[29.744537353515625,-12.250414848327637],[29.696054458618164,-13.407590866088867],[29.546463012695312,-13.279016494750977],[28.889101028442383,-13.407590866088867],[28.810253143310547,-13.15044116973877],[28.512941360473633,-12.9575777053833],[28.358657836914062,-12.571852684020996],[28.13511848449707,-12.378990173339844],[27.47332763671875,-12.250414848327637],[27.395530700683594,-11.993265151977539],[27.09713363647461,-11.67182731628418],[26.878524780273438,-11.736114501953125],[26.7363224029541,-11.993265151977539],[26.150360107421875,-11.993265151977539],[25.781124114990234,-11.800402641296387],[25.340776443481445,-11.736114501953125],[25.18780517578125,-11.286102294921875],[24.821836471557617,-11.286102294921875],[24.385282516479492,-11.478964805603027],[24.30777359008789,-11.157526969909668],[24.01175308227539,-10.90037727355957],[23.866222381591797,-10.964664459228516],[23.2092227935791,-11.093239784240723],[22.404237747192383,-11.093239784240723],[22.33251190185547,-11.22181510925293],[22.112228393554688,-11.157526969909668],[22.25020408630371,-10.386076927185059],[21.730112075805664,-9.550339698791504],[21.865686416625977,-8.393163681030273],[21.71799659729004,-8.200301170349121],[21.784584045410156,-7.428849697113037],[21.63762092590332,-7.30027437210083],[20.543149948120117,-7.30027437210083],[20.39450454711914,-6.914548873901367],[20.103588104248047,-7.043123722076416],[19.519962310791016,-7.043123722076416],[19.449522018432617,-7.428849697113037],[19.304420471191406,-7.557425022125244],[19.306983947753906,-7.943150520324707],[19.161849975585938,-8.071725845336914],[18.35804557800293,-7.943150520324707],[17.92119789123535,-8.13601303100586],[17.55617332458496,-8.13601303100586],[17.26311683654785,-7.943150520324707],[16.894908905029297,-7.30027437210083],[16.893329620361328,-6.978836059570312],[16.672962188720703,-6.657398223876953],[16.59736442565918,-6.078809261322021],[16.377771377563477,-5.885946750640869],[15.86742877960205,-5.885946750640869],[15.794523239135742,-5.885946750640869],[12.805374145507812,-5.885946750640869],[12.732468605041504,-5.885946750640869],[12.586970329284668,-6.014522075653076],[12.222415924072266,-6.014522075653076],[12.076313972473145,-5.885946750640869],[12.076172828674316,-5.821659088134766],[12.440226554870605,-5.628796100616455],[12.438632011413574,-4.98591947555542],[12.947854042053223,-4.664481639862061],[13.093583106994629,-4.664481639862061],[13.239876747131348,-4.857344150543213],[13.458487510681152,-4.857344150543213],[13.748747825622559,-4.47161865234375],[14.331172943115234,-4.343043327331543],[14.332929611206055,-4.857344150543213],[14.551765441894531,-4.921631813049316],[14.915185928344727,-4.664481639862061],[14.914715766906738,-4.535906314849854],[15.205182075500488,-4.278755664825439],[15.350887298583984,-4.278755664825439],[15.641023635864258,-3.957317352294922],[15.859294891357422,-3.893029928207397],[16.147998809814453,-3.250153541564941],[16.145339965820312,-2.607277393341064],[16.072528839111328,-2.607277393341064],[16.143207550048828,-2.092976570129395],[16.433595657348633,-1.900113701820374],[16.722021102905273,-1.257237911224365],[17.230398178100586,-1.00008761882782],[17.229829788208008,-0.871512532234192],[17.520097732543945,-0.67864990234375],[17.66450309753418,-0.421499729156494],[17.64887046813965,0.092800483107567],[17.873321533203125,0.414238125085831],[17.813817977905273,1.121401190757751],[18.0428524017334,1.699989318847656],[17.971233367919922,1.76427698135376],[18.0556697845459,2.407152891159058],[18.579145431518555,3.178604364395142],[18.52657699584961,4.335781574249268],[18.747371673583984,4.464356899261475],[18.824682235717773,4.721507549285889],[19.268592834472656,5.10723352432251],[19.705862045288086,5.10723352432251],[20.139705657958984,4.914370536804199],[20.567659378051758,4.400069236755371],[21.80381965637207,4.271493911743164],[22.310155868530273,4.078630924224854],[22.457063674926758,4.142918586730957],[22.760662078857422,4.785795211791992],[23.33989715576172,4.592932224273682],[24.22054100036621,4.914370536804199],[24.29593849182129,5.042945861816406],[24.949260711669922,4.914370536804199],[25.243330001831055,5.042945861816406],[25.394269943237305,5.300096035003662],[26.26624298095703,5.171521186828613],[26.409351348876953,5.042945861816406],[26.846609115600586,5.042945861816406],[27.215042114257812,5.235808849334717],[27.855979919433594,4.528644561767578],[28.2161865234375,4.335781574249268],[28.434749603271484,4.335781574249268],[28.58320426940918,4.464356899261475],[29.16329002380371,4.335781574249268],[29.53456687927246,4.657219886779785],[29.89183235168457,4.335781574249268],[30.030515670776367,4.01434326171875],[30.32048988342285,3.950055837631226],[30.603418350219727,3.564330101013184],[30.821918487548828,3.564330101013184],[30.724071502685547,2.407152891159058],[31.085346221923828,2.27857780456543],[31.22681999206543,2.085714817047119],[29.890840530395508,0.864250957965851],[29.884164810180664,0.542813181877136],[29.6591796875,0.221375524997711],[29.530006408691406,-0.871512532234192],[29.457225799560547,-0.871512532234192],[29.53302764892578,-1.321525454521179],[29.17086410522461,-1.578675746917725],[29.101299285888672,-2.028688907623291],[28.812480926513672,-2.350126981735229],[28.814945220947266,-2.671565055847168],[28.961076736450195,-2.735852479934692],[28.962615966796875,-2.928715467453003],[29.182653427124023,-3.121578216552734],[29.11144256591797,-3.314441204071045],[29.038616180419922,-3.314441204071045]]]}},{"type":"Feature","properties":{"Name":"Venezuela","FromYear":1900,"ToYear":1986,"Area":937211.2822073798,"Type":"POLITY","Wikipedia":"Venezuela","Wikidata":"Q717","SeshatID":"ve_venezuela_rep_1","Components":"","MemberOf":"","DISPLAY_NAME":"Venezuela","ADMIN_NAME":"Venezuela","TERRITORIAL_STATUS":"sovereign","TERRITORIAL_STATUS_ZH":"独立政治实体","POLICY_NOTE":"按 ClioPatria 目标年份记录的实际控制几何显示","SOURCE_NAME":"Venezuela","WIKIPEDIA_URL":"https://en.wikipedia.org/wiki/Venezuela","WIKIDATA_URL":"https://www.wikidata.org/wiki/Q717","SESHAT_URL":"https://seshat-db.com/core/polity/ve_venezuela_rep_1","DATA_SOURCE":"ClioPatria ad28a691","LEADER":"领导人资料待补充","LEADER_SOURCE_URL":""},"geometry":{"type":"MultiPolygon","coordinates":[[[[-68.044189453125,10.507390975952148],[-66.37355041503906,10.7002534866333],[-66.15019989013672,10.635965347290039],[-65.83870697021484,10.314528465270996],[-64.9468002319336,10.057377815246582],[-64.59552001953125,10.314528465270996],[-64.37612915039062,10.314528465270996],[-64.38343048095703,10.443102836608887],[-64.09455871582031,10.507390975952148],[-64.03263092041016,10.7002534866333],[-61.91484069824219,10.764540672302246],[-61.97705078125,10.571678161621094],[-62.851158142089844,10.507390975952148],[-62.843971252441406,10.378815650939941],[-62.62457275390625,10.378815650939941],[-62.617530822753906,10.250240325927734],[-62.471282958984375,10.250240325927734],[-62.30142593383789,9.800228118896484],[-62.234920501708984,9.928803443908691],[-61.945823669433594,9.993090629577637],[-61.78974533081055,9.800228118896484],[-61.4275016784668,9.86451530456543],[-61.34477996826172,9.671652793884277],[-60.82693862915039,9.543078422546387],[-60.74177551269531,9.285927772521973],[-61.02523422241211,9.09306526184082],[-61.0111083984375,8.771627426147461],[-61.15443420410156,8.707340240478516],[-61.149017333984375,8.578764915466309],[-61.43844985961914,8.514476776123047],[-61.07332992553711,8.514476776123047],[-60.932621002197266,8.643052101135254],[-60.49176788330078,8.578764915466309],[-60.20498275756836,8.707340240478516],[-59.83191680908203,8.514476776123047],[-59.82933807373047,8.450189590454102],[-59.88985824584961,8.128751754760742],[-60.67403030395508,7.614450931549072],[-60.66523361206055,7.357300281524658],[-60.36503982543945,7.100150108337402],[-60.36103820800781,6.971574783325195],[-60.64699935913086,6.778711795806885],[-60.93876647949219,6.778711795806885],[-61.15193176269531,6.585848808288574],[-61.14131546020508,6.200123310089111],[-61.35509490966797,6.007260322570801],[-61.274417877197266,5.685822010040283],[-60.6802864074707,5.171521186828613],[-60.67542266845703,4.914370536804199],[-60.88848876953125,4.592932224273682],[-61.39645004272461,4.464356899261475],[-61.53923416137695,4.271493911743164],[-62.04645538330078,4.078630924224854],[-62.70207595825195,4.078630924224854],[-62.769996643066406,3.692905426025391],[-62.91421890258789,3.564330101013184],[-63.1334342956543,3.628617763519287],[-63.355079650878906,3.885768175125122],[-64.08435821533203,3.950055837631226],[-64.23280334472656,4.142918586730957],[-64.6698989868164,4.142918586730957],[-64.81758880615234,4.271493911743164],[-64.66622924804688,3.885768175125122],[-64.29878997802734,3.628617763519287],[-64.07080841064453,2.471440553665161],[-63.48806381225586,2.407152891159058],[-63.414772033691406,2.27857780456543],[-63.4871826171875,2.150002479553223],[-63.996360778808594,1.957139730453491],[-64.21453094482422,1.76427698135376],[-64.36029815673828,1.378551483154297],[-64.65145874023438,1.378551483154297],[-65.08857727050781,1.185688734054565],[-65.52732849121094,0.671388268470764],[-65.67288970947266,0.671388268470764],[-65.59916687011719,0.864250957965851],[-65.67144775390625,0.992826044559479],[-65.96282196044922,0.928538501262665],[-66.18201446533203,0.735675871372223],[-66.40036010742188,0.735675871372223],[-66.69090270996094,0.864250957965851],[-67.05368041992188,1.249976277351379],[-66.98062133789062,1.507126569747925],[-67.12626647949219,1.699989318847656],[-67.3475570678711,2.535728216171265],[-67.85952758789062,2.857166290283203],[-67.86062622070312,2.985741376876831],[-67.42687225341797,3.30717945098877],[-67.4306869506836,3.628617763519287],[-67.72463989257812,3.821480512619019],[-67.80135345458984,4.078630924224854],[-67.89399719238281,5.10723352432251],[-67.82112121582031,5.10723352432251],[-67.82872009277344,5.428671360015869],[-67.61492156982422,5.62153434753418],[-67.48519897460938,6.200123310089111],[-67.99756622314453,6.264410972595215],[-68.28536987304688,6.135835647583008],[-69.3771743774414,6.071547985076904],[-69.52494049072266,6.135835647583008],[-69.52890014648438,6.264410972595215],[-69.67677307128906,6.328698635101318],[-69.75811004638672,6.585848808288574],[-70.06107330322266,6.907287120819092],[-70.50348663330078,7.035862445831299],[-71.96011352539062,6.971574783325195],[-72.11595916748047,7.228724956512451],[-72.49125671386719,7.485875606536865],[-72.50505828857422,7.807313442230225],[-72.30361938476562,8.193038940429688],[-72.45573425292969,8.321614265441895],[-72.46512603759766,8.514476776123047],[-72.61437225341797,8.578764915466309],[-72.707275390625,8.964489936828613],[-73.01341247558594,9.221640586853027],[-73.22905731201172,9.157352447509766],[-73.30924987792969,9.285927772521973],[-72.97357940673828,9.800228118896484],[-72.93220520019531,10.314528465270996],[-72.67779541015625,10.893115997314453],[-72.12379455566406,11.343128204345703],[-72.06454467773438,11.535990715026855],[-71.91812133789062,11.535990715026855],[-71.91344451904297,11.47170352935791],[-71.82191467285156,11.214552879333496],[-71.59342193603516,11.085978507995605],[-71.6491470336914,10.828827857971191],[-71.50282287597656,10.828827857971191],[-71.01683044433594,11.214552879333496],[-70.50895690917969,11.278841018676758],[-70.37155151367188,11.407415390014648],[-70.15194702148438,11.407415390014648],[-70.08782958984375,11.535990715026855],[-69.79044342041016,11.47170352935791],[-69.73094940185547,11.664566040039062],[-69.57991027832031,11.6002779006958],[-69.5708236694336,11.47170352935791],[-68.98965454101562,11.535990715026855],[-68.30884552001953,11.214552879333496],[-68.27153778076172,10.635965347290039],[-68.11732482910156,10.507390975952148],[-68.044189453125,10.507390975952148]]],[[[-64.26361846923828,10.893115997314453],[-64.3486099243164,11.085978507995605],[-64.05193328857422,11.021690368652344],[-63.844329833984375,11.214552879333496],[-63.75532531738281,10.957403182983398],[-63.96709442138672,10.828827857971191],[-64.04025268554688,10.828827857971191],[-64.26361846923828,10.893115997314453]]],[[[-69.73094940185547,11.664566040039062],[-70.23886108398438,11.6002779006958],[-70.27698516845703,12.114578247070312],[-70.1403579711914,12.24315357208252],[-69.84729766845703,12.24315357208252],[-69.76420593261719,12.114578247070312],[-69.75934600830078,12.050291061401367],[-69.73094940185547,11.664566040039062]]]]}},{"type":"Feature","properties":{"Name":"Sultanate of Jambi","FromYear":1900,"ToYear":1904,"Area":27149.4668329152,"Type":"POLITY","Wikipedia":"Jambi Sultanate","Wikidata":"Q1679856","SeshatID":"","Components":"","MemberOf":"","DISPLAY_NAME":"Sultanate of Jambi","ADMIN_NAME":"Sultanate of Jambi","TERRITORIAL_STATUS":"sovereign","TERRITORIAL_STATUS_ZH":"独立政治实体","POLICY_NOTE":"按 ClioPatria 目标年份记录的实际控制几何显示","SOURCE_NAME":"Sultanate of Jambi","WIKIPEDIA_URL":"https://en.wikipedia.org/wiki/Jambi_Sultanate","WIKIDATA_URL":"https://www.wikidata.org/wiki/Q1679856","SESHAT_URL":"","DATA_SOURCE":"ClioPatria ad28a691","LEADER":"领导人资料待补充","LEADER_SOURCE_URL":""},"geometry":{"type":"Polygon","coordinates":[[[103.40141296386719,-0.742937445640564],[103.6247329711914,-1.00008761882782],[104.20700073242188,-1.00008761882782],[104.43795776367188,-1.578675746917725],[104.4394760131836,-1.642963409423828],[103.86021423339844,-1.771538615226746],[103.43152618408203,-2.092976570129395],[103.36560821533203,-2.350126981735229],[103.22177124023438,-2.414414644241333],[102.9914321899414,-1.964401364326477],[102.6986312866211,-1.900113701820374],[102.1029052734375,-1.321525454521179],[101.80903625488281,-1.192950367927551],[101.87666320800781,-0.935800075531006],[102.31211853027344,-0.871512532234192],[102.46147918701172,-1.064375281333923],[102.6798324584961,-1.064375281333923],[102.82036590576172,-0.807224988937378],[103.32862854003906,-0.742937445640564],[103.40141296386719,-0.742937445640564]]]}},{"type":"Feature","properties":{"Name":"United States of America","FromYear":1900,"ToYear":1904,"Area":9905090.03035793,"Type":"POLITY","Wikipedia":"United States","Wikidata":"Q30","SeshatID":"us_united_states_of_america_reconstruction","Components":"","MemberOf":"","DISPLAY_NAME":"United States of America","ADMIN_NAME":"United States of America","TERRITORIAL_STATUS":"sovereign","TERRITORIAL_STATUS_ZH":"独立政治实体","POLICY_NOTE":"按 ClioPatria 目标年份记录的实际控制几何显示","SOURCE_NAME":"United States of America","WIKIPEDIA_URL":"https://en.wikipedia.org/wiki/United_States","WIKIDATA_URL":"https://www.wikidata.org/wiki/Q30","SESHAT_URL":"https://seshat-db.com/core/polity/us_united_states_of_america_reconstruction","DATA_SOURCE":"ClioPatria ad28a691","LEADER":"领导人资料待补充","LEADER_SOURCE_URL":""},"geometry":{"type":"MultiPolygon","coordinates":[[[[-155.7459259033203,19.379087448120117],[-155.9299774169922,19.507661819458008],[-156.00230407714844,19.764808654785156],[-155.79823303222656,19.8290958404541],[-155.87086486816406,20.08624267578125],[-155.7967529296875,20.08624267578125],[-155.79551696777344,20.343387603759766],[-155.59262084960938,20.150527954101562],[-155.0376434326172,20.021955490112305],[-154.96543884277344,19.764808654785156],[-154.68939208984375,19.571949005126953],[-154.8782501220703,19.186227798461914],[-155.30435180664062,19.12194061279297],[-155.37832641601562,19.12194061279297],[-155.54684448242188,18.929079055786133],[-155.78652954101562,18.993366241455078],[-155.84010314941406,19.186227798461914],[-155.69212341308594,19.186227798461914],[-155.7459259033203,19.379087448120117]]],[[[-156.49905395507812,20.72910499572754],[-156.6845245361328,20.857677459716797],[-156.72177124023438,20.986249923706055],[-156.64755249023438,20.986249923706055],[-156.57333374023438,20.986249923706055],[-155.86831665039062,20.857677459716797],[-155.7388153076172,20.664819717407227],[-156.05455017089844,20.471960067749023],[-156.42530822753906,20.471960067749023],[-156.49905395507812,20.72910499572754]]],[[[-156.9813232421875,20.857677459716797],[-156.99996948242188,20.921964645385742],[-156.77734375,20.921964645385742],[-156.7216033935547,20.72910499572754],[-156.9441680908203,20.72910499572754],[-157.05552673339844,20.857677459716797],[-156.9813232421875,20.857677459716797]]],[[[-157.24130249023438,20.986249923706055],[-157.27882385253906,21.114822387695312],[-157.20458984375,21.114822387695312],[-157.2422637939453,21.24339485168457],[-156.94525146484375,21.24339485168457],[-156.77793884277344,21.179107666015625],[-156.72177124023438,20.986249923706055],[-157.24130249023438,20.986249923706055]]],[[[-158.06375122070312,21.7576847076416],[-157.74717712402344,21.693397521972656],[-157.72792053222656,21.629112243652344],[-157.6499786376953,21.114822387695312],[-157.8726806640625,21.114822387695312],[-158.24559020996094,21.371967315673828],[-158.2838592529297,21.500539779663086],[-158.06375122070312,21.7576847076416]]],[[[-160.9075469970703,21.821969985961914],[-160.92733764648438,21.88625717163086],[-160.70433044433594,21.88625717163086],[-160.64523315429688,21.693397521972656],[-160.94247436523438,21.693397521972656],[-160.98187255859375,21.821969985961914],[-160.9075469970703,21.821969985961914]]],[[[-160.07485961914062,22.014829635620117],[-160.00050354003906,22.014829635620117],[-159.94131469726562,21.821969985961914],[-160.05076599121094,21.693397521972656],[-160.27369689941406,21.693397521972656],[-160.3129425048828,21.821969985961914],[-160.07485961914062,22.014829635620117]]],[[[-159.16775512695312,22.20768928527832],[-159.14785766601562,22.143402099609375],[-159.033935546875,22.014829635620117],[-159.34669494628906,21.821969985961914],[-159.73797607421875,21.88625717163086],[-159.74281311035156,22.143402099609375],[-159.634033203125,22.271976470947266],[-159.16775512695312,22.20768928527832]]],[[[-162.08311462402344,23.171995162963867],[-162.13621520996094,23.107707977294922],[-162.2752685546875,23.30057144165039],[-162.2007293701172,23.30057144165039],[-162.17913818359375,23.236284255981445],[-162.08311462402344,23.171995162963867]]],[[[-169.28834533691406,53.124786376953125],[-169.12657165527344,53.192195892333984],[-169.2225799560547,53.25962829589844],[-169.0507354736328,53.25962829589844],[-169.1469268798828,53.32708740234375],[-168.631103515625,53.32708740234375],[-168.7592315673828,53.597137451171875],[-168.5869140625,53.597137451171875],[-168.69522094726562,53.732303619384766],[-168.26397705078125,53.732303619384766],[-167.6189422607422,53.462066650390625],[-167.78114318847656,53.39456558227539],[-167.68544006347656,53.32708740234375],[-168.2972412109375,53.39456558227539],[-168.1914825439453,53.25962829589844],[-168.53518676757812,53.25962829589844],[-168.43954467773438,53.192195892333984],[-168.61129760742188,53.192195892333984],[-168.50648498535156,53.057395935058594],[-168.76385498046875,53.057395935058594],[-168.66880798339844,52.99003219604492],[-168.75454711914062,52.99003219604492],[-168.6597442626953,52.92268753051758],[-169.2504425048828,52.85536575317383],[-169.5359344482422,53.057395935058594],[-169.19277954101562,53.057395935058594],[-169.28834533691406,53.124786376953125]]],[[[-166.09796142578125,53.664710998535156],[-166.6151885986328,53.664710998535156],[-166.5191650390625,53.597137451171875],[-166.68177795410156,53.52959060668945],[-166.4908905029297,53.39456558227539],[-167.093017578125,53.39456558227539],[-167.3706512451172,53.52959060668945],[-167.2845458984375,53.52959060668945],[-167.40147399902344,53.732303619384766],[-167.49842834472656,53.799922943115234],[-167.2502899169922,53.86756134033203],[-167.4452362060547,54.00291442871094],[-166.76475524902344,54.07062530517578],[-166.39730834960938,53.93522644042969],[-166.09796142578125,53.664710998535156]]],[[[-166.11729431152344,54.341712951660156],[-165.94393920898438,54.341712951660156],[-166.04214477539062,54.4095458984375],[-165.78196716308594,54.4095458984375],[-165.39141845703125,54.138362884521484],[-165.4779510498047,54.138362884521484],[-165.38096618652344,54.07062530517578],[-166.0622100830078,54.00291442871094],[-166.46401977539062,54.341712951660156],[-166.019287109375,54.27390670776367],[-166.11729431152344,54.341712951660156]]],[[[-160.32362365722656,55.089229583740234],[-160.42105102539062,55.15733337402344],[-160.09246826171875,55.29362487792969],[-159.88754272460938,55.089229583740234],[-160.2167205810547,54.95309066772461],[-160.4108428955078,55.089229583740234],[-160.32362365722656,55.089229583740234]]],[[[-159.45144653320312,55.089229583740234],[-159.62588500976562,55.089229583740234],[-159.8303680419922,55.29362487792969],[-159.46109008789062,55.15733337402344],[-159.54837036132812,55.15733337402344],[-159.45144653320312,55.089229583740234]]],[[[-160.5955810546875,55.15733337402344],[-160.68284606933594,55.15733337402344],[-160.85739135742188,55.15733337402344],[-161.0645751953125,55.36180877685547],[-160.71490478515625,55.36180877685547],[-160.5187225341797,55.225467681884766],[-160.5955810546875,55.15733337402344]]],[[[-155.5202178955078,55.77145767211914],[-155.69566345214844,55.77145767211914],[-155.8991241455078,55.97663879394531],[-155.5291748046875,55.83982467651367],[-155.61695861816406,55.83982467651367],[-155.5202178955078,55.77145767211914]]],[[[-154.47012329101562,56.45634460449219],[-154.8131103515625,56.387733459472656],[-155.0202178955078,56.59365463256836],[-154.85397338867188,56.662349700927734],[-154.7655792236328,56.662349700927734],[-154.47012329101562,56.45634460449219]]],[[[-154.156982421875,56.731075286865234],[-153.969970703125,56.662349700927734],[-153.8619842529297,56.524986267089844],[-154.12686157226562,56.524986267089844],[-154.32357788085938,56.662349700927734],[-154.05838012695312,56.662349700927734],[-154.156982421875,56.731075286865234]]],[[[-153.2451171875,57.14401626586914],[-153.1354217529297,57.00625228881836],[-153.766845703125,57.07511901855469],[-153.55795288085938,56.86860656738281],[-154.0893096923828,56.86860656738281],[-154.45440673828125,56.937416076660156],[-154.75428771972656,57.14401626586914],[-154.66551208496094,57.14401626586914],[-154.99244689941406,57.488929748535156],[-154.66123962402344,57.62710189819336],[-154.76319885253906,57.696231842041016],[-153.94798278808594,57.62710189819336],[-154.04949951171875,57.696231842041016],[-153.87106323242188,57.696231842041016],[-154.16403198242188,57.8345832824707],[-153.99818420410156,57.903804779052734],[-154.1005859375,57.97305679321289],[-153.53875732421875,57.8345832824707],[-153.7558135986328,58.042335510253906],[-152.93792724609375,57.97305679321289],[-153.4370880126953,58.2503662109375],[-153.16812133789062,58.2503662109375],[-153.37432861328125,58.38920593261719],[-153.01522827148438,58.38920593261719],[-153.1185302734375,58.45867156982422],[-152.93887329101562,58.45867156982422],[-153.04234313964844,58.528167724609375],[-152.57955932617188,58.45867156982422],[-152.89012145996094,58.66725540161133],[-152.6201171875,58.66725540161133],[-152.00254821777344,58.2503662109375],[-152.0922088623047,58.2503662109375],[-151.99020385742188,58.180992126464844],[-152.70701599121094,58.180992126464844],[-152.59243774414062,58.042335510253906],[-152.9503936767578,58.042335510253906],[-152.3775634765625,57.8345832824707],[-152.4552001953125,57.7653923034668],[-152.15380859375,57.55800247192383],[-152.24290466308594,57.55800247192383],[-152.14292907714844,57.488929748535156],[-152.7551727294922,57.41988754272461],[-152.55572509765625,57.28189468383789],[-153.0890350341797,57.28189468383789],[-152.9893798828125,57.21294021606445],[-153.2451171875,57.14401626586914]]],[[[-167.0155029296875,60.416839599609375],[-166.3107147216797,60.48725891113281],[-165.6818084716797,60.276100158691406],[-165.77317810058594,60.276100158691406],[-165.55311584472656,59.92485809326172],[-166.0084228515625,59.92485809326172],[-165.8919677734375,59.85470962524414],[-166.4124298095703,59.78459548950195],[-167.33645629882812,60.065250396728516],[-167.45458984375,60.135501861572266],[-167.69183349609375,60.276100158691406],[-166.96092224121094,60.276100158691406],[-167.07952880859375,60.34645080566406],[-166.8966827392578,60.34645080566406],[-167.0155029296875,60.416839599609375]]],[[[-147.2542724609375,60.416839599609375],[-146.93846130371094,60.20578384399414],[-147.02976989746094,60.20578384399414],[-147.12107849121094,60.20578384399414],[-147.01625061035156,60.135501861572266],[-147.28997802734375,60.135501861572266],[-147.51441955566406,60.34645080566406],[-147.2542724609375,60.416839599609375]]],[[[-146.3258819580078,60.34645080566406],[-146.4173126220703,60.34645080566406],[-146.60015869140625,60.34645080566406],[-146.82498168945312,60.557716369628906],[-146.4585418701172,60.557716369628906],[-146.14303588867188,60.34645080566406],[-146.3258819580078,60.34645080566406]]],[[[-147.5189208984375,70.2558364868164],[-145.9952392578125,70.2558364868164],[-145.5071563720703,70.10164642333984],[-144.2904510498047,70.10164642333984],[-144.4315185546875,70.17870330810547],[-143.86209106445312,70.2558364868164],[-143.11219787597656,70.17870330810547],[-141.27188110351562,69.71734619140625],[-141.1709442138672,69.71734619140625],[-140.89979553222656,69.33467864990234],[-141.1007537841797,69.33467864990234],[-140.9342803955078,69.18205261230469],[-141.1348876953125,69.18205261230469],[-140.9696807861328,69.0296859741211],[-141.16993713378906,69.0296859741211],[-141.0059814453125,68.87757110595703],[-141.2058868408203,68.87757110595703],[-141.04315185546875,68.7257080078125],[-141.24270629882812,68.7257080078125],[-141.02059936523438,68.42272186279297],[-141.21946716308594,68.42272186279297],[-141.03106689453125,68.19611358642578],[-141.22943115234375,68.19611358642578],[-141.01522827148438,67.89481353759766],[-141.21292114257812,67.89481353759766],[-141.03041076660156,67.66946411132812],[-141.22760009765625,67.66946411132812],[-141.04747009277344,67.44463348388672],[-141.24417114257812,67.44463348388672],[-141.0403594970703,67.14566802978516],[-141.2364044189453,67.14566802978516],[-141.0365447998047,66.84760284423828],[-141.23196411132812,66.84760284423828],[-141.0601348876953,66.6246337890625],[-141.2550811767578,66.6246337890625],[-141.0616912841797,66.32811737060547],[-141.25601196289062,66.32811737060547],[-141.04354858398438,65.95866394042969],[-141.23709106445312,65.95866394042969],[-141.02989196777344,65.59053039550781],[-141.22268676757812,65.59053039550781],[-141.0205078125,65.22367095947266],[-141.21253967285156,65.22367095947266],[-141.0958709716797,65.15044403076172],[-141.1918182373047,65.15044403076172],[-140.9954071044922,64.78507995605469],[-141.18655395507812,64.78507995605469],[-140.99472045898438,64.4209213256836],[-141.18515014648438,64.4209213256836],[-140.99781799316406,64.05794525146484],[-141.18753051757812,64.05794525146484],[-141.004638671875,63.69612503051758],[-141.1936492919922,63.69612503051758],[-141.01516723632812,63.33543014526367],[-141.20347595214844,63.33543014526367],[-141.0449676513672,63.047672271728516],[-141.2327423095703,63.047672271728516],[-141.0619354248047,62.68894577026367],[-141.2490234375,62.68894577026367],[-141.14053344726562,62.61732482910156],[-141.2340087890625,62.61732482910156],[-141.12576293945312,62.54574966430664],[-141.2191619873047,62.54574966430664],[-141.1111602783203,62.474212646484375],[-141.20449829101562,62.474212646484375],[-141.04063415527344,62.117156982421875],[-141.22665405273438,62.117156982421875],[-141.11996459960938,62.045867919921875],[-141.21292114257812,62.045867919921875],[-141.10646057128906,61.97461700439453],[-141.1993408203125,61.97461700439453],[-141.09312438964844,61.90340805053711],[-141.18594360351562,61.90340805053711],[-141.07994079589844,61.832237243652344],[-141.17269897460938,61.832237243652344],[-141.01649475097656,61.47697448730469],[-141.20135498046875,61.47697448730469],[-141.09666442871094,61.40604019165039],[-141.18902587890625,61.40604019165039],[-141.0845489501953,61.335140228271484],[-141.17684936523438,61.335140228271484],[-141.07261657714844,61.264278411865234],[-141.16485595703125,61.264278411865234],[-141.06082153320312,61.193458557128906],[-141.1529998779297,61.193458557128906],[-141.04920959472656,61.12267303466797],[-141.1413116455078,61.12267303466797],[-141.03773498535156,61.05192565917969],[-141.12979125976562,61.05192565917969],[-141.02642822265625,60.9812126159668],[-141.118408203125,60.9812126159668],[-140.97227478027344,60.628211975097656],[-141.15560913085938,60.628211975097656],[-141.03314208984375,60.416839599609375],[-141.1246337890625,60.416839599609375],[-140.83065795898438,60.276100158691406],[-140.0906982421875,60.20578384399414],[-139.81678771972656,60.20578384399414],[-139.91700744628906,60.276100158691406],[-139.73428344726562,60.276100158691406],[-139.83465576171875,60.34645080566406],[-139.28610229492188,60.34645080566406],[-138.87229919433594,59.92485809326172],[-137.723876953125,59.294734954833984],[-137.8144073486328,59.294734954833984],[-137.52232360839844,59.015533447265625],[-136.89479064941406,59.08528518676758],[-136.98983764648438,59.15507125854492],[-136.63758850097656,59.294734954833984],[-136.73306274414062,59.36461639404297],[-136.55189514160156,59.36461639404297],[-136.64752197265625,59.434532165527344],[-136.4662322998047,59.434532165527344],[-136.56201171875,59.504478454589844],[-136.38059997558594,59.504478454589844],[-136.4765167236328,59.574459075927734],[-136.29498291015625,59.574459075927734],[-136.3910369873047,59.64447021484375],[-135.8511962890625,59.714515686035156],[-135.94735717773438,59.78459548950195],[-135.305908203125,59.714515686035156],[-134.7296600341797,59.15507125854492],[-133.44476318359375,58.38920593261719],[-133.53453063964844,58.38920593261719],[-132.37742614746094,57.35087585449219],[-132.46636962890625,57.35087585449219],[-132.2075958251953,57.07511901855469],[-132.2963104248047,57.07511901855469],[-131.86988830566406,56.662349700927734],[-130.99777221679688,56.45634460449219],[-130.06321716308594,55.97663879394531],[-130.15109252929688,55.97663879394531],[-130.07464599609375,55.83982467651367],[-130.25018310546875,55.83982467651367],[-130.1682586669922,55.77145767211914],[-130.2618865966797,55.70311737060547],[-129.950439453125,55.29362487792969],[-130.03781127929688,55.29362487792969],[-129.88446044921875,55.089229583740234],[-129.9716796875,55.089229583740234],[-130.05889892578125,55.089229583740234],[-130.24050903320312,55.021148681640625],[-130.16067504882812,54.95309066772461],[-130.3349151611328,54.95309066772461],[-130.25521850585938,54.88506317138672],[-130.96617126464844,54.74907684326172],[-131.1259002685547,54.88506317138672],[-131.03187561035156,54.95309066772461],[-131.11219787597656,55.021148681640625],[-131.0250244140625,55.021148681640625],[-131.09896850585938,55.15733337402344],[-131.01170349121094,55.15733337402344],[-131.17359924316406,55.29362487792969],[-131.5171356201172,55.36180877685547],[-131.28652954101562,55.021148681640625],[-131.6352081298828,55.021148681640625],[-132.04164123535156,55.36180877685547],[-131.9486541748047,55.430015563964844],[-132.28819274902344,55.56651306152344],[-132.20578002929688,55.498252868652344],[-132.5558624267578,55.498252868652344],[-132.0530242919922,55.225467681884766],[-131.97164916992188,55.15733337402344],[-132.06491088867188,55.089229583740234],[-131.90306091308594,54.95309066772461],[-131.99017333984375,54.95309066772461],[-131.92970275878906,54.681121826171875],[-132.2773895263672,54.681121826171875],[-133.34815979003906,55.430015563964844],[-133.08575439453125,55.430015563964844],[-133.5856170654297,55.83982467651367],[-133.32228088378906,55.83982467651367],[-133.84536743164062,55.90821838378906],[-134.01141357421875,56.11355972290039],[-133.5683135986328,56.182064056396484],[-133.73585510253906,56.387733459472656],[-133.29490661621094,56.387733459472656],[-132.9593505859375,56.04508590698242],[-132.2736053466797,55.77145767211914],[-132.43589782714844,55.97663879394531],[-133.29205322265625,56.45634460449219],[-133.64501953125,56.45634460449219],[-133.90518188476562,56.59365463256836],[-133.9935302734375,56.59365463256836],[-133.82403564453125,56.387733459472656],[-134.0029754638672,56.319149017333984],[-133.92044067382812,56.182064056396484],[-134.27536010742188,56.11355972290039],[-134.4460906982422,56.25059127807617],[-134.35552978515625,56.319149017333984],[-134.4413604736328,56.387733459472656],[-134.35317993164062,56.387733459472656],[-134.439208984375,56.45634460449219],[-134.26272583007812,56.45634460449219],[-134.60736083984375,56.799827575683594],[-134.69586181640625,56.799827575683594],[-134.6087646484375,56.731075286865234],[-134.69869995117188,56.662349700927734],[-134.5254669189453,56.524986267089844],[-134.61375427246094,56.524986267089844],[-134.53416442871094,56.25059127807617],[-134.80076599121094,56.182064056396484],[-135.1451416015625,56.45634460449219],[-135.05523681640625,56.524986267089844],[-135.22909545898438,56.662349700927734],[-135.1407012939453,56.662349700927734],[-135.57899475097656,57.07511901855469],[-135.93394470214844,57.00625228881836],[-136.1114959716797,57.14401626586914],[-136.02297973632812,57.21294021606445],[-136.1122589111328,57.28189468383789],[-135.93447875976562,57.28189468383789],[-136.02389526367188,57.35087585449219],[-135.757080078125,57.35087585449219],[-136.75257873535156,58.042335510253906],[-136.3946075439453,58.042335510253906],[-136.57846069335938,58.180992126464844],[-137.58181762695312,58.528167724609375],[-138.24464416503906,59.015533447265625],[-139.7293701171875,59.434532165527344],[-139.9330596923828,59.64447021484375],[-139.66818237304688,59.714515686035156],[-139.77481079101562,59.85470962524414],[-140.2215576171875,59.78459548950195],[-140.12258911132812,59.714515686035156],[-140.84962463378906,59.714515686035156],[-141.6135711669922,59.99503707885742],[-142.819091796875,60.135501861572266],[-143.4468231201172,60.065250396728516],[-143.34487915039062,59.99503707885742],[-144.1649627685547,59.99503707885742],[-144.4732666015625,60.20578384399414],[-145.8953399658203,60.48725891113281],[-146.10592651367188,60.628211975097656],[-145.92257690429688,60.628211975097656],[-146.02818298339844,60.69873809814453],[-146.4868621826172,60.69873809814453],[-146.9134521484375,60.9812126159668],[-147.35789489746094,60.91054153442383],[-147.55734252929688,60.9812126159668],[-147.44981384277344,60.91054153442383],[-147.89373779296875,60.83990478515625],[-148.2174530029297,61.05192565917969],[-148.40155029296875,61.05192565917969],[-148.1851806640625,60.91054153442383],[-148.6286163330078,60.83990478515625],[-147.68299865722656,60.276100158691406],[-148.33724975585938,60.34645080566406],[-147.91473388671875,60.065250396728516],[-147.56370544433594,60.135501861572266],[-147.35421752929688,59.99503707885742],[-147.5230712890625,59.92485809326172],[-147.41885375976562,59.85470962524414],[-147.76962280273438,59.78459548950195],[-148.1882781982422,60.065250396728516],[-148.27944946289062,60.065250396728516],[-148.17430114746094,59.99503707885742],[-148.62991333007812,59.99503707885742],[-148.5247344970703,59.92485809326172],[-149.6322479248047,59.99503707885742],[-149.51187133789062,59.85470962524414],[-149.87586975097656,59.85470962524414],[-149.75592041015625,59.714515686035156],[-150.11944580078125,59.714515686035156],[-149.99993896484375,59.574459075927734],[-150.80218505859375,59.504478454589844],[-150.5923309326172,59.36461639404297],[-151.81661987304688,59.15507125854492],[-152.238037109375,59.434532165527344],[-151.63363647460938,59.574459075927734],[-152.0598907470703,59.85470962524414],[-151.96888732910156,59.85470962524414],[-152.09251403808594,59.99503707885742],[-151.83554077148438,60.065250396728516],[-151.943359375,60.135501861572266],[-151.7608642578125,60.135501861572266],[-151.8688507080078,60.20578384399414],[-151.68624877929688,60.20578384399414],[-151.79440307617188,60.276100158691406],[-151.61167907714844,60.276100158691406],[-151.72000122070312,60.34645080566406],[-151.5371551513672,60.34645080566406],[-151.64566040039062,60.416839599609375],[-151.46267700195312,60.416839599609375],[-151.62399291992188,60.69873809814453],[-151.53225708007812,60.69873809814453],[-151.9172821044922,60.76930236816406],[-151.80746459960938,60.69873809814453],[-152.08267211914062,60.69873809814453],[-151.97296142578125,60.628211975097656],[-152.3216094970703,60.557716369628906],[-152.10308837890625,60.416839599609375],[-152.37754821777344,60.416839599609375],[-152.2685546875,60.34645080566406],[-152.451416015625,60.34645080566406],[-152.34259033203125,60.276100158691406],[-152.78189086914062,60.20578384399414],[-152.56500244140625,60.065250396728516],[-152.65618896484375,60.065250396728516],[-152.54812622070312,59.99503707885742],[-152.73036193847656,59.99503707885742],[-152.6224822998047,59.92485809326172],[-153.07778930664062,59.92485809326172],[-152.9698944091797,59.85470962524414],[-153.15188598632812,59.85470962524414],[-153.04417419433594,59.78459548950195],[-153.13511657714844,59.78459548950195],[-153.0276336669922,59.714515686035156],[-153.2093963623047,59.714515686035156],[-153.10208129882812,59.64447021484375],[-153.64700317382812,59.64447021484375],[-153.5396270751953,59.574459075927734],[-153.81190490722656,59.574459075927734],[-153.70465087890625,59.504478454589844],[-153.79534912109375,59.504478454589844],[-153.68832397460938,59.434532165527344],[-153.86961364746094,59.434532165527344],[-153.76275634765625,59.36461639404297],[-154.0345001220703,59.36461639404297],[-153.92776489257812,59.294734954833984],[-154.27365112304688,59.22488784790039],[-153.6092987060547,59.08528518676758],[-153.27882385253906,58.80647277832031],[-153.53456115722656,58.73685073852539],[-153.4301300048828,58.66725540161133],[-153.95558166503906,58.59769821166992],[-153.851318359375,58.528167724609375],[-154.03109741210938,58.528167724609375],[-153.927001953125,58.45867156982422],[-154.10665893554688,58.45867156982422],[-154.0027313232422,58.38920593261719],[-154.3336944580078,58.2503662109375],[-154.21669006347656,58.11164855957031],[-155.00868225097656,58.042335510253906],[-154.90550231933594,57.97305679321289],[-155.17379760742188,57.97305679321289],[-155.0707244873047,57.903804779052734],[-155.24948120117188,57.903804779052734],[-155.14659118652344,57.8345832824707],[-155.66883850097656,57.7653923034668],[-155.56610107421875,57.696231842041016],[-155.82028198242188,57.62710189819336],[-155.7178955078125,57.55800247192383],[-156.4928741455078,57.41988754272461],[-156.39071655273438,57.35087585449219],[-156.56858825683594,57.35087585449219],[-156.3522491455078,57.14401626586914],[-156.69464111328125,57.07511901855469],[-156.59344482421875,57.00625228881836],[-156.77078247070312,57.00625228881836],[-156.6697540283203,56.937416076660156],[-157.11282348632812,56.937416076660156],[-157.0117950439453,56.86860656738281],[-157.1889190673828,56.86860656738281],[-157.08807373046875,56.799827575683594],[-157.61911010742188,56.799827575683594],[-157.4055938720703,56.59365463256836],[-158.02401733398438,56.59365463256836],[-157.92352294921875,56.524986267089844],[-158.10011291503906,56.524986267089844],[-157.99978637695312,56.45634460449219],[-158.5292510986328,56.45634460449219],[-158.2174530029297,56.182064056396484],[-158.65762329101562,56.182064056396484],[-158.53543090820312,55.97663879394531],[-158.799072265625,55.97663879394531],[-158.70004272460938,55.90821838378906],[-159.40264892578125,55.90821838378906],[-159.30348205566406,55.83982467651367],[-159.56680297851562,55.83982467651367],[-159.46774291992188,55.77145767211914],[-159.63198852539062,55.70311737060547],[-159.5333251953125,55.63479995727539],[-160.16952514648438,55.77145767211914],[-160.07034301757812,55.70311737060547],[-160.2456817626953,55.70311737060547],[-160.14666748046875,55.63479995727539],[-160.4971466064453,55.63479995727539],[-160.39820861816406,55.56651306152344],[-160.73712158203125,55.498252868652344],[-160.63845825195312,55.430015563964844],[-161.17471313476562,55.498252868652344],[-161.0645751953125,55.36180877685547],[-162.10194396972656,55.29362487792969],[-161.8935546875,55.089229583740234],[-162.32965087890625,55.089229583740234],[-162.22044372558594,54.95309066772461],[-163.27737426757812,55.021148681640625],[-163.08041381835938,54.88506317138672],[-163.42869567871094,54.88506317138672],[-163.22161865234375,54.681121826171875],[-164.2534637451172,54.613189697265625],[-164.1555938720703,54.545284271240234],[-164.4160614013672,54.545284271240234],[-164.31832885742188,54.47740173339844],[-164.49188232421875,54.47740173339844],[-164.39431762695312,54.4095458984375],[-164.74122619628906,54.4095458984375],[-165.13389587402344,54.681121826171875],[-164.7862091064453,54.681121826171875],[-164.90887451171875,54.88506317138672],[-164.4855499267578,54.95309066772461],[-164.58489990234375,55.021148681640625],[-164.42288208007812,55.089229583740234],[-164.52264404296875,55.15733337402344],[-164.34811401367188,55.15733337402344],[-164.4480438232422,55.225467681884766],[-163.5626983642578,55.15733337402344],[-163.67457580566406,55.29362487792969],[-163.23773193359375,55.29362487792969],[-163.34999084472656,55.430015563964844],[-162.90036010742188,55.36180877685547],[-163.0001220703125,55.430015563964844],[-162.83758544921875,55.498252868652344],[-162.93772888183594,55.56651306152344],[-162.42481994628906,55.63479995727539],[-162.55111694335938,55.83982467651367],[-162.37557983398438,55.83982467651367],[-162.4899139404297,55.97663879394531],[-162.31414794921875,55.97663879394531],[-162.41551208496094,56.04508590698242],[-161.09658813476562,56.04508590698242],[-160.80784606933594,55.90821838378906],[-160.90811157226562,55.97663879394531],[-160.6444854736328,55.97663879394531],[-160.75755310058594,56.11355972290039],[-160.5815887451172,56.11355972290039],[-160.69534301757812,56.25059127807617],[-160.5191650390625,56.25059127807617],[-160.62034606933594,56.319149017333984],[-160.28085327148438,56.387733459472656],[-160.38232421875,56.45634460449219],[-159.62759399414062,56.662349700927734],[-159.72955322265625,56.731075286865234],[-159.4641876220703,56.731075286865234],[-159.56625366210938,56.799827575683594],[-159.3007354736328,56.799827575683594],[-159.40292358398438,56.86860656738281],[-158.7830047607422,56.86860656738281],[-158.92672729492188,57.14401626586914],[-158.67446899414062,57.21294021606445],[-158.777587890625,57.28189468383789],[-158.51092529296875,57.28189468383789],[-158.61416625976562,57.35087585449219],[-158.36172485351562,57.41988754272461],[-158.46530151367188,57.488929748535156],[-158.03456115722656,57.55800247192383],[-158.1383819580078,57.62710189819336],[-157.78175354003906,57.62710189819336],[-157.9462890625,57.97305679321289],[-157.7674102783203,57.97305679321289],[-157.9040069580078,58.180992126464844],[-157.65109252929688,58.2503662109375],[-157.87950134277344,58.45867156982422],[-157.69984436035156,58.45867156982422],[-157.82318115234375,58.59769821166992],[-158.3628387451172,58.59769821166992],[-158.70387268066406,58.876129150390625],[-158.95616149902344,58.80647277832031],[-158.7052001953125,58.528167724609375],[-158.7950897216797,58.528167724609375],[-158.68797302246094,58.45867156982422],[-158.8676300048828,58.45867156982422],[-158.7606964111328,58.38920593261719],[-159.03001403808594,58.38920593261719],[-159.69580078125,58.876129150390625],[-160.0375518798828,58.80647277832031],[-160.45606994628906,59.015533447265625],[-160.81723022460938,59.015533447265625],[-160.7072296142578,58.94581604003906],[-161.13858032226562,58.876129150390625],[-160.81024169921875,58.66725540161133],[-160.90023803710938,58.66725540161133],[-160.79132080078125,58.59769821166992],[-160.97122192382812,58.59769821166992],[-160.86248779296875,58.528167724609375],[-161.13214111328125,58.528167724609375],[-161.35025024414062,58.66725540161133],[-161.8706512451172,58.59769821166992],[-162.1102294921875,58.80647277832031],[-161.83987426757812,58.80647277832031],[-161.9910125732422,59.015533447265625],[-161.90072631835938,59.015533447265625],[-162.23463439941406,59.22488784790039],[-162.1441650390625,59.22488784790039],[-162.27760314941406,59.36461639404297],[-161.93679809570312,59.434532165527344],[-162.04922485351562,59.504478454589844],[-161.86781311035156,59.504478454589844],[-161.9804229736328,59.574459075927734],[-161.88966369628906,59.574459075927734],[-162.38922119140625,59.99503707885742],[-163.00341796875,59.92485809326172],[-162.88894653320312,59.85470962524414],[-164.1629638671875,59.85470962524414],[-164.76817321777344,60.276100158691406],[-164.95089721679688,60.276100158691406],[-165.5404815673828,60.628211975097656],[-165.44882202148438,60.628211975097656],[-165.56764221191406,60.69873809814453],[-165.29244995117188,60.69873809814453],[-165.41140747070312,60.76930236816406],[-165.13601684570312,60.76930236816406],[-165.25514221191406,60.83990478515625],[-165.0714111328125,60.83990478515625],[-165.19073486328125,60.91054153442383],[-165.09881591796875,60.91054153442383],[-166.12757873535156,61.40604019165039],[-166.0352020263672,61.40604019165039],[-166.1571807861328,61.47697448730469],[-165.97232055664062,61.47697448730469],[-166.46311950683594,61.7611083984375],[-166.0923614501953,61.7611083984375],[-166.24647521972656,61.90340805053711],[-165.81309509277344,61.97461700439453],[-165.96815490722656,62.117156982421875],[-165.78211975097656,62.117156982421875],[-165.93804931640625,62.259857177734375],[-165.6586151123047,62.259857177734375],[-165.7834014892578,62.331268310546875],[-165.53541564941406,62.4027214050293],[-165.66064453125,62.474212646484375],[-165.22573852539062,62.54574966430664],[-165.35125732421875,62.61732482910156],[-164.88388061523438,62.61732482910156],[-165.16786193847656,62.83230972290039],[-164.98049926757812,62.83230972290039],[-165.1398162841797,62.9758415222168],[-164.9521942138672,62.9758415222168],[-165.07908630371094,63.047672271728516],[-164.6426239013672,63.11954879760742],[-164.8032989501953,63.263427734375],[-164.5210418701172,63.263427734375],[-164.648681640625,63.33543014526367],[-164.083740234375,63.33543014526367],[-163.60916137695312,63.11954879760742],[-163.32730102539062,63.11954879760742],[-163.45355224609375,63.191463470458984],[-162.9834442138672,63.191463470458984],[-163.10971069335938,63.263427734375],[-162.85968017578125,63.33543014526367],[-162.9863739013672,63.4074821472168],[-162.70370483398438,63.4074821472168],[-162.83053588867188,63.479576110839844],[-162.64195251464844,63.479576110839844],[-162.76901245117188,63.55171203613281],[-161.7932891845703,63.479576110839844],[-161.9197235107422,63.55171203613281],[-161.35353088378906,63.55171203613281],[-161.4799041748047,63.623897552490234],[-161.03961181640625,63.69612503051758],[-161.1986541748047,63.84071350097656],[-161.00936889648438,63.84071350097656],[-161.30250549316406,64.27558898925781],[-161.2074432373047,64.27558898925781],[-161.62998962402344,64.56643676757812],[-161.24856567382812,64.56643676757812],[-161.37860107421875,64.63926696777344],[-161.09231567382812,64.63926696777344],[-161.22250366210938,64.71215057373047],[-160.97076416015625,64.78507995605469],[-161.38836669921875,64.8580551147461],[-161.2574920654297,64.78507995605469],[-161.92652893066406,64.78507995605469],[-161.79551696777344,64.71215057373047],[-162.5835723876953,64.56643676757812],[-162.45289611816406,64.49365234375],[-162.70343017578125,64.4209213256836],[-162.57321166992188,64.34822845458984],[-163.72787475585938,64.56643676757812],[-165.69261169433594,64.49365234375],[-166.43641662597656,64.63926696777344],[-166.7447052001953,64.8580551147461],[-166.55340576171875,64.8580551147461],[-167.1372528076172,65.22367095947266],[-166.40951538085938,65.29694366455078],[-166.54632568359375,65.3702621459961],[-167.31564331054688,65.3702621459961],[-168.3949737548828,65.73763275146484],[-168.29843139648438,65.73763275146484],[-168.43853759765625,65.8112564086914],[-167.8157196044922,65.73763275146484],[-167.9554443359375,65.8112564086914],[-167.76220703125,65.8112564086914],[-167.90220642089844,65.88493347167969],[-167.61212158203125,65.88493347167969],[-167.75230407714844,65.95866394042969],[-167.17169189453125,65.95866394042969],[-167.3118438720703,66.0324478149414],[-167.0647430419922,66.10628509521484],[-167.20545959472656,66.18017578125],[-165.84744262695312,66.18017578125],[-166.07449340820312,66.40216064453125],[-165.88003540039062,66.40216064453125],[-166.0211181640625,66.47626495361328],[-165.24261474609375,66.47626495361328],[-165.38351440429688,66.55042266845703],[-164.5501708984375,66.6246337890625],[-164.69117736816406,66.69890594482422],[-164.10589599609375,66.69890594482422],[-163.8252716064453,66.55042266845703],[-163.9226531982422,66.55042266845703],[-163.78292846679688,66.47626495361328],[-163.97755432128906,66.47626495361328],[-163.83811950683594,66.40216064453125],[-163.9353485107422,66.40216064453125],[-163.7962646484375,66.32811737060547],[-163.99058532714844,66.32811737060547],[-163.85177612304688,66.25411987304688],[-164.1430206298828,66.25411987304688],[-164.00440979003906,66.18017578125],[-161.92774963378906,66.10628509521484],[-162.06439208984375,66.18017578125],[-161.77337646484375,66.18017578125],[-161.95030212402344,66.32811737060547],[-161.3673553466797,66.32811737060547],[-161.8934326171875,66.40216064453125],[-162.9110107421875,66.99652099609375],[-163.78240966796875,67.14566802978516],[-164.0684814453125,67.29503631591797],[-163.9702911376953,67.29503631591797],[-164.1139678955078,67.36980438232422],[-163.9174346923828,67.36980438232422],[-164.20590209960938,67.51952362060547],[-164.1074676513672,67.51952362060547],[-164.5435791015625,67.74452209472656],[-165.9741668701172,68.1207046508789],[-166.82656860351562,68.49837493896484],[-166.52801513671875,68.49837493896484],[-166.68002319335938,68.57408905029297],[-166.43382263183594,68.64987182617188],[-166.5865936279297,68.7257080078125],[-166.38702392578125,68.7257080078125],[-166.54017639160156,68.8016128540039],[-166.3404541015625,68.8016128540039],[-166.49398803710938,68.87757110595703],[-166.09417724609375,68.87757110595703],[-166.2479248046875,68.95359802246094],[-164.94740295410156,68.95359802246094],[-165.10057067871094,69.0296859741211],[-164.4998016357422,69.0296859741211],[-164.65301513671875,69.10584259033203],[-163.904052734375,69.18205261230469],[-164.05760192871094,69.25833129882812],[-163.60882568359375,69.33467864990234],[-163.76300048828125,69.41107940673828],[-163.46128845214844,69.41107940673828],[-163.6157684326172,69.487548828125],[-163.21311950683594,69.487548828125],[-163.36782836914062,69.5640869140625],[-163.11976623535156,69.64068603515625],[-163.27528381347656,69.71734619140625],[-163.07342529296875,69.71734619140625],[-163.2847900390625,69.8708724975586],[-162.83460998535156,69.9477310180664],[-162.99172973632812,70.024658203125],[-162.6878204345703,70.024658203125],[-162.84527587890625,70.10164642333984],[-162.597412109375,70.17870330810547],[-162.75575256347656,70.2558364868164],[-162.45101928710938,70.2558364868164],[-162.60972595214844,70.3330307006836],[-162.20303344726562,70.3330307006836],[-162.3620147705078,70.41029357910156],[-161.18630981445312,70.3330307006836],[-161.34434509277344,70.41029357910156],[-160.93727111816406,70.41029357910156],[-161.09559631347656,70.48763275146484],[-160.64283752441406,70.5650405883789],[-160.8019256591797,70.64251708984375],[-159.92913818359375,70.5650405883789],[-160.30421447753906,70.79769897460938],[-159.89523315429688,70.79769897460938],[-160.0552520751953,70.87539672851562],[-158.56607055664062,70.79769897460938],[-158.72482299804688,70.87539672851562],[-158.1107940673828,70.87539672851562],[-158.26966857910156,70.95317840576172],[-157.7574920654297,70.95317840576172],[-157.91659545898438,71.0310287475586],[-157.50645446777344,71.0310287475586],[-157.6658935546875,71.10896301269531],[-157.20968627929688,71.18696594238281],[-157.37002563476562,71.26505279541016],[-157.0615234375,71.26505279541016],[-157.22232055664062,71.34321594238281],[-156.9135284423828,71.34321594238281],[-157.07476806640625,71.42146301269531],[-156.19302368164062,71.34321594238281],[-155.5106201171875,71.10896301269531],[-155.40797424316406,71.10896301269531],[-155.5659942626953,71.18696594238281],[-154.94960021972656,71.18696594238281],[-154.4794921875,70.95317840576172],[-154.6843719482422,70.95317840576172],[-154.5288848876953,70.87539672851562],[-153.61013793945312,71.0310287475586],[-153.50759887695312,71.0310287475586],[-152.6356201171875,70.95317840576172],[-152.22958374023438,70.64251708984375],[-151.72434997558594,70.48763275146484],[-149.0198211669922,70.5650405883789],[-147.5189208984375,70.2558364868164]]],[[[-170.03512573242188,63.55171203613281],[-169.01687622070312,63.4074821472168],[-168.7186737060547,63.191463470458984],[-169.37681579589844,63.191463470458984],[-169.24624633789062,63.11954879760742],[-169.52810668945312,63.11954879760742],[-169.39772033691406,63.047672271728516],[-169.58547973632812,63.047672271728516],[-169.455322265625,62.9758415222168],[-169.73675537109375,62.9758415222168],[-170.26043701171875,63.263427734375],[-170.16635131835938,63.263427734375],[-170.33604431152344,63.4074821472168],[-170.2418212890625,63.4074821472168],[-170.1475830078125,63.4074821472168],[-170.27989196777344,63.479576110839844],[-169.99700927734375,63.479576110839844],[-170.12948608398438,63.55171203613281],[-170.03512573242188,63.55171203613281]]],[[[-170.0648193359375,66.25411987304688],[-169.6361846923828,66.0324478149414],[-169.7330322265625,66.0324478149414],[-169.8298797607422,66.0324478149414],[-169.68772888183594,65.95866394042969],[-169.8812713623047,65.95866394042969],[-170.30950927734375,66.18017578125],[-170.0648193359375,66.25411987304688]]],[[[119.92606353759766,5.300096035003662],[120.14891052246094,5.364383697509766],[120.13642883300781,5.171521186828613],[119.69098663330078,5.042945861816406],[119.69914245605469,5.171521186828613],[119.92191314697266,5.235808849334717],[119.92606353759766,5.300096035003662]]],[[[120.85321044921875,6.071547985076904],[121.35903930664062,6.007260322570801],[121.34554290771484,5.81439733505249],[120.83966827392578,5.878684997558594],[120.84415435791016,5.942972660064697],[120.85321044921875,6.071547985076904]]],[[[117.39812469482422,8.514476776123047],[117.23539733886719,8.321614265441895],[117.08937072753906,8.321614265441895],[117.28052520751953,8.835914611816406],[118.21685028076172,9.478790283203125],[118.89142608642578,10.378815650939941],[119.19066619873047,10.443102836608887],[119.17251586914062,10.957403182983398],[119.31885528564453,10.957403182983398],[119.42049407958984,11.214552879333496],[119.5668716430664,11.214552879333496],[119.5836410522461,10.7002534866333],[119.7162094116211,10.571678161621094],[120.01566314697266,10.635965347290039],[120.00196075439453,10.507390975952148],[119.31689453125,10.250240325927734],[119.14446258544922,9.993090629577637],[119.07135772705078,9.993090629577637],[118.76608276367188,9.86451530456543],[118.7283935546875,9.478790283203125],[118.02262115478516,8.964489936828613],[118.01094055175781,8.835914611816406],[117.39812469482422,8.514476776123047]]],[[[120.06517791748047,11.728853225708008],[119.85306549072266,11.793140411376953],[119.86833190917969,11.92171573638916],[120.08805084228516,11.92171573638916],[120.07276153564453,11.793140411376953],[120.06517791748047,11.728853225708008]]],[[[119.94927215576172,11.986002922058105],[119.95702362060547,12.050291061401367],[119.81829833984375,12.114578247070312],[119.8418960571289,12.307440757751465],[120.33893585205078,12.178865432739258],[120.31549835205078,11.986002922058105],[119.94927215576172,11.986002922058105]]],[[[121.94268035888672,12.114578247070312],[121.95064544677734,12.178865432739258],[121.87738800048828,12.178865432739258],[121.90153503417969,12.37172794342041],[122.1295166015625,12.436016082763672],[122.08918762207031,12.114578247070312],[121.94268035888672,12.114578247070312]]],[[[120.34144592285156,13.336042404174805],[120.36778259277344,13.528904914855957],[120.74353790283203,13.593193054199219],[121.31269073486328,13.464617729187012],[121.4417495727539,13.336042404174805],[121.42427062988281,13.207467079162598],[121.56228637695312,13.143178939819336],[121.55143737792969,12.500303268432617],[121.29131317138672,12.178865432739258],[121.21804809570312,12.178865432739258],[120.94896697998047,12.37172794342041],[120.84320068359375,12.69316577911377],[120.70488739013672,12.757453918457031],[120.67367553710938,13.07889175415039],[120.34144592285156,13.336042404174805]]],[[[121.75287628173828,13.464617729187012],[122.20203399658203,13.528904914855957],[122.15769958496094,13.207467079162598],[121.86432647705078,13.207467079162598],[121.7439956665039,13.40032958984375],[121.75287628173828,13.464617729187012]]],[[[120.31220245361328,13.657480239868164],[120.10101318359375,13.721768379211426],[120.11906433105469,13.850343704223633],[120.26586151123047,13.850343704223633],[120.32117462158203,13.721768379211426],[120.31220245361328,13.657480239868164]]],[[[121.82450103759766,14.943235397338867],[121.84484100341797,15.07181167602539],[122.12867736816406,15.007523536682129],[122.0685043334961,14.621796607971191],[121.85796356201172,14.686083793640137],[121.81441497802734,14.878947257995605],[121.82450103759766,14.943235397338867]]],[[[121.86782836914062,16.100418090820312],[121.60336303710938,15.843266487121582],[121.48748779296875,15.136098861694336],[121.59392547607422,14.878947257995605],[121.7944107055664,14.750371932983398],[121.67190551757812,14.428933143615723],[121.84449768066406,14.107494354248047],[122.08374786376953,14.236069679260254],[122.19281005859375,13.97891902923584],[122.39672088623047,14.364645004272461],[122.76395416259766,14.364645004272461],[123.03838348388672,14.236069679260254],[123.1191177368164,13.786055564880371],[123.26589965820312,13.786055564880371],[123.23951721191406,14.107494354248047],[123.52367401123047,14.043206214904785],[123.57817840576172,13.914630889892578],[123.87179565429688,13.914630889892578],[123.9171371459961,13.721768379211426],[123.60518646240234,13.593193054199219],[123.80708312988281,13.464617729187012],[123.84456634521484,13.207467079162598],[124.137939453125,13.207467079162598],[124.11639404296875,12.500303268432617],[123.89653778076172,12.500303268432617],[123.79224395751953,12.821741104125977],[123.64562225341797,12.821741104125977],[123.45155334472656,13.014603614807129],[123.23157501220703,13.014603614807129],[123.34386444091797,12.757453918457031],[123.05914306640625,12.821741104125977],[122.92964172363281,12.950316429138184],[122.95568084716797,13.143178939819336],[123.24028015136719,13.07889175415039],[123.26667785644531,13.271754264831543],[122.79804992675781,13.593193054199219],[122.68801879882812,13.850343704223633],[122.54122161865234,13.850343704223633],[122.52278137207031,13.721768379211426],[122.74443817138672,13.207467079162598],[122.52440643310547,13.207467079162598],[122.47758483886719,13.40032958984375],[122.15584564208984,13.721768379211426],[122.00907135009766,13.721768379211426],[121.81647491455078,13.914630889892578],[121.50447845458984,13.786055564880371],[121.40391540527344,13.593193054199219],[121.03704071044922,13.593193054199219],[120.8530502319336,13.850343704223633],[120.62376403808594,13.786055564880371],[120.62451934814453,14.300357818603516],[120.947021484375,14.493220329284668],[120.96644592285156,14.621796607971191],[120.6186752319336,14.750371932983398],[120.6435775756836,14.428933143615723],[120.34976959228516,14.428933143615723],[120.31494903564453,14.686083793640137],[120.04063415527344,14.81466007232666],[120.0271987915039,15.200387001037598],[119.85801696777344,15.52182674407959],[119.91065979003906,15.843266487121582],[119.77412414550781,15.907554626464844],[119.80636596679688,16.100418090820312],[119.73274230957031,16.100418090820312],[119.77629852294922,16.35757064819336],[120.00827026367188,16.421857833862305],[120.11172485351562,16.16470718383789],[120.39535522460938,16.100418090820312],[120.38765716552734,16.486146926879883],[120.3139877319336,16.486146926879883],[120.46136474609375,17.321889877319336],[120.34858703613281,17.514753341674805],[120.61154174804688,18.543354034423828],[120.75936126708984,18.543354034423828],[120.78340148925781,18.67193031311035],[121.43663024902344,18.607641220092773],[121.68395233154297,18.350492477416992],[122.05338287353516,18.350492477416992],[122.16364288330078,18.543354034423828],[122.3853759765625,18.543354034423828],[122.43495178222656,18.414779663085938],[122.27656555175781,17.964767456054688],[122.26457977294922,17.90047836303711],[122.2168960571289,17.643327713012695],[122.53849792480469,17.38617706298828],[122.50325012207031,17.193313598632812],[122.63904571533203,17.129026412963867],[122.25811767578125,16.228994369506836],[121.86782836914062,16.100418090820312]]],[[[-65.51956176757812,18.157629013061523],[-65.71776580810547,17.964767456054688],[-66.15299987792969,17.90047836303711],[-66.2268295288086,17.90047836303711],[-67.1207046508789,17.964767456054688],[-67.25861358642578,18.479066848754883],[-66.15807342529297,18.543354034423828],[-65.55097198486328,18.414779663085938],[-65.51956176757812,18.157629013061523]]],[[[121.48419189453125,19.25051498413086],[121.348388671875,19.314802169799805],[121.44680786132812,19.443374633789062],[121.58262634277344,19.379087448120117],[121.55818939208984,19.25051498413086],[121.48419189453125,19.25051498413086]]],[[[-77.52362060546875,21.88625717163086],[-77.0573501586914,21.7576847076416],[-77.02719116210938,21.5648250579834],[-76.79434967041016,21.500539779663086],[-76.77450561523438,21.371967315673828],[-76.24481201171875,21.307680130004883],[-75.9927978515625,21.114822387695312],[-75.63130950927734,21.179107666015625],[-75.4993896484375,20.793392181396484],[-74.74800872802734,20.72910499572754],[-74.32099914550781,20.343387603759766],[-74.09859466552734,20.343387603759766],[-74.07083892822266,20.150527954101562],[-75.20996856689453,19.8290958404541],[-75.7471923828125,19.95766830444336],[-76.4880599975586,19.95766830444336],[-76.91358184814453,19.8290958404541],[-77.65428161621094,19.8290958404541],[-77.68303680419922,20.021955490112305],[-77.55404663085938,20.150527954101562],[-77.13813018798828,20.343387603759766],[-77.18638610839844,20.664819717407227],[-77.92814636230469,20.664819717407227],[-78.2445068359375,20.793392181396484],[-78.66162872314453,21.5648250579834],[-79.24571990966797,21.500539779663086],[-79.6480941772461,21.693397521972656],[-79.94532775878906,21.693397521972656],[-80.36949157714844,22.014829635620117],[-80.88996124267578,22.014829635620117],[-82.04874420166016,22.271976470947266],[-82.08177947998047,22.46483612060547],[-81.63530731201172,22.46483612060547],[-81.74300384521484,22.657697677612305],[-82.63627624511719,22.657697677612305],[-82.9115219116211,22.529123306274414],[-83.02685546875,22.33626365661621],[-83.17564392089844,22.33626365661621],[-83.22785186767578,22.20768928527832],[-83.81177520751953,22.143402099609375],[-83.91641998291016,21.88625717163086],[-84.0760726928711,21.950544357299805],[-84.26617431640625,21.7576847076416],[-84.41481018066406,21.7576847076416],[-84.43675994873047,21.88625717163086],[-84.79740142822266,21.821969985961914],[-84.75626373291016,22.014829635620117],[-84.32123565673828,22.079116821289062],[-84.37725830078125,22.400548934936523],[-83.99913787841797,22.786272048950195],[-83.22618103027344,23.043420791625977],[-82.77921295166016,23.043420791625977],[-82.29248046875,23.236284255981445],[-81.10013580322266,23.236284255981445],[-81.07723999023438,23.107707977294922],[-80.56707763671875,23.171995162963867],[-80.46991729736328,23.043420791625977],[-79.85165405273438,22.914846420288086],[-79.77717590332031,22.914846420288086],[-79.25408935546875,22.46483612060547],[-78.57373046875,22.400548934936523],[-78.00057983398438,22.079116821289062],[-77.63912963867188,22.143402099609375],[-77.52362060546875,21.88625717163086]]],[[[-82.6635513305664,21.950544357299805],[-82.4932861328125,21.821969985961914],[-82.48255157470703,21.7576847076416],[-82.50363159179688,21.43625259399414],[-82.94928741455078,21.43625259399414],[-83.08789825439453,21.821969985961914],[-83.03526306152344,21.950544357299805],[-82.6635513305664,21.950544357299805]]],[[[-78.4249267578125,22.400548934936523],[-78.59505462646484,22.529123306274414],[-78.23362731933594,22.59341049194336],[-78.20171356201172,22.400548934936523],[-78.35051727294922,22.400548934936523],[-78.4249267578125,22.400548934936523]]],[[[-89.36355590820312,29.022375106811523],[-89.38286590576172,29.08665657043457],[-89.3072738647461,29.08665657043457],[-89.28797912597656,29.022375106811523],[-89.26876831054688,28.958093643188477],[-89.3443374633789,28.958093643188477],[-89.36355590820312,29.022375106811523]]],[[[-118.45016479492188,33.32876968383789],[-118.54509735107422,33.52165222167969],[-118.25157928466797,33.393062591552734],[-118.2200927734375,33.32876968383789],[-118.45016479492188,33.32876968383789]]],[[[-120.21975708007812,34.10039138793945],[-119.98899841308594,34.10039138793945],[-119.89054870605469,33.90746307373047],[-120.12113189697266,33.90746307373047],[-120.26368713378906,34.03607940673828],[-120.18678283691406,34.03607940673828],[-120.21975708007812,34.10039138793945]]],[[[-75.44519805908203,35.194007873535156],[-75.59971618652344,35.194007873535156],[-75.64539337158203,35.32271194458008],[-75.43637084960938,35.38706970214844],[-75.39068603515625,35.258358001708984],[-75.46796417236328,35.258358001708984],[-75.44519805908203,35.194007873535156]]],[[[-91.18678283691406,48.191749572753906],[-90.77262878417969,48.191749572753906],[-90.14935302734375,48.1257438659668],[-89.89736938476562,47.993770599365234],[-89.98009490966797,47.993770599365234],[-89.93704986572266,47.92780685424805],[-90.79964447021484,47.730003356933594],[-90.75667572021484,47.664100646972656],[-91.4100570678711,47.4006233215332],[-91.3673324584961,47.33478927612305],[-91.57173919677734,47.26897048950195],[-91.56890869140625,47.13737487792969],[-91.93768310546875,47.07159423828125],[-91.89521026611328,47.005828857421875],[-92.05961608886719,47.005828857421875],[-92.0171890258789,46.94007873535156],[-92.13912963867188,46.87434005737305],[-92.01258850097656,46.677207946777344],[-91.52037811279297,46.677207946777344],[-91.56224822998047,46.74290466308594],[-90.90708923339844,46.87434005737305],[-90.86530303955078,46.808616638183594],[-91.02951049804688,46.808616638183594],[-90.90458679199219,46.61152267456055],[-90.28936767578125,46.54585266113281],[-90.33057403564453,46.61152267456055],[-89.96170043945312,46.677207946777344],[-90.00293731689453,46.74290466308594],[-89.75672912597656,46.74290466308594],[-89.7979736328125,46.808616638183594],[-89.38745880126953,46.808616638183594],[-89.42863464355469,46.87434005737305],[-89.10008239746094,46.87434005737305],[-89.14122772216797,46.94007873535156],[-88.8536605834961,47.005828857421875],[-88.8948745727539,47.07159423828125],[-88.56592559814453,47.07159423828125],[-88.4429931640625,46.87434005737305],[-87.9908447265625,46.94007873535156],[-87.21665954589844,46.480194091796875],[-86.39730834960938,46.480194091796875],[-86.43684387207031,46.54585266113281],[-86.14846801757812,46.61152267456055],[-86.18806457519531,46.677207946777344],[-85.1608657836914,46.74290466308594],[-85.00440216064453,46.480194091796875],[-84.06460571289062,46.414546966552734],[-84.35365295410156,46.348915100097656],[-84.2003173828125,46.08650588989258],[-83.99879455566406,46.02093505859375],[-84.77247619628906,46.08650588989258],[-84.85921478271484,45.95537567138672],[-85.21976470947266,46.1520881652832],[-85.62860870361328,46.1520881652832],[-85.58985137939453,46.08650588989258],[-85.8350601196289,46.08650588989258],[-85.7962875366211,46.02093505859375],[-86.28651428222656,46.02093505859375],[-86.24762725830078,45.95537567138672],[-86.53538513183594,45.889827728271484],[-86.53935241699219,45.75876998901367],[-87.31260681152344,45.82429504394531],[-87.74220275878906,45.03877639770508],[-88.0284423828125,44.973392486572266],[-88.1562271118164,44.77729415893555],[-88.04109954833984,44.58129119873047],[-87.71710205078125,44.58129119873047],[-87.71246337890625,44.71194839477539],[-87.5121841430664,44.64661407470703],[-87.68392944335938,44.38538360595703],[-87.60819244384766,44.25482940673828],[-87.77511596679688,44.12431716918945],[-87.6998291015625,43.99384307861328],[-87.99641418457031,43.6678352355957],[-87.92190551757812,43.53750228881836],[-88.04572296142578,43.472347259521484],[-87.97160339355469,43.342071533203125],[-88.05854034423828,43.211830139160156],[-87.87535095214844,42.88639831542969],[-87.95555877685547,42.88639831542969],[-87.84664154052734,42.691246032714844],[-87.9267578125,42.691246032714844],[-87.77449798583984,42.56119155883789],[-87.97864532470703,42.496177673339844],[-87.76451110839844,42.10627746582031],[-87.84436798095703,42.10627746582031],[-87.70343780517578,41.84651184082031],[-87.509033203125,41.781593322753906],[-87.48448181152344,41.586883544921875],[-87.00672912597656,41.586883544921875],[-86.91643524169922,41.71668243408203],[-86.75706481933594,41.71668243408203],[-86.78131103515625,41.911441802978516],[-86.58708953857422,41.84651184082031],[-86.18275451660156,42.43117141723633],[-86.2354965209961,42.82133865356445],[-86.15531921386719,42.82133865356445],[-86.47281646728516,43.53750228881836],[-86.38510131835938,43.6678352355957],[-86.45872497558594,43.79821014404297],[-86.37809753417969,43.79821014404297],[-86.48904418945312,43.99384307861328],[-86.2338638305664,44.25482940673828],[-86.25911712646484,44.58129119873047],[-86.04210662841797,44.908016204833984],[-85.75516510009766,44.973392486572266],[-85.79291534423828,45.03877639770508],[-85.3492202758789,44.973392486572266],[-85.37520599365234,45.300437927246094],[-85.00619506835938,45.36587905883789],[-85.07635498046875,45.62776184082031],[-84.86981201171875,45.693260192871094],[-84.90787506103516,45.75876998901367],[-84.26126861572266,45.62776184082031],[-83.50419616699219,45.300437927246094],[-83.43010711669922,45.169586181640625],[-83.55567932128906,45.10417556762695],[-83.33511352539062,44.71194839477539],[-83.41617584228516,44.71194839477539],[-83.3513412475586,44.45067596435547],[-83.5577621459961,44.38538360595703],[-83.6552963256836,44.12431716918945],[-83.94218444824219,44.05907440185547],[-84.07593536376953,43.86341094970703],[-83.93236541748047,43.6026611328125],[-83.5296859741211,43.6026611328125],[-83.43981170654297,43.73301696777344],[-83.27862548828125,43.73301696777344],[-83.1795654296875,43.99384307861328],[-82.89244079589844,44.05907440185547],[-82.66926574707031,43.79821014404297],[-82.74989318847656,43.79821014404297],[-82.60859680175781,43.53750228881836],[-82.68910217285156,43.53750228881836],[-82.58387756347656,43.342071533203125],[-82.66429138183594,43.342071533203125],[-82.52503204345703,43.08163070678711],[-82.49042510986328,43.016544342041016],[-82.42146301269531,42.88639831542969],[-82.55901336669922,42.691246032714844],[-82.63912963867188,42.691246032714844],[-82.9595947265625,42.691246032714844],[-82.89102935791016,42.56119155883789],[-83.01693725585938,42.496177673339844],[-82.91485595703125,42.30118942260742],[-83.07473754882812,42.30118942260742],[-83.08689880371094,42.17123794555664],[-83.32654571533203,42.17123794555664],[-83.5570068359375,41.84651184082031],[-83.44378662109375,41.781593322753906],[-83.45677185058594,41.65177917480469],[-82.68815612792969,41.39224624633789],[-81.4004898071289,41.521995544433594],[-81.30611419677734,41.65177917480469],[-81.14680480957031,41.65177917480469],[-81.1792984008789,41.71668243408203],[-81.01993560791016,41.71668243408203],[-81.0524673461914,41.781593322753906],[-80.47966766357422,41.911441802978516],[-80.624755859375,42.041324615478516],[-80.06597900390625,42.041324615478516],[-80.09857177734375,42.10627746582031],[-79.9388656616211,42.10627746582031],[-80.00420379638672,42.236209869384766],[-79.73184204101562,42.17123794555664],[-79.6373062133789,42.30118942260742],[-79.47742462158203,42.30118942260742],[-79.51011657714844,42.36617660522461],[-79.35017395019531,42.36617660522461],[-79.38289642333984,42.43117141723633],[-79.22289276123047,42.43117141723633],[-79.2556381225586,42.496177673339844],[-79.09558868408203,42.496177673339844],[-79.12835693359375,42.56119155883789],[-78.96824645996094,42.56119155883789],[-78.95381164550781,42.691246032714844],[-78.79358673095703,42.691246032714844],[-78.87854766845703,43.016544342041016],[-79.09246826171875,43.276947021484375],[-78.11400604248047,43.407203674316406],[-77.80633544921875,43.276947021484375],[-76.76134490966797,43.276947021484375],[-76.666015625,43.407203674316406],[-76.505126953125,43.407203674316406],[-76.53789520263672,43.472347259521484],[-76.16822052001953,43.53750228881836],[-76.18616485595703,43.73301696777344],[-76.01018524169922,43.86341094970703],[-76.25679016113281,44.18956756591797],[-76.09516143798828,44.18956756591797],[-76.12850189208984,44.25482940673828],[-76.16191101074219,44.32010269165039],[-76.00016021728516,44.32010269165039],[-75.81021881103516,44.58129119873047],[-75.64822387695312,44.58129119873047],[-75.58670806884766,44.77729415893555],[-75.08592224121094,44.908016204833984],[-75.11945343017578,44.973392486572266],[-71.62834167480469,44.973392486572266],[-71.53034210205078,45.10417556762695],[-71.36784362792969,45.10417556762695],[-71.38333892822266,45.300437927246094],[-70.89524841308594,45.300437927246094],[-70.6000747680664,45.693260192871094],[-70.4369888305664,45.693260192871094],[-70.28924560546875,45.889827728271484],[-70.33763885498047,46.1520881652832],[-70.0593490600586,46.414546966552734],[-70.1091079711914,46.677207946777344],[-70.01122283935547,46.808616638183594],[-69.66688537597656,46.94007873535156],[-69.27550506591797,47.46647262573242],[-68.8948974609375,47.20316696166992],[-68.5163803100586,47.26897048950195],[-68.54948425292969,47.33478927612305],[-68.13761138916016,47.33478927612305],[-67.90721893310547,47.20316696166992],[-67.74462127685547,46.87434005737305],[-67.8267593383789,46.87434005737305],[-67.7660903930664,46.414546966552734],[-67.84799194335938,46.414546966552734],[-67.78434753417969,46.283294677734375],[-67.8661880493164,46.283294677734375],[-67.80277252197266,46.1520881652832],[-67.9030532836914,46.02093505859375],[-67.36653900146484,45.23500442504883],[-67.06147003173828,45.10417556762695],[-67.03099822998047,45.03877639770508],[-67.0416259765625,44.71194839477539],[-67.49761962890625,44.64661407470703],[-67.51801300048828,44.5159797668457],[-67.9228515625,44.5159797668457],[-67.94304656982422,44.38538360595703],[-68.21621704101562,44.45067596435547],[-68.20589447021484,44.25482940673828],[-68.69095611572266,44.25482940673828],[-68.86370849609375,44.45067596435547],[-68.88324737548828,44.32010269165039],[-69.04499053955078,44.32010269165039],[-68.98371887207031,44.18956756591797],[-69.13445281982422,43.99384307861328],[-69.3766098022461,43.99384307861328],[-69.39627838134766,43.86341094970703],[-69.71891021728516,43.86341094970703],[-69.6883544921875,43.79821014404297],[-70.172119140625,43.79821014404297],[-70.27198791503906,43.6678352355957],[-70.21087646484375,43.53750228881836],[-70.36097717285156,43.342071533203125],[-70.52180480957031,43.342071533203125],[-70.82196807861328,42.95146560668945],[-70.64234161376953,42.56119155883789],[-70.98307037353516,42.43117141723633],[-70.923828125,42.30118942260742],[-70.62525939941406,42.17123794555664],[-70.37123107910156,41.781593322753906],[-70.1321029663086,41.781593322753906],[-70.1098861694336,41.911441802978516],[-69.95034790039062,41.911441802978516],[-69.91557312011719,41.65177917480469],[-70.44452667236328,41.586883544921875],[-70.41597747802734,41.521995544433594],[-70.5751724243164,41.521995544433594],[-70.48988342285156,41.32738494873047],[-70.72843170166016,41.32738494873047],[-70.71211242675781,41.65177917480469],[-70.89356994628906,41.521995544433594],[-71.21195983886719,41.521995544433594],[-71.26969146728516,41.65177917480469],[-71.42900085449219,41.65177917480469],[-71.37115478515625,41.521995544433594],[-71.52356719970703,41.32738494873047],[-72.84622192382812,41.26253128051758],[-72.81721496582031,41.19768524169922],[-73.47411346435547,41.06801223754883],[-73.1781997680664,40.93837356567383],[-73.2070083618164,41.00318908691406],[-71.9939956665039,41.132843017578125],[-71.93698120117188,41.00318908691406],[-72.24861907958984,40.80876541137695],[-73.46009063720703,40.6791877746582],[-73.64078521728516,40.54964065551758],[-74.14453887939453,40.614410400390625],[-74.08737182617188,40.4848747253418],[-73.9290542602539,40.4848747253418],[-73.86712646484375,40.16116714477539],[-74.17426300048828,39.77294921875],[-74.11936950683594,39.64360046386719],[-74.53467559814453,39.320335388183594],[-74.48075866699219,39.19107437133789],[-74.63629150390625,38.997230529785156],[-74.92386627197266,38.93262481689453],[-75.03128814697266,39.19107437133789],[-75.40033721923828,39.320335388183594],[-74.94844055175781,38.416015625],[-75.39386749267578,37.96426773071289],[-75.3427963256836,37.835243225097656],[-75.79052734375,37.38381576538086],[-75.74057006835938,37.254878997802734],[-75.84671783447266,37.12596130371094],[-76.00250244140625,37.12596130371094],[-76.07736206054688,37.3193473815918],[-75.99939727783203,37.3193473815918],[-76.07490539550781,37.51277160644531],[-75.89141845703125,37.641746520996094],[-75.9423599243164,37.7707405090332],[-75.81166076660156,37.835243225097656],[-75.91468811035156,38.09331130981445],[-75.83645629882812,38.09331130981445],[-76.25408935546875,38.351463317871094],[-76.3335189819336,38.54513168334961],[-76.23002624511719,38.67427444458008],[-76.38919067382812,38.8680305480957],[-76.23213958740234,38.8680305480957],[-76.31353759765625,39.06184005737305],[-76.23494720458984,39.06184005737305],[-76.34468841552734,39.320335388183594],[-76.47445678710938,39.25570297241211],[-76.3648910522461,38.997230529785156],[-76.52203369140625,38.997230529785156],[-76.44068908691406,38.80344009399414],[-76.5191879272461,38.80344009399414],[-76.25370788574219,38.157840728759766],[-76.38411712646484,38.09331130981445],[-76.17671966552734,37.7707405090332],[-76.35987091064453,37.641746520996094],[-76.18045043945312,37.38381576538086],[-76.33642578125,37.38381576538086],[-76.28614807128906,37.254878997802734],[-76.36408996582031,37.254878997802734],[-76.1865463256836,36.9970588684082],[-75.92835998535156,36.932613372802734],[-75.80631256103516,36.61045455932617],[-75.9375228881836,36.5460319519043],[-75.81749725341797,36.2239875793457],[-75.9726791381836,36.2239875793457],[-76.00263977050781,36.09519577026367],[-76.31282806396484,36.09519577026367],[-76.05645751953125,36.03080368041992],[-76.00920867919922,35.902034759521484],[-75.72277069091797,35.9664192199707],[-75.68334197998047,35.644527435302734],[-75.89229583740234,35.58015823364258],[-75.90028381347656,35.38706970214844],[-76.0318832397461,35.32271194458008],[-76.51883697509766,35.38706970214844],[-76.44954681396484,35.194007873535156],[-76.55811309814453,35.065311431884766],[-76.30364990234375,35.00096893310547],[-76.25820922851562,34.87228775024414],[-76.36725616455078,34.743614196777344],[-77.19277954101562,34.679283142089844],[-77.22452545166016,34.55062484741211],[-77.56452178955078,34.42197799682617],[-77.92404174804688,33.90746307373047],[-78.59347534179688,33.84315490722656],[-78.85625457763672,33.71455001831055],[-79.0308837890625,33.32876968383789],[-79.20623016357422,33.393062591552734],[-79.14054107666016,33.20018768310547],[-79.30528259277344,33.00732421875],[-79.53507995605469,33.00732421875],[-79.6784439086914,32.75019073486328],[-79.83149719238281,32.75019073486328],[-79.86512756347656,32.62162780761719],[-80.12832641601562,32.493072509765625],[-80.43414306640625,32.493072509765625],[-80.37033081054688,32.30024337768555],[-80.6759262084961,32.30024337768555],[-80.63360595703125,32.171695709228516],[-80.91046142578125,31.8503360748291],[-81.06301879882812,31.8503360748291],[-81.14739227294922,31.40045166015625],[-81.42681884765625,31.079113006591797],[-81.34451293945312,30.564971923828125],[-81.42045593261719,30.564971923828125],[-81.20995330810547,30.115081787109375],[-81.2857894897461,30.115081787109375],[-81.13652801513672,29.600887298583984],[-80.6197509765625,28.829526901245117],[-80.5508804321289,28.572391510009766],[-80.70183563232422,28.572391510009766],[-80.63406372070312,28.315250396728516],[-80.05867767333984,27.222335815429688],[-79.93730926513672,26.70800018310547],[-80.01240539550781,26.70800018310547],[-79.98892974853516,25.936485290527344],[-80.11087799072266,25.807899475097656],[-80.15161895751953,25.29355812072754],[-80.30130004882812,25.29355812072754],[-80.32319641113281,25.03639030456543],[-80.47279357910156,25.03639030456543],[-80.49916076660156,25.164974212646484],[-81.00960540771484,25.100683212280273],[-81.18592834472656,25.229267120361328],[-81.07682037353516,25.422143936157227],[-81.25399017333984,25.55072784423828],[-81.29570770263672,25.743606567382812],[-81.71286010742188,25.936485290527344],[-81.81658172607422,26.06507110595703],[-81.81476593017578,26.386537551879883],[-81.9797134399414,26.450830459594727],[-82.0705795288086,26.836584091186523],[-82.29593658447266,26.836584091186523],[-82.40204620361328,26.96516990661621],[-82.49684143066406,27.35091781616211],[-82.69578552246094,27.54378890991211],[-82.42735290527344,27.6723690032959],[-82.41815948486328,27.92952537536621],[-82.56884002685547,27.92952537536621],[-82.51907348632812,27.736658096313477],[-82.7449722290039,27.736658096313477],[-82.84542846679688,28.12238883972168],[-82.60623931884766,28.636676788330078],[-82.82452392578125,29.150936126708984],[-83.25760650634766,29.34377670288086],[-83.84465026855469,30.050809860229492],[-84.2237319946289,30.050809860229492],[-84.65744018554688,29.729440689086914],[-85.3198013305664,29.665164947509766],[-85.3974838256836,29.922264099121094],[-85.60826110839844,30.115081787109375],[-86.17919158935547,30.243623733520508],[-86.33628845214844,30.500701904296875],[-86.59909057617188,30.372163772583008],[-87.0749740600586,30.436433792114258],[-87.18579864501953,30.307893753051758],[-87.84819793701172,30.243623733520508],[-88.02755737304688,30.564971923828125],[-88.04110717773438,30.372163772583008],[-89.02775573730469,30.372163772583008],[-89.34473419189453,30.179353713989258],[-89.64813232421875,30.179353713989258],[-89.60676574707031,30.050809860229492],[-89.28299713134766,29.986536026000977],[-89.24226379394531,29.857990264892578],[-89.56041717529297,29.665164947509766],[-89.50047302246094,29.472333908081055],[-88.98748016357422,29.279497146606445],[-88.98567199707031,29.022375106811523],[-89.21240234375,29.022375106811523],[-89.42173767089844,29.21521759033203],[-89.74383544921875,29.279497146606445],[-89.87887573242188,29.472333908081055],[-90.03023529052734,29.472333908081055],[-89.95108032226562,29.21521759033203],[-90.06319427490234,29.08665657043457],[-90.50019073486328,29.279497146606445],[-90.59233093261719,29.08665657043457],[-90.81910705566406,29.08665657043457],[-91.79771423339844,29.79371452331543],[-92.00425720214844,29.729440689086914],[-91.68072509765625,29.665164947509766],[-91.69519805908203,29.472333908081055],[-92.62387084960938,29.536611557006836],[-93.23706817626953,29.79371452331543],[-93.82202911376953,29.729440689086914],[-94.21347045898438,29.536611557006836],[-94.74333190917969,29.536611557006836],[-94.78546142578125,29.665164947509766],[-94.9369125366211,29.665164947509766],[-94.73577880859375,29.279497146606445],[-94.94205474853516,29.21521759033203],[-95.14240264892578,28.893810272216797],[-95.7063217163086,28.765243530273438],[-95.74169921875,28.636676788330078],[-95.94819641113281,28.572391510009766],[-96.49661254882812,28.636676788330078],[-96.34140014648438,28.379535675048828],[-96.71857452392578,28.379535675048828],[-96.65951538085938,28.186676025390625],[-96.9415283203125,28.12238883972168],[-96.90266418457031,27.993812561035156],[-97.01480865478516,27.865236282348633],[-97.31611633300781,27.865236282348633],[-97.07048034667969,27.54378890991211],[-97.2774887084961,27.4794979095459],[-97.24021911621094,27.35091781616211],[-97.39066314697266,27.35091781616211],[-97.31707763671875,27.093751907348633],[-97.39224243164062,27.093751907348633],[-97.35595703125,26.96516990661621],[-97.5062484741211,26.96516990661621],[-97.30677795410156,26.515121459960938],[-97.26172637939453,26.06507110595703],[-97.18675231933594,26.06507110595703],[-97.16996002197266,26.000778198242188],[-97.91960144042969,26.000778198242188],[-98.60523986816406,26.32224464416504],[-98.99786376953125,26.386537551879883],[-99.30973052978516,26.96516990661621],[-99.38441467285156,27.4794979095459],[-100.14785766601562,28.25096321105957],[-100.54895782470703,29.022375106811523],[-101.39607238769531,29.729440689086914],[-102.35063934326172,29.857990264892578],[-102.84270477294922,29.536611557006836],[-102.82878112792969,29.279497146606445],[-103.01136779785156,29.150936126708984],[-102.96742248535156,29.022375106811523],[-103.17227935791016,28.958093643188477],[-103.69181823730469,29.150936126708984],[-104.4782943725586,29.665164947509766],[-104.91156005859375,30.629240036010742],[-105.49182891845703,30.950578689575195],[-106.51304626464844,31.78606605529785],[-108.114501953125,31.78606605529785],[-108.15704345703125,31.336183547973633],[-108.28306579589844,31.271915435791016],[-110.9474105834961,31.271915435791016],[-114.65587615966797,32.428794860839844],[-114.77388000488281,32.685909271240234],[-117.1317367553711,32.493072509765625],[-117.1617660522461,32.557350158691406],[-117.4219741821289,33.26447677612305],[-118.10328674316406,33.71455001831055],[-118.41050720214844,33.71455001831055],[-118.5718765258789,34.03607940673828],[-119.14288330078125,34.10039138793945],[-119.61592864990234,34.42197799682617],[-120.57373046875,34.48630142211914],[-120.68334197998047,35.12965774536133],[-120.96980285644531,35.51579284667969],[-121.27255249023438,35.644527435302734],[-121.45104217529297,35.9664192199707],[-121.82852172851562,36.2239875793457],[-121.97525024414062,36.48161697387695],[-121.89757537841797,36.48161697387695],[-121.97157287597656,36.61045455932617],[-121.8097152709961,36.8681755065918],[-122.19632720947266,36.9970588684082],[-122.5805435180664,37.641746520996094],[-122.50264739990234,37.7707405090332],[-122.58141326904297,37.89975357055664],[-122.97355651855469,38.028785705566406],[-123.05355834960938,38.157840728759766],[-122.97747802734375,38.28691864013672],[-123.61872863769531,38.80344009399414],[-123.83454895019531,39.25570297241211],[-123.76251983642578,39.38497543334961],[-123.84843444824219,39.51427459716797],[-123.76966094970703,39.51427459716797],[-123.85614013671875,39.64360046386719],[-123.77731323242188,39.64360046386719],[-124.4219970703125,40.355369567871094],[-124.34288787841797,40.355369567871094],[-124.44535827636719,40.614410400390625],[-124.13372039794922,41.06801223754883],[-124.27396392822266,41.26253128051758],[-124.09722137451172,41.45711898803711],[-124.35184478759766,41.911441802978516],[-124.27207946777344,41.911441802978516],[-124.36874389648438,42.041324615478516],[-124.2889175415039,42.041324615478516],[-124.53278350830078,42.36617660522461],[-124.45281982421875,42.36617660522461],[-124.52056884765625,42.56119155883789],[-124.44051361083984,42.56119155883789],[-124.65898895263672,42.95146560668945],[-124.54865264892578,43.016544342041016],[-124.64928436279297,43.146724700927734],[-124.50924682617188,43.276947021484375],[-124.55989074707031,43.342071533203125],[-124.28887939453125,43.407203674316406],[-124.3905258178711,43.53750228881836],[-124.2214584350586,43.73301696777344],[-124.3239974975586,43.86341094970703],[-124.18482208251953,43.99384307861328],[-124.28805541992188,44.12431716918945],[-124.1491928100586,44.25482940673828],[-124.24773406982422,44.58129119873047],[-124.02354431152344,44.908016204833984],[-124.12515258789062,45.23500442504883],[-124.01554107666016,45.300437927246094],[-124.12187957763672,45.431331634521484],[-123.9561538696289,45.62776184082031],[-124.11705780029297,45.82429504394531],[-123.9798812866211,45.95537567138672],[-124.08799743652344,46.08650588989258],[-123.97869873046875,46.1520881652832],[-124.03298950195312,46.21768569946289],[-123.869384765625,46.21768569946289],[-124.16948699951172,46.480194091796875],[-124.00643157958984,46.677207946777344],[-124.2279052734375,46.94007873535156],[-124.11921691894531,47.005828857421875],[-124.34327697753906,47.26897048950195],[-124.26094055175781,47.26897048950195],[-124.40478515625,47.53233337402344],[-124.32230377197266,47.53233337402344],[-124.72400665283203,47.993770599365234],[-124.64128112792969,47.993770599365234],[-124.85018920898438,48.323814392089844],[-124.7431640625,48.38986587524414],[-124.80213165283203,48.455936431884766],[-124.55320739746094,48.455936431884766],[-123.65621948242188,48.191749572753906],[-122.91075134277344,48.191749572753906],[-122.57319641113281,47.993770599365234],[-122.86054229736328,48.323814392089844],[-122.66972351074219,48.38986587524414],[-122.78602600097656,48.52202224731445],[-122.53699493408203,48.52202224731445],[-122.80642700195312,48.91886520385742],[-122.86582946777344,48.98506164550781],[-95.2212905883789,48.98506164550781],[-95.23262786865234,49.11750411987305],[-95.1492919921875,49.11750411987305],[-95.24444580078125,49.2500114440918],[-95.1610336303711,49.2500114440918],[-95.25675201416016,49.38258361816406],[-95.13780212402344,49.44889450073242],[-94.875,49.316287994384766],[-94.72168731689453,48.98506164550781],[-94.8049545288086,48.98506164550781],[-94.5350341796875,48.72037124633789],[-93.90715789794922,48.654239654541016],[-93.64949798583984,48.52202224731445],[-93.36298370361328,48.5881233215332],[-93.40866088867188,48.654239654541016],[-92.94775390625,48.5881233215332],[-92.86470794677734,48.5881233215332],[-92.43557739257812,48.323814392089844],[-92.10397338867188,48.323814392089844],[-91.51292419433594,48.059749603271484],[-91.14289093017578,48.1257438659668],[-91.18678283691406,48.191749572753906]]],[[[-85.40239715576172,45.62776184082031],[-85.64691925048828,45.62776184082031],[-85.68048095703125,45.82429504394531],[-85.59886932373047,45.82429504394531],[-85.40239715576172,45.62776184082031]]],[[[-83.47079467773438,45.95537567138672],[-83.71581268310547,45.95537567138672],[-83.7479019165039,46.1520881652832],[-83.66613006591797,46.1520881652832],[-83.47079467773438,45.95537567138672]]],[[[-89.1129150390625,48.059749603271484],[-89.15582275390625,48.1257438659668],[-88.90744018554688,48.1257438659668],[-88.95036315917969,48.191749572753906],[-88.8675308227539,48.191749572753906],[-88.70187377929688,48.191749572753906],[-88.6565170288086,47.993770599365234],[-89.1502456665039,47.86185836791992],[-89.23558044433594,47.993770599365234],[-89.1129150390625,48.059749603271484]]],[[[-133.2098388671875,54.95309066772461],[-133.37318420410156,55.089229583740234],[-133.28067016601562,55.15733337402344],[-133.36280822753906,55.225467681884766],[-133.18817138671875,55.225467681884766],[-132.948486328125,54.95309066772461],[-132.61228942871094,54.817054748535156],[-132.69931030273438,54.817054748535156],[-132.7863311767578,54.817054748535156],[-132.6250762939453,54.681121826171875],[-132.97276306152344,54.681121826171875],[-133.29696655273438,54.95309066772461],[-133.2098388671875,54.95309066772461]]],[[[122.04320526123047,6.392985820770264],[121.97027587890625,6.392985820770264],[121.75626373291016,6.457273483276367],[121.85347747802734,6.778711795806885],[122.28618621826172,6.714424133300781],[122.19383239746094,6.457273483276367],[122.04320526123047,6.392985820770264]]],[[[126.59105682373047,7.614450931549072],[126.5477294921875,7.100150108337402],[126.23509979248047,6.842999458312988],[126.1999740600586,6.392985820770264],[125.9861068725586,6.457273483276367],[126.01626586914062,6.842999458312988],[125.82874298095703,7.228724956512451],[125.68281555175781,7.228724956512451],[125.67225646972656,7.100150108337402],[125.81293487548828,7.035862445831299],[125.80256652832031,6.907287120819092],[125.52112579345703,7.035862445831299],[125.41255950927734,6.585848808288574],[125.68462371826172,6.328698635101318],[125.65145111083984,5.878684997558594],[125.33269500732422,5.492959022521973],[125.1229248046875,5.62153434753418],[125.15039825439453,6.007260322570801],[124.99071502685547,5.81439733505249],[124.6990966796875,5.81439733505249],[124.00261688232422,6.264410972595215],[123.90087890625,6.842999458312988],[124.09355926513672,7.421587944030762],[123.68280792236328,7.743025779724121],[123.46385192871094,7.743025779724121],[123.37995910644531,7.614450931549072],[123.4315185546875,7.357300281524658],[122.93135070800781,7.485875606536865],[122.91549682617188,7.293012619018555],[122.76435852050781,7.228724956512451],[122.72855377197266,7.678738594055176],[122.58802795410156,7.743025779724121],[122.4935073852539,7.485875606536865],[122.34226989746094,7.421587944030762],[122.2331771850586,6.971574783325195],[121.79547882080078,6.971574783325195],[121.81585693359375,7.228724956512451],[122.06098937988281,7.550163269042969],[122.09911346435547,8.000176429748535],[122.76734924316406,8.128751754760742],[122.92475891113281,8.25732707977295],[122.9479751586914,8.514476776123047],[123.2459716796875,8.578764915466309],[123.33692932128906,8.771627426147461],[123.76313018798828,8.643052101135254],[123.8681411743164,8.193038940429688],[124.08716583251953,8.193038940429688],[124.27434539794922,8.643052101135254],[124.70652770996094,8.578764915466309],[124.8223648071289,9.028778076171875],[125.4798355102539,9.028778076171875],[125.31193542480469,9.543078422546387],[125.41825866699219,9.86451530456543],[125.96309661865234,9.478790283203125],[126.01667785644531,9.285927772521973],[126.23587799072266,9.285927772521973],[126.21035766601562,9.028778076171875],[126.35016632080078,8.964489936828613],[126.33148956298828,8.771627426147461],[126.17926788330078,8.707340240478516],[126.16708374023438,8.578764915466309],[126.37410736083984,8.450189590454102],[126.36812591552734,8.385902404785156],[126.49642181396484,8.193038940429688],[126.39456939697266,7.871601104736328],[126.53488159179688,7.807313442230225],[126.51807403564453,7.614450931549072],[126.59105682373047,7.614450931549072]]],[[[124.54899597167969,9.221640586853027],[124.77455139160156,9.285927772521973],[124.8223648071289,9.028778076171875],[124.67626190185547,9.028778076171875],[124.68251037597656,9.09306526184082],[124.54899597167969,9.221640586853027]]],[[[123.73902893066406,9.157352447509766],[123.58047485351562,9.028778076171875],[123.44056701660156,9.09306526184082],[123.53874969482422,9.350214958190918],[123.68489074707031,9.350214958190918],[123.74530029296875,9.221640586853027],[123.73902893066406,9.157352447509766]]],[[[125.96966552734375,9.543078422546387],[125.8301010131836,9.607365608215332],[125.91650390625,9.735940933227539],[125.90982818603516,9.671652793884277],[125.96966552734375,9.543078422546387]]],[[[126.1492691040039,9.86451530456543],[126.14250183105469,9.800228118896484],[126.05599975585938,9.671652793884277],[125.91650390625,9.735940933227539],[125.94357299804688,9.993090629577637],[126.09666442871094,10.057377815246582],[126.1492691040039,9.86451530456543]]],[[[123.7369384765625,9.86451530456543],[123.98318481445312,10.121665954589844],[124.05630493164062,10.121665954589844],[124.50186157226562,10.185953140258789],[124.62086486816406,9.928803443908691],[124.5942153930664,9.671652793884277],[123.7772216796875,9.543078422546387],[123.7369384765625,9.86451530456543]]],[[[122.32845306396484,9.671652793884277],[122.36124420166016,9.993090629577637],[122.81331634521484,10.121665954589844],[122.78832244873047,10.571678161621094],[122.89701080322266,10.893115997314453],[123.057861328125,11.021690368652344],[123.56278228759766,10.957403182983398],[123.51274108886719,10.507390975952148],[123.35253143310547,10.378815650939941],[123.1455307006836,9.800228118896484],[123.31321716308594,9.285927772521973],[123.30692291259766,9.221640586853027],[123.21521759033203,9.028778076171875],[122.84996032714844,9.028778076171875],[122.86854553222656,9.221640586853027],[122.58883666992188,9.350214958190918],[122.32845306396484,9.671652793884277]]],[[[125.49812316894531,9.928803443908691],[125.473388671875,10.378815650939941],[125.69986724853516,10.443102836608887],[125.71066284179688,9.86451530456543],[125.57122802734375,9.928803443908691],[125.49812316894531,9.928803443908691]]],[[[123.99688720703125,10.250240325927734],[123.85063171386719,10.250240325927734],[123.60409545898438,9.993090629577637],[123.47845458984375,9.478790283203125],[123.25921630859375,9.478790283203125],[123.27210998535156,9.607365608215332],[123.27861022949219,9.671652793884277],[123.4118881225586,10.250240325927734],[123.65902709960938,10.507390975952148],[123.88501739501953,11.214552879333496],[124.1120834350586,11.278841018676758],[123.99688720703125,10.250240325927734]]],[[[123.67292785644531,11.278841018676758],[123.8193130493164,11.278841018676758],[123.78961181640625,11.021690368652344],[123.5700912475586,11.021690368652344],[123.66545104980469,11.214552879333496],[123.67292785644531,11.278841018676758]]],[[[121.8726806640625,10.893115997314453],[121.94584655761719,10.893115997314453],[122.03459930419922,11.664566040039062],[121.82258605957031,11.728853225708008],[121.9268798828125,11.986002922058105],[122.41613006591797,11.793140411376953],[122.53948974609375,11.6002779006958],[123.11756134033203,11.535990715026855],[123.13835906982422,11.085978507995605],[122.83833312988281,11.021690368652344],[122.74349975585938,10.828827857971191],[122.73635864257812,10.764540672302246],[122.78832244873047,10.571678161621094],[122.62120819091797,10.378815650939941],[122.47493743896484,10.378815650939941],[122.50274658203125,10.635965347290039],[121.89673614501953,10.443102836608887],[121.8726806640625,10.893115997314453]]],[[[125.26813507080078,10.507390975952148],[125.24000549316406,10.250240325927734],[125.0206298828125,10.250240325927734],[125.06626892089844,9.993090629577637],[124.92005157470703,9.993090629577637],[124.72122192382812,10.185953140258789],[124.76324462890625,10.571678161621094],[124.65301513671875,10.893115997314453],[124.42623901367188,10.828827857971191],[124.25096130371094,11.214552879333496],[124.3698959350586,11.6002779006958],[124.31226348876953,11.728853225708008],[124.60516357421875,11.728853225708008],[124.5740966796875,11.47170352935791],[124.42002868652344,11.407415390014648],[124.70521545410156,11.343128204345703],[124.9712905883789,11.728853225708008],[124.82483673095703,11.728853225708008],[124.6369400024414,11.986002922058105],[124.36007690429688,12.114578247070312],[124.27135467529297,12.564591407775879],[125.36222839355469,12.500303268432617],[125.33709716796875,12.307440757751465],[125.5486068725586,12.24315357208252],[125.47598266601562,11.664566040039062],[125.6491470336914,11.278841018676758],[125.64154815673828,11.214552879333496],[125.78035736083984,11.15026569366455],[125.7653579711914,11.021690368652344],[125.18739318847656,11.085978507995605],[125.05603790283203,11.214552879333496],[125.02620697021484,10.957403182983398],[125.26813507080078,10.507390975952148]]],[[[123.60340118408203,12.500303268432617],[123.62014770507812,12.628878593444824],[123.83161926269531,12.564591407775879],[123.72517395019531,12.307440757751465],[124.06705474853516,12.114578247070312],[124.09258270263672,11.728853225708008],[123.74214172363281,11.857428550720215],[123.75004577636719,11.92171573638916],[123.55427551269531,12.114578247070312],[123.17204284667969,11.986002922058105],[123.18038177490234,12.628878593444824],[123.45683288574219,12.500303268432617],[123.60340118408203,12.500303268432617]]],[[[122.71574401855469,12.436016082763672],[122.70755004882812,12.37172794342041],[122.69129943847656,12.24315357208252],[122.54476928710938,12.24315357208252],[122.4144515991211,12.37172794342041],[122.51241302490234,12.564591407775879],[122.71574401855469,12.436016082763672]]],[[[122.14596557617188,12.564591407775879],[121.99114227294922,12.500303268432617],[122.01599884033203,12.69316577911377],[122.23590087890625,12.69316577911377],[122.21925354003906,12.564591407775879],[122.14596557617188,12.564591407775879]]],[[[144.84144592285156,13.336042404174805],[144.6108856201172,13.271754264831543],[144.6532440185547,13.528904914855957],[144.8949432373047,13.657480239868164],[144.96832275390625,13.657480239868164],[144.84144592285156,13.336042404174805]]],[[[124.42155456542969,13.657480239868164],[124.24726867675781,13.464617729187012],[124.10964965820312,13.528904914855957],[124.12057495117188,14.107494354248047],[124.4685287475586,13.97891902923584],[124.43084716796875,13.721768379211426],[124.42155456542969,13.657480239868164]]],[[[179.0586395263672,51.580322265625],[179.31309509277344,51.580322265625],[179.1449432373047,51.37968063354492],[178.97555541992188,51.37968063354492],[179.05950927734375,51.44654083251953],[178.80531311035156,51.44654083251953],[178.88941955566406,51.51342010498047],[178.63455200195312,51.580322265625],[179.14337158203125,51.64724349975586],[179.0586395263672,51.580322265625]]],[[[179.56924438476562,51.84812545776367],[179.40011596679688,51.91512680053711],[179.5726318359375,52.0491943359375],[179.82798767089844,52.0491943359375],[179.65521240234375,51.91512680053711],[179.56924438476562,51.84812545776367]]],[[[177.5294189453125,51.91512680053711],[177.1051025390625,51.78114318847656],[177.35955810546875,52.0491943359375],[177.7006072998047,52.11625671386719],[177.61459350585938,51.98215103149414],[177.5294189453125,51.91512680053711]]],[[[173.52218627929688,52.51908493041992],[173.77877807617188,52.4518928527832],[173.4387969970703,52.31757736206055],[173.5232696533203,52.38472366333008],[173.35260009765625,52.38472366333008],[173.437255859375,52.4518928527832],[173.52218627929688,52.51908493041992]]],[[[172.8373565673828,52.78806686401367],[172.7517547607422,52.78806686401367],[172.58055114746094,52.78806686401367],[172.75204467773438,52.92268753051758],[172.58065795898438,52.92268753051758],[172.92547607421875,53.124786376953125],[173.35264587402344,52.99003219604492],[172.8373565673828,52.78806686401367]]]]}}]}
